node_id,node_type,bipartite,label,coverage_status,author_channel_id,author_name,author_handle,comments_total,distinct_videos,distinct_channels,likes_total,replies_total,video_id,title,channel_id,channel_name,category,source_group,view_count,comments_observed,unique_authors
author::UC-HeUTT6_g-VoiWds2a4H-w,author,0,/@JorgeMunoz-gd9et,participación_observada,UC-HeUTT6_g-VoiWds2a4H-w,@JorgeMunoz-gd9et,/@JorgeMunoz-gd9et,1.0,1.0,1.0,0.0,0.0,,,,,,,,,
author::UC-Iul5tDYH_oiAMXQH-KaaQ,author,0,/@AlbertoMancilla-p9h,participación_observada,UC-Iul5tDYH_oiAMXQH-KaaQ,@AlbertoMancilla-p9h,/@AlbertoMancilla-p9h,1.0,1.0,1.0,1.0,0.0,,,,,,,,,
author::UC-QOpE7GOxlXcHZ8b7HbQKA,author,0,/@mariaalexander427,participación_observada,UC-QOpE7GOxlXcHZ8b7HbQKA,@mariaalexander427,/@mariaalexander427,2.0,1.0,1.0,0.0,0.0,,,,,,,,,
author::UC-fiZBS5Gp1eCJd9ucgWnCg,author,0,/@Tommii.10,participación_observada,UC-fiZBS5Gp1eCJd9ucgWnCg,@Tommii.10,/@Tommii.10,1.0,1.0,1.0,6.0,0.0,,,,,,,,,
author::UC-hfX8J5JPJ-dfuakzegMLA,author,0,/@normaleticiaorozcojuarez2418,participación_observada,UC-hfX8J5JPJ-dfuakzegMLA,@normaleticiaorozcojuarez2418,/@normaleticiaorozcojuarez2418,1.0,1.0,1.0,6.0,0.0,,,,,,,,,
author::UC-jS_kA9w-OmpupXDx156Rg,author,0,/@simoncreyesc7579,participación_observada,UC-jS_kA9w-OmpupXDx156Rg,@simoncreyesc7579,/@simoncreyesc7579,1.0,1.0,1.0,2.0,0.0,,,,,,,,,
author::UC-pNP6RMFuLg_-x7Ah_0kEA,author,0,/@almacatalan2717,participación_observada,UC-pNP6RMFuLg_-x7Ah_0kEA,@almacatalan2717,/@almacatalan2717,1.0,1.0,1.0,5.0,0.0,,,,,,,,,
author::UC094EFEmMSdwVa8NQjjYBXg,author,0,/@CelestinoQuej-j7k,participación_observada,UC094EFEmMSdwVa8NQjjYBXg,@CelestinoQuej-j7k,/@CelestinoQuej-j7k,1.0,1.0,1.0,0.0,0.0,,,,,,,,,
author::UC0HvfEWozTHbwl_iEmJNvVA,author,0,/@OttoPalencia-b7r,participación_observada,UC0HvfEWozTHbwl_iEmJNvVA,@OttoPalencia-b7r,/@OttoPalencia-b7r,1.0,1.0,1.0,3.0,0.0,,,,,,,,,
author::UC0RpuMwkDKJYqgKHtsJRuWQ,author,0,/@sabinamarinaguerra3248,participación_observada,UC0RpuMwkDKJYqgKHtsJRuWQ,@sabinamarinaguerra3248,/@sabinamarinaguerra3248,1.0,1.0,1.0,113.0,1.0,,,,,,,,,
author::UC0aEyakBPqcBkVJiErfSupQ,author,0,/@jhonymanuel9891,participación_observada,UC0aEyakBPqcBkVJiErfSupQ,@jhonymanuel9891,/@jhonymanuel9891,1.0,1.0,1.0,70.0,0.0,,,,,,,,,
author::UC14qlobYKqD-DO0j6b75lcA,author,0,/@megavision4488,participación_observada,UC14qlobYKqD-DO0j6b75lcA,@megavision4488,/@megavision4488,1.0,1.0,1.0,0.0,0.0,,,,,,,,,
author::UC1DpqK6vaPEkBOMNvypsKYg,author,0,/@HectorCarranza-u4j4o,participación_observada,UC1DpqK6vaPEkBOMNvypsKYg,@HectorCarranza-u4j4o,/@HectorCarranza-u4j4o,1.0,1.0,1.0,0.0,0.0,,,,,,,,,
author::UC1NiEdJ7gk6FlDexIalWnGg,author,0,/@BorisTebal%C3%A1n,participación_observada,UC1NiEdJ7gk6FlDexIalWnGg,@BorisTebalán,/@BorisTebal%C3%A1n,1.0,1.0,1.0,0.0,0.0,,,,,,,,,
author::UC1WlJfQmaIskYhP4gmWoamw,author,0,/@marthareiss5434,participación_observada,UC1WlJfQmaIskYhP4gmWoamw,@marthareiss5434,/@marthareiss5434,1.0,1.0,1.0,2.0,1.0,,,,,,,,,
author::UC1Y7x3h0c95Z8kUhi-Tzaeg,author,0,/@rosadiaz9235,participación_observada,UC1Y7x3h0c95Z8kUhi-Tzaeg,@rosadiaz9235,/@rosadiaz9235,1.0,1.0,1.0,0.0,0.0,,,,,,,,,
author::UC1vr9aaMI2crB0NvwFHUeoQ,author,0,/@JoseSimilox-p6e,participación_observada,UC1vr9aaMI2crB0NvwFHUeoQ,@JoseSimilox-p6e,/@JoseSimilox-p6e,1.0,1.0,1.0,0.0,0.0,,,,,,,,,
author::UC2Y_EHWQKevubk4vOEBBFxw,author,0,/@alfonsomorales2653,participación_observada,UC2Y_EHWQKevubk4vOEBBFxw,@alfonsomorales2653,/@alfonsomorales2653,1.0,1.0,1.0,1.0,0.0,,,,,,,,,
author::UC2ngpd8UBQu4gcUYy0goAtg,author,0,/@juliohernandez7438,participación_observada,UC2ngpd8UBQu4gcUYy0goAtg,@juliohernandez7438,/@juliohernandez7438,1.0,1.0,1.0,0.0,0.0,,,,,,,,,
author::UC2weSE8rpqkGMOp6StYtVfg,author,0,/@katerynsantiago2907,participación_observada,UC2weSE8rpqkGMOp6StYtVfg,@katerynsantiago2907,/@katerynsantiago2907,1.0,1.0,1.0,1.0,0.0,,,,,,,,,
author::UC32oozucwCF3q8d4m8fyOUg,author,0,/@RauldejesusOlivagonzalez,participación_observada,UC32oozucwCF3q8d4m8fyOUg,@RauldejesusOlivagonzalez,/@RauldejesusOlivagonzalez,1.0,1.0,1.0,0.0,0.0,,,,,,,,,
author::UC3E9mAgP7VoAE5mZoAexl5g,author,0,/@EnnioAroche,participación_observada,UC3E9mAgP7VoAE5mZoAexl5g,@EnnioAroche,/@EnnioAroche,1.0,1.0,1.0,0.0,0.0,,,,,,,,,
author::UC3MYTqpQqlWBuCB7Th0e0PA,author,0,/@isaaclopez7220,participación_observada,UC3MYTqpQqlWBuCB7Th0e0PA,@isaaclopez7220,/@isaaclopez7220,1.0,1.0,1.0,4.0,0.0,,,,,,,,,
author::UC3NMzdMYryaw82kPTnsaljg,author,0,/@marisosa7832,participación_observada,UC3NMzdMYryaw82kPTnsaljg,@marisosa7832,/@marisosa7832,1.0,1.0,1.0,0.0,0.0,,,,,,,,,
author::UC3UVO7pTbeYvZ3ILEyRDskQ,author,0,/@rosaelenaargueta79,participación_observada,UC3UVO7pTbeYvZ3ILEyRDskQ,@rosaelenaargueta79,/@rosaelenaargueta79,1.0,1.0,1.0,1.0,0.0,,,,,,,,,
author::UC3XTwHxygNCgjndsg-UiCQA,author,0,/@marioajset4283,participación_observada,UC3XTwHxygNCgjndsg-UiCQA,@marioajset4283,/@marioajset4283,3.0,1.0,1.0,2.0,0.0,,,,,,,,,
author::UC3YpzAr7pcdKC7BVFEpYzog,author,0,/@carmenfigueroa1232,participación_observada,UC3YpzAr7pcdKC7BVFEpYzog,@carmenfigueroa1232,/@carmenfigueroa1232,1.0,1.0,1.0,4.0,1.0,,,,,,,,,
author::UC3iIU62XKUOWuqL8BqBzj9A,author,0,/@antonioduarte2288,participación_observada,UC3iIU62XKUOWuqL8BqBzj9A,@antonioduarte2288,/@antonioduarte2288,1.0,1.0,1.0,0.0,0.0,,,,,,,,,
author::UC3qn1yJA5PeW9rkGPatQxiw,author,0,/@VICTOREST19,participación_observada,UC3qn1yJA5PeW9rkGPatQxiw,@VICTOREST19,/@VICTOREST19,1.0,1.0,1.0,7.0,0.0,,,,,,,,,
author::UC4Avya4kmR4Q0FrfFdBozSQ,author,0,/@davidlima1348,participación_observada,UC4Avya4kmR4Q0FrfFdBozSQ,@davidlima1348,/@davidlima1348,1.0,1.0,1.0,11.0,0.0,,,,,,,,,
author::UC4cXueR2bKGFJV0Fk76gwmA,author,0,/@aluxdel4792,participación_observada,UC4cXueR2bKGFJV0Fk76gwmA,@aluxdel4792,/@aluxdel4792,1.0,1.0,1.0,0.0,0.0,,,,,,,,,
author::UC4kg7zuTfqQKLd2bkZrSYBA,author,0,/@zoilagarcia9019,participación_observada,UC4kg7zuTfqQKLd2bkZrSYBA,@zoilagarcia9019,/@zoilagarcia9019,1.0,1.0,1.0,0.0,0.0,,,,,,,,,
author::UC4wq3DcbfaG6dtCqn8Oyu3w,author,0,/@hugoasencio7764,participación_observada,UC4wq3DcbfaG6dtCqn8Oyu3w,@hugoasencio7764,/@hugoasencio7764,1.0,1.0,1.0,1.0,0.0,,,,,,,,,
author::UC5H8ASmMC9WrURmzeB4ySog,author,0,/@ManuelEdran,participación_observada,UC5H8ASmMC9WrURmzeB4ySog,@ManuelEdran,/@ManuelEdran,5.0,1.0,1.0,6.0,0.0,,,,,,,,,
author::UC5PrBbmUlQolwqmiru7yZhw,author,0,/@lazarochavez8269,participación_observada,UC5PrBbmUlQolwqmiru7yZhw,@lazarochavez8269,/@lazarochavez8269,1.0,1.0,1.0,0.0,1.0,,,,,,,,,
author::UC5PyGvSfFM--OVKmQ3COu6g,author,0,/@FreddyGmez,participación_observada,UC5PyGvSfFM--OVKmQ3COu6g,@FreddyGmez,/@FreddyGmez,1.0,1.0,1.0,3.0,0.0,,,,,,,,,
author::UC5bG9nc_JV3FsNP2KseQiYw,author,0,/@giovannirodas4836,participación_observada,UC5bG9nc_JV3FsNP2KseQiYw,@giovannirodas4836,/@giovannirodas4836,1.0,1.0,1.0,2.0,0.0,,,,,,,,,
author::UC5fvhAfm89JH8eDFdvc0xYw,author,0,/@isaidiaz2388,participación_observada,UC5fvhAfm89JH8eDFdvc0xYw,@isaidiaz2388,/@isaidiaz2388,1.0,1.0,1.0,0.0,0.0,,,,,,,,,
author::UC5hvEnRUzI4Kfvwnyi4QxqQ,author,0,/@leonelsantizo5281,participación_observada,UC5hvEnRUzI4Kfvwnyi4QxqQ,@leonelsantizo5281,/@leonelsantizo5281,1.0,1.0,1.0,2.0,0.0,,,,,,,,,
author::UC5wuDq3U3vRAhOQI3D7gNdw,author,0,/@allanreneramirezgonzalez534,participación_observada,UC5wuDq3U3vRAhOQI3D7gNdw,@allanreneramirezgonzalez534,/@allanreneramirezgonzalez534,1.0,1.0,1.0,2.0,1.0,,,,,,,,,
author::UC63tFvbQ_hJhGDi2nbjssjw,author,0,/@AbigailRodas-w2r,participación_observada,UC63tFvbQ_hJhGDi2nbjssjw,@AbigailRodas-w2r,/@AbigailRodas-w2r,1.0,1.0,1.0,2.0,0.0,,,,,,,,,
author::UC650pRT-OYzny3GwOH8Cgfw,author,0,/@edvinparedesherrera7632,participación_observada,UC650pRT-OYzny3GwOH8Cgfw,@edvinparedesherrera7632,/@edvinparedesherrera7632,1.0,1.0,1.0,1.0,0.0,,,,,,,,,
author::UC6PvO1_k5lHKGdAPo5_C6TA,author,0,/@johnmejia992,participación_observada,UC6PvO1_k5lHKGdAPo5_C6TA,@johnmejia992,/@johnmejia992,1.0,1.0,1.0,1.0,0.0,,,,,,,,,
author::UC6Uj1FT5JjDSF8vudvDxPAA,author,0,/@alfredoortega9264,participación_observada,UC6Uj1FT5JjDSF8vudvDxPAA,@alfredoortega9264,/@alfredoortega9264,1.0,1.0,1.0,1.0,0.0,,,,,,,,,
author::UC6YSZqL0vEcI-niPKIMUGfw,author,0,/@maxwellsales885,participación_observada,UC6YSZqL0vEcI-niPKIMUGfw,@maxwellsales885,/@maxwellsales885,1.0,1.0,1.0,2.0,0.0,,,,,,,,,
author::UC6xI_MOaxajIWpoP8BH6E_Q,author,0,/@jahirdiaz5862,participación_observada,UC6xI_MOaxajIWpoP8BH6E_Q,@jahirdiaz5862,/@jahirdiaz5862,1.0,1.0,1.0,0.0,0.0,,,,,,,,,
author::UC72gBAtyb_VXQlYDcFrh6oQ,author,0,/@osmanmorales3012,participación_observada,UC72gBAtyb_VXQlYDcFrh6oQ,@osmanmorales3012,/@osmanmorales3012,3.0,1.0,1.0,19.0,0.0,,,,,,,,,
author::UC7IMsCxfZyWN7YQo8-JYa6Q,author,0,/@Burgos68,participación_observada,UC7IMsCxfZyWN7YQo8-JYa6Q,@Burgos68,/@Burgos68,2.0,1.0,1.0,1.0,0.0,,,,,,,,,
author::UC7VUuJr9cGh845CmTvf7TlQ,author,0,/@LuisCastillo-oz4df,participación_observada,UC7VUuJr9cGh845CmTvf7TlQ,@LuisCastillo-oz4df,/@LuisCastillo-oz4df,1.0,1.0,1.0,1.0,0.0,,,,,,,,,
author::UC7dadZG7kkGYnsNu6td0FbA,author,0,/@lesolorzano,participación_observada,UC7dadZG7kkGYnsNu6td0FbA,@lesolorzano,/@lesolorzano,1.0,1.0,1.0,18.0,0.0,,,,,,,,,
author::UC816IGbFCZinfYS1LRDaaHg,author,0,/@ingenieroar,participación_observada,UC816IGbFCZinfYS1LRDaaHg,@ingenieroar,/@ingenieroar,1.0,1.0,1.0,1.0,0.0,,,,,,,,,
author::UC8F2V63KZ4ZEay6opX2hAQw,author,0,/@carmenr6311,participación_observada,UC8F2V63KZ4ZEay6opX2hAQw,@carmenr6311,/@carmenr6311,1.0,1.0,1.0,0.0,0.0,,,,,,,,,
author::UC8G5cJONY8L9voMyBW8Eoug,author,0,/@luisparedes-pw6qt,participación_observada,UC8G5cJONY8L9voMyBW8Eoug,@luisparedes-pw6qt,/@luisparedes-pw6qt,1.0,1.0,1.0,0.0,0.0,,,,,,,,,
author::UC8r11yOugM2NuRfitQOxLLg,author,0,/@cesaraugustomoralesmonroy6907,participación_observada,UC8r11yOugM2NuRfitQOxLLg,@cesaraugustomoralesmonroy6907,/@cesaraugustomoralesmonroy6907,1.0,1.0,1.0,1.0,0.0,,,,,,,,,
author::UC8xlJWNHz1V_W6q3fbuQH8g,author,0,/@NormaL%C3%B3pez-v7e,participación_observada,UC8xlJWNHz1V_W6q3fbuQH8g,@NormaLópez-v7e,/@NormaL%C3%B3pez-v7e,1.0,1.0,1.0,1.0,0.0,,,,,,,,,
author::UC95PSMouTx2N5CbSq0hIyrQ,author,0,/@lisss1908,participación_observada,UC95PSMouTx2N5CbSq0hIyrQ,@lisss1908,/@lisss1908,1.0,1.0,1.0,0.0,0.0,,,,,,,,,
author::UC9Wp6vL5oCU37qC3Aj94WZA,author,0,/@ManuelSanchez-b8q2z,participación_observada,UC9Wp6vL5oCU37qC3Aj94WZA,@ManuelSanchez-b8q2z,/@ManuelSanchez-b8q2z,1.0,1.0,1.0,0.0,0.0,,,,,,,,,
author::UC9vMq1YF-e7C-VO0SHkbUTA,author,0,/@ErvinLeonardoCarreraLat%C3%ADn,participación_observada,UC9vMq1YF-e7C-VO0SHkbUTA,@ErvinLeonardoCarreraLatín,/@ErvinLeonardoCarreraLat%C3%ADn,4.0,1.0,1.0,0.0,0.0,,,,,,,,,
author::UC9xr9QvIcDvoZNUX5f-jaZw,author,0,/@MariaaliciaColonmorales,participación_observada,UC9xr9QvIcDvoZNUX5f-jaZw,@MariaaliciaColonmorales,/@MariaaliciaColonmorales,1.0,1.0,1.0,0.0,0.0,,,,,,,,,
author::UCA93ym2TXs_Ibyxb4Vcn-6Q,author,0,/@oswaldosolis8728,participación_observada,UCA93ym2TXs_Ibyxb4Vcn-6Q,@oswaldosolis8728,/@oswaldosolis8728,1.0,1.0,1.0,0.0,0.0,,,,,,,,,
author::UCAKuKvcbfnBD3kF5njNu-IA,author,0,/@melvinlopez7096,participación_observada,UCAKuKvcbfnBD3kF5njNu-IA,@melvinlopez7096,/@melvinlopez7096,1.0,1.0,1.0,0.0,0.0,,,,,,,,,
author::UCAV7QIjYhbDJaycQycM_0eQ,author,0,/@mariavail8998,participación_observada,UCAV7QIjYhbDJaycQycM_0eQ,@mariavail8998,/@mariavail8998,1.0,1.0,1.0,3.0,0.0,,,,,,,,,
author::UCAlzM_N6xBlMYmM8EBzX86Q,author,0,/@carlossoto3252,participación_observada,UCAlzM_N6xBlMYmM8EBzX86Q,@carlossoto3252,/@carlossoto3252,1.0,1.0,1.0,3.0,0.0,,,,,,,,,
author::UCAmtbUiIrUIhikru0ZoTFig,author,0,/@Aura-vf6dm,participación_observada,UCAmtbUiIrUIhikru0ZoTFig,@Aura-vf6dm,/@Aura-vf6dm,1.0,1.0,1.0,7.0,0.0,,,,,,,,,
author::UCAxvOOHQk7dYPOajzFEVtbA,author,0,/@ruddydepaz322,participación_observada,UCAxvOOHQk7dYPOajzFEVtbA,@ruddydepaz322,/@ruddydepaz322,2.0,1.0,1.0,0.0,0.0,,,,,,,,,
author::UCB5p8a5gklc80jJItP6xTHg,author,0,/@ernestogamboa8737,participación_observada,UCB5p8a5gklc80jJItP6xTHg,@ernestogamboa8737,/@ernestogamboa8737,1.0,1.0,1.0,6.0,0.0,,,,,,,,,
author::UCBlm80VQ4YoV3bUJR_XhkaQ,author,0,/@rosadiaz6945,participación_observada,UCBlm80VQ4YoV3bUJR_XhkaQ,@rosadiaz6945,/@rosadiaz6945,2.0,1.0,1.0,0.0,3.0,,,,,,,,,
author::UCBtB5dIyx-C16UN8ClUD2UA,author,0,/@alexmonzon4257,participación_observada,UCBtB5dIyx-C16UN8ClUD2UA,@alexmonzon4257,/@alexmonzon4257,1.0,1.0,1.0,0.0,0.0,,,,,,,,,
author::UCCBYcToQ2dwkd6TJh0FSyDg,author,0,/@lidiarodriguez3493,participación_observada,UCCBYcToQ2dwkd6TJh0FSyDg,@lidiarodriguez3493,/@lidiarodriguez3493,1.0,1.0,1.0,0.0,0.0,,,,,,,,,
author::UCCUmP4PlbwgikVFpYwbtRTg,author,0,/@alhvi,participación_observada,UCCUmP4PlbwgikVFpYwbtRTg,@alhvi,/@alhvi,1.0,1.0,1.0,3.0,0.0,,,,,,,,,
author::UCCaYwkkbQGcvFoUmothVdQQ,author,0,/@OsvaldoAguirre-l3i,participación_observada,UCCaYwkkbQGcvFoUmothVdQQ,@OsvaldoAguirre-l3i,/@OsvaldoAguirre-l3i,1.0,1.0,1.0,0.0,0.0,,,,,,,,,
author::UCDIMztpVm7G27qBuiWuT6oQ,author,0,/@lizardomorataya8274,participación_observada,UCDIMztpVm7G27qBuiWuT6oQ,@lizardomorataya8274,/@lizardomorataya8274,1.0,1.0,1.0,0.0,0.0,,,,,,,,,
author::UCDPWkUX3sNNaCx-m1dV4glA,author,0,/@hectoroliva949,participación_observada,UCDPWkUX3sNNaCx-m1dV4glA,@hectoroliva949,/@hectoroliva949,1.0,1.0,1.0,0.0,0.0,,,,,,,,,
author::UCDQaQv0hr2SS_PO-CMEwVHg,author,0,/@federicosaquimux1933,participación_observada,UCDQaQv0hr2SS_PO-CMEwVHg,@federicosaquimux1933,/@federicosaquimux1933,1.0,1.0,1.0,1.0,0.0,,,,,,,,,
author::UCDUffaruH6dyUnUGwsTKpgg,author,0,/@luisletona2842,participación_observada,UCDUffaruH6dyUnUGwsTKpgg,@luisletona2842,/@luisletona2842,1.0,1.0,1.0,2.0,0.0,,,,,,,,,
author::UCDftMWXQoJ6nONfY7GVOVjg,author,0,/@luisgpacheco5858,participación_observada,UCDftMWXQoJ6nONfY7GVOVjg,@luisgpacheco5858,/@luisgpacheco5858,1.0,1.0,1.0,0.0,0.0,,,,,,,,,
author::UCDlr1VadSucIZgZ171pRBjQ,author,0,/@cuabatzjj5924,participación_observada,UCDlr1VadSucIZgZ171pRBjQ,@cuabatzjj5924,/@cuabatzjj5924,1.0,1.0,1.0,0.0,0.0,,,,,,,,,
author::UCDrmf9y9nLgFY5wnA2hTuGA,author,0,/@laboratorio5528,participación_observada,UCDrmf9y9nLgFY5wnA2hTuGA,@laboratorio5528,/@laboratorio5528,1.0,1.0,1.0,1.0,0.0,,,,,,,,,
author::UCEHXl4VvvVpq-_4xC5tsbhg,author,0,/@anibalg47,participación_observada,UCEHXl4VvvVpq-_4xC5tsbhg,@anibalg47,/@anibalg47,1.0,1.0,1.0,7.0,0.0,,,,,,,,,
author::UCEgEQmRbtL5fwr9_DqAC--g,author,0,/@ArielRodas-g5y,participación_observada,UCEgEQmRbtL5fwr9_DqAC--g,@ArielRodas-g5y,/@ArielRodas-g5y,1.0,1.0,1.0,2.0,0.0,,,,,,,,,
author::UCErZPJpHmLCsXs8ZWkAUupQ,author,0,/@dorisl.garciaroche7763,participación_observada,UCErZPJpHmLCsXs8ZWkAUupQ,@dorisl.garciaroche7763,/@dorisl.garciaroche7763,1.0,1.0,1.0,2.0,1.0,,,,,,,,,
author::UCFFrEmn6lPYiWyElpfzTy5Q,author,0,/@denilsonlopez4083,participación_observada,UCFFrEmn6lPYiWyElpfzTy5Q,@denilsonlopez4083,/@denilsonlopez4083,1.0,1.0,1.0,0.0,0.0,,,,,,,,,
author::UCFOxCyF926Y9eHhMeVoWLzw,author,0,/@arielsarc09,participación_observada,UCFOxCyF926Y9eHhMeVoWLzw,@arielsarc09,/@arielsarc09,1.0,1.0,1.0,3.0,0.0,,,,,,,,,
author::UCFUuDARXdmmIrLppEqf-rFg,author,0,/@allanmunoz7410,participación_observada,UCFUuDARXdmmIrLppEqf-rFg,@allanmunoz7410,/@allanmunoz7410,1.0,1.0,1.0,0.0,0.0,,,,,,,,,
author::UCFhxtoeARHPnXXPcDrOU3Xg,author,0,/@diegoalejandrolopezmendez205,participación_observada,UCFhxtoeARHPnXXPcDrOU3Xg,@diegoalejandrolopezmendez205,/@diegoalejandrolopezmendez205,1.0,1.0,1.0,2.0,0.0,,,,,,,,,
author::UCFjudnPLoaSL1BaRuLahyHg,author,0,/@HaroldoCastillo-rh9iw,participación_observada,UCFjudnPLoaSL1BaRuLahyHg,@HaroldoCastillo-rh9iw,/@HaroldoCastillo-rh9iw,3.0,1.0,1.0,3.0,0.0,,,,,,,,,
author::UCFoIAE8k82D6AV-8gjjKaNg,author,0,/@eddymunoz9789,participación_observada,UCFoIAE8k82D6AV-8gjjKaNg,@eddymunoz9789,/@eddymunoz9789,1.0,1.0,1.0,1.0,1.0,,,,,,,,,
author::UCFxE8GbokBrBsPEKM1xrOjQ,author,0,/@JuanDavila-qd7qj,participación_observada,UCFxE8GbokBrBsPEKM1xrOjQ,@JuanDavila-qd7qj,/@JuanDavila-qd7qj,1.0,1.0,1.0,10.0,0.0,,,,,,,,,
author::UCFybmWapGvBKcQod7cPPH9w,author,0,/@vitalianochavez8382,participación_observada,UCFybmWapGvBKcQod7cPPH9w,@vitalianochavez8382,/@vitalianochavez8382,1.0,1.0,1.0,1.0,0.0,,,,,,,,,
author::UCGGHbtfbbe0o68etrOf0qxw,author,0,/@karensussetteleonvargas9794,participación_observada,UCGGHbtfbbe0o68etrOf0qxw,@karensussetteleonvargas9794,/@karensussetteleonvargas9794,1.0,1.0,1.0,0.0,0.0,,,,,,,,,
author::UCGX_UbAQOXGZknv5iqklwTA,author,0,/@ronaldgarcia8522,participación_observada,UCGX_UbAQOXGZknv5iqklwTA,@ronaldgarcia8522,/@ronaldgarcia8522,1.0,1.0,1.0,1.0,0.0,,,,,,,,,
author::UCGZMgmM92E3njyXNe9-kjAQ,author,0,/@pasionpornada,participación_observada,UCGZMgmM92E3njyXNe9-kjAQ,@pasionpornada,/@pasionpornada,1.0,1.0,1.0,2.0,1.0,,,,,,,,,
author::UCGj2v6Gl5bN8NSrzJMXS-CA,author,0,/@juliogutierrez492,participación_observada,UCGj2v6Gl5bN8NSrzJMXS-CA,@juliogutierrez492,/@juliogutierrez492,1.0,1.0,1.0,0.0,0.0,,,,,,,,,
author::UCGm3gRBEHGRJYmtCryZLtDw,author,0,/@Jos%C3%A9Lopez-g6k,participación_observada,UCGm3gRBEHGRJYmtCryZLtDw,@JoséLopez-g6k,/@Jos%C3%A9Lopez-g6k,1.0,1.0,1.0,0.0,0.0,,,,,,,,,
author::UCGqKxQS-z3NZzZF-2w338AA,author,0,/@samuelaguilar529,participación_observada,UCGqKxQS-z3NZzZF-2w338AA,@samuelaguilar529,/@samuelaguilar529,1.0,1.0,1.0,211.0,3.0,,,,,,,,,
author::UCGzXwyCzMzGmjmCbH3Hg01Q,author,0,/@FidelZacarias-ph7dy,participación_observada,UCGzXwyCzMzGmjmCbH3Hg01Q,@FidelZacarias-ph7dy,/@FidelZacarias-ph7dy,1.0,1.0,1.0,2.0,0.0,,,,,,,,,
author::UCHGd14aYuZZShLD73dkk6mg,author,0,/@noemiherrera3152,participación_observada,UCHGd14aYuZZShLD73dkk6mg,@noemiherrera3152,/@noemiherrera3152,1.0,1.0,1.0,0.0,0.0,,,,,,,,,
author::UCHMQ_lDhibZ-XZ_3fo6oxwg,author,0,/@crislexrubi4387,participación_observada,UCHMQ_lDhibZ-XZ_3fo6oxwg,@crislexrubi4387,/@crislexrubi4387,1.0,1.0,1.0,16.0,0.0,,,,,,,,,
author::UCHTGCgY2l-DQJIvlA_cpa_Q,author,0,/@virgiliogarcia3039,participación_observada,UCHTGCgY2l-DQJIvlA_cpa_Q,@virgiliogarcia3039,/@virgiliogarcia3039,3.0,2.0,2.0,14.0,0.0,,,,,,,,,
author::UCHbwIx9pmQuf7i-4_xO2EpA,author,0,/@caminoseternos752,participación_observada,UCHbwIx9pmQuf7i-4_xO2EpA,@caminoseternos752,/@caminoseternos752,1.0,1.0,1.0,0.0,0.0,,,,,,,,,
author::UCHhHUjaMAZ8SiXdCUCj9DkQ,author,0,/@fredymendez1786,participación_observada,UCHhHUjaMAZ8SiXdCUCj9DkQ,@fredymendez1786,/@fredymendez1786,2.0,1.0,1.0,3.0,0.0,,,,,,,,,
author::UCHu8x4MVkayU6VgwVKd--MQ,author,0,/@Hernandez-i1o,participación_observada,UCHu8x4MVkayU6VgwVKd--MQ,@Hernandez-i1o,/@Hernandez-i1o,1.0,1.0,1.0,1.0,0.0,,,,,,,,,
author::UCIUhbSCy3-SGRe5UtqM4fzQ,author,0,/@jeanmorales1677,participación_observada,UCIUhbSCy3-SGRe5UtqM4fzQ,@jeanmorales1677,/@jeanmorales1677,1.0,1.0,1.0,1.0,0.0,,,,,,,,,
author::UCIXLDYqR_syskKRJy_x9W9Q,author,0,/@carlitosramirez4739,participación_observada,UCIXLDYqR_syskKRJy_x9W9Q,@carlitosramirez4739,/@carlitosramirez4739,1.0,1.0,1.0,0.0,0.0,,,,,,,,,
author::UCIgoiXdIKJyUGmUoH2Lxdzg,author,0,/@susievidal4134,participación_observada,UCIgoiXdIKJyUGmUoH2Lxdzg,@susievidal4134,/@susievidal4134,1.0,1.0,1.0,3.0,0.0,,,,,,,,,
author::UCIp19h9igblA2YKfSLPDAug,author,0,/@JoseReyes-rn6sh,participación_observada,UCIp19h9igblA2YKfSLPDAug,@JoseReyes-rn6sh,/@JoseReyes-rn6sh,1.0,1.0,1.0,14.0,1.0,,,,,,,,,
author::UCJp3OrVYcBorC94sKwdch_A,author,0,/@ULJoshmg2011,participación_observada,UCJp3OrVYcBorC94sKwdch_A,@ULJoshmg2011,/@ULJoshmg2011,1.0,1.0,1.0,0.0,0.0,,,,,,,,,
author::UCJxJC56BSAX-ArD0NAb9qnQ,author,0,/@alfonsowilian9157,participación_observada,UCJxJC56BSAX-ArD0NAb9qnQ,@alfonsowilian9157,/@alfonsowilian9157,1.0,1.0,1.0,0.0,0.0,,,,,,,,,
author::UCKDR0f2fu2UzWL8mBv5-BHw,author,0,/@mireyamorales6595,participación_observada,UCKDR0f2fu2UzWL8mBv5-BHw,@mireyamorales6595,/@mireyamorales6595,1.0,1.0,1.0,0.0,0.0,,,,,,,,,
author::UCKVzDUqbtdSMBcexaEtMmzQ,author,0,/@rotorairgroup8409,participación_observada,UCKVzDUqbtdSMBcexaEtMmzQ,@rotorairgroup8409,/@rotorairgroup8409,1.0,1.0,1.0,0.0,0.0,,,,,,,,,
author::UCL13XhnRzbGokEkCkEOb0-g,author,0,/@raquelprado3643,participación_observada,UCL13XhnRzbGokEkCkEOb0-g,@raquelprado3643,/@raquelprado3643,2.0,1.0,1.0,8.0,0.0,,,,,,,,,
author::UCL1MT278vSaQ83ZDkVWn1gw,author,0,/@elmorodriguez6978,participación_observada,UCL1MT278vSaQ83ZDkVWn1gw,@elmorodriguez6978,/@elmorodriguez6978,1.0,1.0,1.0,20.0,0.0,,,,,,,,,
author::UCLFdHr9BEbXHkoJopbEPLZw,author,0,/@kanterra4584,participación_observada,UCLFdHr9BEbXHkoJopbEPLZw,@kanterra4584,/@kanterra4584,2.0,1.0,1.0,24.0,0.0,,,,,,,,,
author::UCLXYp1Cvc5DLtq5UQL5D9vw,author,0,/@jorgecifuentes-m5g,participación_observada,UCLXYp1Cvc5DLtq5UQL5D9vw,@jorgecifuentes-m5g,/@jorgecifuentes-m5g,1.0,1.0,1.0,3.0,1.0,,,,,,,,,
author::UCLggDc_a5HriXv7I1h02sOA,author,0,/@guillermogonzalez5153,participación_observada,UCLggDc_a5HriXv7I1h02sOA,@guillermogonzalez5153,/@guillermogonzalez5153,2.0,1.0,1.0,7.0,0.0,,,,,,,,,
author::UCLh1Kde4_vI1sTZBkTNP7RQ,author,0,/@JoelReynoso-d4r,participación_observada,UCLh1Kde4_vI1sTZBkTNP7RQ,@JoelReynoso-d4r,/@JoelReynoso-d4r,1.0,1.0,1.0,0.0,0.0,,,,,,,,,
author::UCN2N_wYOw6fMwCeSzdXLPIw,author,0,/@danielantoniogonzalezflore4901,participación_observada,UCN2N_wYOw6fMwCeSzdXLPIw,@danielantoniogonzalezflore4901,/@danielantoniogonzalezflore4901,1.0,1.0,1.0,0.0,0.0,,,,,,,,,
author::UCN6qbfPSzFtjhqUDZ3Cv3CQ,author,0,/@carlosmedranovelasquez6380,participación_observada,UCN6qbfPSzFtjhqUDZ3Cv3CQ,@carlosmedranovelasquez6380,/@carlosmedranovelasquez6380,1.0,1.0,1.0,2.0,0.0,,,,,,,,,
author::UCNBnKqWf4d-rS4HwJRQljmQ,author,0,/@LE_A22,participación_observada,UCNBnKqWf4d-rS4HwJRQljmQ,@LE_A22,/@LE_A22,2.0,1.0,1.0,1.0,0.0,,,,,,,,,
author::UCNIeXbV_mEwpa412h1aqUWw,author,0,/@juandeleon9060,participación_observada,UCNIeXbV_mEwpa412h1aqUWw,@juandeleon9060,/@juandeleon9060,3.0,1.0,1.0,3.0,1.0,,,,,,,,,
author::UCNiMNUJvaRJb0_QLClqwVnA,author,0,/@Santiago.Nolasco,participación_observada,UCNiMNUJvaRJb0_QLClqwVnA,@Santiago.Nolasco,/@Santiago.Nolasco,1.0,1.0,1.0,2.0,0.0,,,,,,,,,
author::UCNkcuy42zEwddwEcOd_HpnA,author,0,/@vanigomez492,participación_observada,UCNkcuy42zEwddwEcOd_HpnA,@vanigomez492,/@vanigomez492,1.0,1.0,1.0,3.0,0.0,,,,,,,,,
author::UCNpt5CQlTzNjlAKY6CJtClQ,author,0,/@eustaquiogomez9975,participación_observada,UCNpt5CQlTzNjlAKY6CJtClQ,@eustaquiogomez9975,/@eustaquiogomez9975,1.0,1.0,1.0,0.0,0.0,,,,,,,,,
author::UCO0zwwLWGyDgQmWPJ5Qrr1w,author,0,/@elsalvador3605,participación_observada,UCO0zwwLWGyDgQmWPJ5Qrr1w,@elsalvador3605,/@elsalvador3605,1.0,1.0,1.0,3.0,0.0,,,,,,,,,
author::UCOARn3hnfkB7-_Rwa8Hoqcw,author,0,/@nicelol5241,participación_observada,UCOARn3hnfkB7-_Rwa8Hoqcw,@nicelol5241,/@nicelol5241,1.0,1.0,1.0,0.0,0.0,,,,,,,,,
author::UCOLGv5Pf6BF2wFcwUzgcvHg,author,0,/@welfrealdana5559,participación_observada,UCOLGv5Pf6BF2wFcwUzgcvHg,@welfrealdana5559,/@welfrealdana5559,2.0,1.0,1.0,4.0,0.0,,,,,,,,,
author::UCOLHH4ZpMxPYF-Q6e6wvn5A,author,0,/@luisroldan7374,participación_observada,UCOLHH4ZpMxPYF-Q6e6wvn5A,@luisroldan7374,/@luisroldan7374,1.0,1.0,1.0,2.0,1.0,,,,,,,,,
author::UCOS8ViEkccrTZx2w2ccxotA,author,0,/@OscarHernandez-q8y,participación_observada,UCOS8ViEkccrTZx2w2ccxotA,@OscarHernandez-q8y,/@OscarHernandez-q8y,1.0,1.0,1.0,4.0,0.0,,,,,,,,,
author::UCOY3XpD9qMCRSA8AA8c4CAw,author,0,/@franciscorodas9686,participación_observada,UCOY3XpD9qMCRSA8AA8c4CAw,@franciscorodas9686,/@franciscorodas9686,1.0,1.0,1.0,1.0,0.0,,,,,,,,,
author::UCOcUI5XkTYNMSFhZNMIPpGg,author,0,/@hendersonlopez3864,participación_observada,UCOcUI5XkTYNMSFhZNMIPpGg,@hendersonlopez3864,/@hendersonlopez3864,1.0,1.0,1.0,3.0,0.0,,,,,,,,,
author::UCOh6DaZC_x9HASnlRylEMfw,author,0,/@AndresMedina-v1s,participación_observada,UCOh6DaZC_x9HASnlRylEMfw,@AndresMedina-v1s,/@AndresMedina-v1s,1.0,1.0,1.0,0.0,0.0,,,,,,,,,
author::UCPLW0HE3siElqCgXfgWxMqg,author,0,/@elizabethmonterroso7719,participación_observada,UCPLW0HE3siElqCgXfgWxMqg,@elizabethmonterroso7719,/@elizabethmonterroso7719,1.0,1.0,1.0,0.0,0.0,,,,,,,,,
author::UCPNXmbOBVeC4HS-xemvcPtQ,author,0,/@BelkisRodriguezRamirez,participación_observada,UCPNXmbOBVeC4HS-xemvcPtQ,@BelkisRodriguezRamirez,/@BelkisRodriguezRamirez,1.0,1.0,1.0,2.0,3.0,,,,,,,,,
author::UCPZueDLrCS4BmTBRMA4q0fA,author,0,/@kevinochoa3695,participación_observada,UCPZueDLrCS4BmTBRMA4q0fA,@kevinochoa3695,/@kevinochoa3695,1.0,1.0,1.0,1.0,1.0,,,,,,,,,
author::UCQIdKuZ-OzuFqy0KjGrgesg,author,0,/@lyacausa,participación_observada,UCQIdKuZ-OzuFqy0KjGrgesg,@lyacausa,/@lyacausa,1.0,1.0,1.0,1.0,0.0,,,,,,,,,
author::UCQM2tCKRRytVDRxNUfCDqQQ,author,0,/@elioelias7267,participación_observada,UCQM2tCKRRytVDRxNUfCDqQQ,@elioelias7267,/@elioelias7267,1.0,1.0,1.0,0.0,0.0,,,,,,,,,
author::UCQMMuADgqWUOcJpLwHOzC-g,author,0,/@Ripped-Yoda,participación_observada,UCQMMuADgqWUOcJpLwHOzC-g,@Ripped-Yoda,/@Ripped-Yoda,1.0,1.0,1.0,0.0,0.0,,,,,,,,,
author::UCQ_-LPP8JAbfkc-b1Q6NvWw,author,0,/@MegaKristenstewart,participación_observada,UCQ_-LPP8JAbfkc-b1Q6NvWw,@MegaKristenstewart,/@MegaKristenstewart,2.0,1.0,1.0,31.0,0.0,,,,,,,,,
author::UCQgYjVngJRfPHDLGB5X6ZjA,author,0,/@oscarnavas9996,participación_observada,UCQgYjVngJRfPHDLGB5X6ZjA,@oscarnavas9996,/@oscarnavas9996,1.0,1.0,1.0,0.0,0.0,,,,,,,,,
author::UCQqetiwzzmRNTM5OWuXarGQ,author,0,/@isaiaslopezvelasquez1539,participación_observada,UCQqetiwzzmRNTM5OWuXarGQ,@isaiaslopezvelasquez1539,/@isaiaslopezvelasquez1539,1.0,1.0,1.0,1.0,0.0,,,,,,,,,
author::UCQqlPPUGqAfWjd-FSh_qn7Q,author,0,/@estuardoargueta137,participación_observada,UCQqlPPUGqAfWjd-FSh_qn7Q,@estuardoargueta137,/@estuardoargueta137,1.0,1.0,1.0,0.0,0.0,,,,,,,,,
author::UCQtICyzWmhC5woCtbNgaSmg,author,0,/@nestormendez6216,participación_observada,UCQtICyzWmhC5woCtbNgaSmg,@nestormendez6216,/@nestormendez6216,2.0,1.0,1.0,5.0,0.0,,,,,,,,,
author::UCQtSFINs1h6GHkpg9o5kMvg,author,0,/@MacarioMartinezruiz,participación_observada,UCQtSFINs1h6GHkpg9o5kMvg,@MacarioMartinezruiz,/@MacarioMartinezruiz,1.0,1.0,1.0,12.0,0.0,,,,,,,,,
author::UCQyOePccUP-fIJYzchAgZYw,author,0,/@aguilar4254,participación_observada,UCQyOePccUP-fIJYzchAgZYw,@aguilar4254,/@aguilar4254,1.0,1.0,1.0,0.0,0.0,,,,,,,,,
author::UCRAquv8el-tQ30bN7MlmySQ,author,0,/@iamjimalesssa,participación_observada,UCRAquv8el-tQ30bN7MlmySQ,@iamjimalesssa,/@iamjimalesssa,1.0,1.0,1.0,4.0,0.0,,,,,,,,,
author::UCRETAiYdh2dL5ZxB0_N1zDA,author,0,/@Joseroland21,participación_observada,UCRETAiYdh2dL5ZxB0_N1zDA,@Joseroland21,/@Joseroland21,1.0,1.0,1.0,0.0,0.0,,,,,,,,,
author::UCRcSR3Lvn9DZAmJpVPANfZQ,author,0,/@WalksandSuch,participación_observada,UCRcSR3Lvn9DZAmJpVPANfZQ,@WalksandSuch,/@WalksandSuch,1.0,1.0,1.0,68.0,0.0,,,,,,,,,
author::UCRelkU8JiZBytTzebJxaa-w,author,0,/@danyraymundo2942,participación_observada,UCRelkU8JiZBytTzebJxaa-w,@danyraymundo2942,/@danyraymundo2942,1.0,1.0,1.0,3.0,0.0,,,,,,,,,
author::UCRfkkatKrNtAARnXMMYBGlA,author,0,/@BernerSoza-mg3vx,participación_observada,UCRfkkatKrNtAARnXMMYBGlA,@BernerSoza-mg3vx,/@BernerSoza-mg3vx,1.0,1.0,1.0,0.0,0.0,,,,,,,,,
author::UCRlCV9zSn7avAWh-9_XFWqQ,author,0,/@ronyarana8849,participación_observada,UCRlCV9zSn7avAWh-9_XFWqQ,@ronyarana8849,/@ronyarana8849,1.0,1.0,1.0,1.0,0.0,,,,,,,,,
author::UCRvPToDkkumha7WJAfCDk1A,author,0,/@ligiaguerra3057,participación_observada,UCRvPToDkkumha7WJAfCDk1A,@ligiaguerra3057,/@ligiaguerra3057,1.0,1.0,1.0,0.0,0.0,,,,,,,,,
author::UCRznz9-N3Qc1w-qNdLSIY2Q,author,0,/@jimmygomez724,participación_observada,UCRznz9-N3Qc1w-qNdLSIY2Q,@jimmygomez724,/@jimmygomez724,1.0,1.0,1.0,14.0,0.0,,,,,,,,,
author::UCSTAUWVc1_82DHYeqOsqEFA,author,0,/@TheAlexX_C,participación_observada,UCSTAUWVc1_82DHYeqOsqEFA,@TheAlexX_C,/@TheAlexX_C,1.0,1.0,1.0,191.0,2.0,,,,,,,,,
author::UCSou6a2OuYGSvPjm5psquyA,author,0,/@FranciscoRivera-sf7ne,participación_observada,UCSou6a2OuYGSvPjm5psquyA,@FranciscoRivera-sf7ne,/@FranciscoRivera-sf7ne,1.0,1.0,1.0,0.0,0.0,,,,,,,,,
author::UCTD6q1nyIe3Y7HhqjaMj72w,author,0,/@JuanChang-r6k,participación_observada,UCTD6q1nyIe3Y7HhqjaMj72w,@JuanChang-r6k,/@JuanChang-r6k,1.0,1.0,1.0,8.0,0.0,,,,,,,,,
author::UCTP3O0rMnc8z8v8jaDQwL0w,author,0,/@RobertoZelaya-x1v,participación_observada,UCTP3O0rMnc8z8v8jaDQwL0w,@RobertoZelaya-x1v,/@RobertoZelaya-x1v,1.0,1.0,1.0,1.0,0.0,,,,,,,,,
author::UCTTILH6QCIxbTnEWxwRqs1g,author,0,/@3762Jorge,participación_observada,UCTTILH6QCIxbTnEWxwRqs1g,@3762Jorge,/@3762Jorge,1.0,1.0,1.0,0.0,0.0,,,,,,,,,
author::UCThW2XNsAaBKme5PUt7n-Zg,author,0,/@thelmamoran8565,participación_observada,UCThW2XNsAaBKme5PUt7n-Zg,@thelmamoran8565,/@thelmamoran8565,1.0,1.0,1.0,0.0,0.0,,,,,,,,,
author::UCTwSut16JyAg3mX6LVUNGqA,author,0,/@SuperVictor2005,participación_observada,UCTwSut16JyAg3mX6LVUNGqA,@SuperVictor2005,/@SuperVictor2005,1.0,1.0,1.0,0.0,0.0,,,,,,,,,
author::UCTylKrsqkrBKIqubMu_5N0Q,author,0,/@edwingeovanymarroquinmarro6684,participación_observada,UCTylKrsqkrBKIqubMu_5N0Q,@edwingeovanymarroquinmarro6684,/@edwingeovanymarroquinmarro6684,1.0,1.0,1.0,1.0,0.0,,,,,,,,,
author::UCUIIIPTVDVHAXqhC_5V6lPA,author,0,/@gorrarota,participación_observada,UCUIIIPTVDVHAXqhC_5V6lPA,@gorrarota,/@gorrarota,1.0,1.0,1.0,0.0,0.0,,,,,,,,,
author::UCUoYsrx1oZnCZ0usbBJn4fA,author,0,/@AnaDiaz-re9sq,participación_observada,UCUoYsrx1oZnCZ0usbBJn4fA,@AnaDiaz-re9sq,/@AnaDiaz-re9sq,1.0,1.0,1.0,1.0,0.0,,,,,,,,,
author::UCV0iizTBoOfdAFX_thfI9BA,author,0,/@BenjaminLarios-jd8nk,participación_observada,UCV0iizTBoOfdAFX_thfI9BA,@BenjaminLarios-jd8nk,/@BenjaminLarios-jd8nk,1.0,1.0,1.0,0.0,0.0,,,,,,,,,
author::UCV0lM03g5fg5pbPj97-sAtA,author,0,/@genarodelgado3929,participación_observada,UCV0lM03g5fg5pbPj97-sAtA,@genarodelgado3929,/@genarodelgado3929,1.0,1.0,1.0,1.0,0.0,,,,,,,,,
author::UCV3fr-YOixFKCZBbJP1-X4w,author,0,/@albertoshernandez5251,participación_observada,UCV3fr-YOixFKCZBbJP1-X4w,@albertoshernandez5251,/@albertoshernandez5251,5.0,1.0,1.0,17.0,0.0,,,,,,,,,
author::UCVC2QugcI1G4RvlCiUqd1aQ,author,0,/@rwdm76,participación_observada,UCVC2QugcI1G4RvlCiUqd1aQ,@rwdm76,/@rwdm76,2.0,1.0,1.0,0.0,0.0,,,,,,,,,
author::UCVQf0tzL7xRzFJsABVVULpg,author,0,/@DennisseLopetegi,participación_observada,UCVQf0tzL7xRzFJsABVVULpg,@DennisseLopetegi,/@DennisseLopetegi,1.0,1.0,1.0,0.0,0.0,,,,,,,,,
author::UCVdjCrh4tQoX3haNAZv-n5A,author,0,/@aurahernandez5646,participación_observada,UCVdjCrh4tQoX3haNAZv-n5A,@aurahernandez5646,/@aurahernandez5646,1.0,1.0,1.0,3.0,1.0,,,,,,,,,
author::UCVhif9eV0f8plICen2DnpKA,author,0,/@blogarteplus,participación_observada,UCVhif9eV0f8plICen2DnpKA,@blogarteplus,/@blogarteplus,1.0,1.0,1.0,0.0,0.0,,,,,,,,,
author::UCW-JC6lebVmf2P1dmY_L94g,author,0,/@dinoraoroxon5771,participación_observada,UCW-JC6lebVmf2P1dmY_L94g,@dinoraoroxon5771,/@dinoraoroxon5771,1.0,1.0,1.0,0.0,0.0,,,,,,,,,
author::UCW80DaMjQlEUibC98Cot-Dg,author,0,/@rogeraldana4289,participación_observada,UCW80DaMjQlEUibC98Cot-Dg,@rogeraldana4289,/@rogeraldana4289,1.0,1.0,1.0,0.0,0.0,,,,,,,,,
author::UCWIZUtKJ636y-4TYrNvok0g,author,0,/@cesarandreas7824,participación_observada,UCWIZUtKJ636y-4TYrNvok0g,@cesarandreas7824,/@cesarandreas7824,1.0,1.0,1.0,5.0,0.0,,,,,,,,,
author::UCWWkebAekppaL5b5CNlppuw,author,0,/@ninettmartinez425,participación_observada,UCWWkebAekppaL5b5CNlppuw,@ninettmartinez425,/@ninettmartinez425,1.0,1.0,1.0,3.0,0.0,,,,,,,,,
author::UCWaRixDdpgllTBf4V0jPnKQ,author,0,/@hectormaaz5523,participación_observada,UCWaRixDdpgllTBf4V0jPnKQ,@hectormaaz5523,/@hectormaaz5523,2.0,1.0,1.0,0.0,0.0,,,,,,,,,
author::UCWoAVGVqCn4xtINCMOTM4jg,author,0,/@OmarMartinez-vv8re,participación_observada,UCWoAVGVqCn4xtINCMOTM4jg,@OmarMartinez-vv8re,/@OmarMartinez-vv8re,1.0,1.0,1.0,0.0,0.0,,,,,,,,,
author::UCWvntqPQx99k_Z_skWKqNSA,author,0,/@AntonioChiyal-x5s,participación_observada,UCWvntqPQx99k_Z_skWKqNSA,@AntonioChiyal-x5s,/@AntonioChiyal-x5s,1.0,1.0,1.0,2.0,1.0,,,,,,,,,
author::UCXN2s7DwTJm33xO-pNkAdaA,author,0,/@edithsan7688,participación_observada,UCXN2s7DwTJm33xO-pNkAdaA,@edithsan7688,/@edithsan7688,1.0,1.0,1.0,0.0,0.0,,,,,,,,,
author::UCXO1BBohNWXkK9SBDAG2ySg,author,0,/@JBFlute92,participación_observada,UCXO1BBohNWXkK9SBDAG2ySg,@JBFlute92,/@JBFlute92,1.0,1.0,1.0,0.0,0.0,,,,,,,,,
author::UCXSkL3ejZ8qWYyF_M7s_QKA,author,0,/@JacintaTzoy,participación_observada,UCXSkL3ejZ8qWYyF_M7s_QKA,@JacintaTzoy,/@JacintaTzoy,1.0,1.0,1.0,0.0,0.0,,,,,,,,,
author::UCXVLc8CmAO813ubM-fLvCDw,author,0,/@herminiasaquimux7565,participación_observada,UCXVLc8CmAO813ubM-fLvCDw,@herminiasaquimux7565,/@herminiasaquimux7565,1.0,1.0,1.0,7.0,0.0,,,,,,,,,
author::UCXXh7yg5KUFIWylTiKVEFKQ,author,0,/@MrDuenderojo,participación_observada,UCXXh7yg5KUFIWylTiKVEFKQ,@MrDuenderojo,/@MrDuenderojo,2.0,1.0,1.0,2.0,0.0,,,,,,,,,
author::UCXgr7vXlRrsaskPdo097kGA,author,0,/@Rogergh-nw4oj,participación_observada,UCXgr7vXlRrsaskPdo097kGA,@Rogergh-nw4oj,/@Rogergh-nw4oj,1.0,1.0,1.0,0.0,0.0,,,,,,,,,
author::UCXl30Y_upRqbti52fmjK4YA,author,0,/@capitanfrans,participación_observada,UCXl30Y_upRqbti52fmjK4YA,@capitanfrans,/@capitanfrans,1.0,1.0,1.0,0.0,0.0,,,,,,,,,
author::UCXmrpc6Li0spcKxtS0Q_ptg,author,0,/@melvinperez6710,participación_observada,UCXmrpc6Li0spcKxtS0Q_ptg,@melvinperez6710,/@melvinperez6710,1.0,1.0,1.0,10.0,0.0,,,,,,,,,
author::UCXr8_5WtGeipe4haOoQDgyQ,author,0,/@amyherrera7352,participación_observada,UCXr8_5WtGeipe4haOoQDgyQ,@amyherrera7352,/@amyherrera7352,1.0,1.0,1.0,0.0,0.0,,,,,,,,,
author::UCY7Hq7F9Lnucf-Yr6JkHZNw,author,0,/@maynorcalel1442,participación_observada,UCY7Hq7F9Lnucf-Yr6JkHZNw,@maynorcalel1442,/@maynorcalel1442,1.0,1.0,1.0,79.0,0.0,,,,,,,,,
author::UCYN4wSQ1Sx4_LurxLlW7MPg,author,0,/@belarminavillatoro6474,participación_observada,UCYN4wSQ1Sx4_LurxLlW7MPg,@belarminavillatoro6474,/@belarminavillatoro6474,1.0,1.0,1.0,0.0,0.0,,,,,,,,,
author::UCYwpX26TrCxq8TvbKGRYLXA,author,0,/@beneficioelcaminovillacana8540,participación_observada,UCYwpX26TrCxq8TvbKGRYLXA,@beneficioelcaminovillacana8540,/@beneficioelcaminovillacana8540,1.0,1.0,1.0,3.0,0.0,,,,,,,,,
author::UCZ51R_9Q9C0c8I3pAWhtmjQ,author,0,/@belvettzapeta1251,participación_observada,UCZ51R_9Q9C0c8I3pAWhtmjQ,@belvettzapeta1251,/@belvettzapeta1251,1.0,1.0,1.0,8.0,0.0,,,,,,,,,
author::UCZFQwqh90apuL8eFhvRBkUg,author,0,/@luisricardo9671,participación_observada,UCZFQwqh90apuL8eFhvRBkUg,@luisricardo9671,/@luisricardo9671,1.0,1.0,1.0,9.0,0.0,,,,,,,,,
author::UCZIQnb1fkwe39Iw2TAu-bGA,author,0,/@jorgegomez2237,participación_observada,UCZIQnb1fkwe39Iw2TAu-bGA,@jorgegomez2237,/@jorgegomez2237,1.0,1.0,1.0,1.0,0.0,,,,,,,,,
author::UCZLG9qH0tUjNhEGFIUt0CYw,author,0,/@SoniaMarroquin-y6e,participación_observada,UCZLG9qH0tUjNhEGFIUt0CYw,@SoniaMarroquin-y6e,/@SoniaMarroquin-y6e,1.0,1.0,1.0,1.0,0.0,,,,,,,,,
author::UCZOmq6MwFDVoCaEl99BRRaw,author,0,/@daniloarevalo3170,participación_observada,UCZOmq6MwFDVoCaEl99BRRaw,@daniloarevalo3170,/@daniloarevalo3170,1.0,1.0,1.0,0.0,0.0,,,,,,,,,
author::UCZeIIQrGAedW8tCbKWmGY-A,author,0,/@mariocordon8873,participación_observada,UCZeIIQrGAedW8tCbKWmGY-A,@mariocordon8873,/@mariocordon8873,1.0,1.0,1.0,9.0,0.0,,,,,,,,,
author::UCZjm6U576nX8WOiLhmMR3bw,author,0,/@MariaNavarroYT,participación_observada,UCZjm6U576nX8WOiLhmMR3bw,@MariaNavarroYT,/@MariaNavarroYT,1.0,1.0,1.0,3.0,1.0,,,,,,,,,
author::UC_3xuTXvMIWU5MYP9HkJ3vQ,author,0,/@Historia-wm4os,participación_observada,UC_3xuTXvMIWU5MYP9HkJ3vQ,@Historia-wm4os,/@Historia-wm4os,1.0,1.0,1.0,4.0,0.0,,,,,,,,,
author::UC_6KbBY1bsYXz9fwFS0eQRg,author,0,/@imrcp5694,participación_observada,UC_6KbBY1bsYXz9fwFS0eQRg,@imrcp5694,/@imrcp5694,1.0,1.0,1.0,0.0,0.0,,,,,,,,,
author::UC_LYoGs5C3mbZKZuKuqYCvw,author,0,/@javiercifuentesarchila6041,participación_observada,UC_LYoGs5C3mbZKZuKuqYCvw,@javiercifuentesarchila6041,/@javiercifuentesarchila6041,1.0,1.0,1.0,7.0,0.0,,,,,,,,,
author::UC_NRVt2UP88ZNTwzrZ66JSg,author,0,/@aditalissethevasquezrojas8039,participación_observada,UC_NRVt2UP88ZNTwzrZ66JSg,@aditalissethevasquezrojas8039,/@aditalissethevasquezrojas8039,1.0,1.0,1.0,2.0,0.0,,,,,,,,,
author::UC_ljZ1hZXR9pzexFz87P5ZA,author,0,/@ChRiStOpHeR7969,participación_observada,UC_ljZ1hZXR9pzexFz87P5ZA,@ChRiStOpHeR7969,/@ChRiStOpHeR7969,1.0,1.0,1.0,0.0,0.0,,,,,,,,,
author::UCa36MjQLoPAmgJo-R3G8WQA,author,0,/@elsasalguero6914,participación_observada,UCa36MjQLoPAmgJo-R3G8WQA,@elsasalguero6914,/@elsasalguero6914,1.0,1.0,1.0,3.0,0.0,,,,,,,,,
author::UCaKAjTW9MVub_clgr4DRYjQ,author,0,/@josecastillo4390,participación_observada,UCaKAjTW9MVub_clgr4DRYjQ,@josecastillo4390,/@josecastillo4390,1.0,1.0,1.0,6.0,0.0,,,,,,,,,
author::UCaT4saRcyqCLE657Rq2hhZQ,author,0,/@elmilenial4064,participación_observada,UCaT4saRcyqCLE657Rq2hhZQ,@elmilenial4064,/@elmilenial4064,1.0,1.0,1.0,0.0,0.0,,,,,,,,,
author::UCaT6M2zp7X6r6Whd8Vv3kHQ,author,0,/@alexarcos8349,participación_observada,UCaT6M2zp7X6r6Whd8Vv3kHQ,@alexarcos8349,/@alexarcos8349,1.0,1.0,1.0,1.0,0.0,,,,,,,,,
author::UCat2qkYvqmtDNEmo2PVuhXw,author,0,/@DoraSalas-j5o,participación_observada,UCat2qkYvqmtDNEmo2PVuhXw,@DoraSalas-j5o,/@DoraSalas-j5o,1.0,1.0,1.0,1.0,0.0,,,,,,,,,
author::UCbNanjFI51cwGqMAb2rOrBw,author,0,/@RosaMontesdeOca777,participación_observada,UCbNanjFI51cwGqMAb2rOrBw,@RosaMontesdeOca777,/@RosaMontesdeOca777,1.0,1.0,1.0,0.0,0.0,,,,,,,,,
author::UCbYoNG5J3Au5BqtbXogfEFw,author,0,/@Luis-gn3fj,participación_observada,UCbYoNG5J3Au5BqtbXogfEFw,@Luis-gn3fj,/@Luis-gn3fj,1.0,1.0,1.0,1.0,0.0,,,,,,,,,
author::UCbrtvygfRT6QXqWDNrOf-cA,author,0,/@Alejandro00710,participación_observada,UCbrtvygfRT6QXqWDNrOf-cA,@Alejandro00710,/@Alejandro00710,2.0,2.0,1.0,0.0,0.0,,,,,,,,,
author::UCcFIBN-rtC3d3hXeuN5TfWw,author,0,/@DenisRMC,participación_observada,UCcFIBN-rtC3d3hXeuN5TfWw,@DenisRMC,/@DenisRMC,1.0,1.0,1.0,0.0,0.0,,,,,,,,,
author::UCc_F88PzGWtA1OPNUEASulA,author,0,/@rockyscarlet,participación_observada,UCc_F88PzGWtA1OPNUEASulA,@rockyscarlet,/@rockyscarlet,1.0,1.0,1.0,0.0,0.0,,,,,,,,,
author::UCcfdg8crmMJwEuLUsAhV7yg,author,0,/@RolandoRaguay,participación_observada,UCcfdg8crmMJwEuLUsAhV7yg,@RolandoRaguay,/@RolandoRaguay,1.0,1.0,1.0,1.0,0.0,,,,,,,,,
author::UCdFlugHJJa4l3YqWuNRmvXw,author,0,/@MarcosCarillo-b1r,participación_observada,UCdFlugHJJa4l3YqWuNRmvXw,@MarcosCarillo-b1r,/@MarcosCarillo-b1r,2.0,2.0,2.0,0.0,1.0,,,,,,,,,
author::UCdQAuWwyC99MB7Y02Umj26Q,author,0,/@miguelbran1268,participación_observada,UCdQAuWwyC99MB7Y02Umj26Q,@miguelbran1268,/@miguelbran1268,1.0,1.0,1.0,0.0,0.0,,,,,,,,,
author::UCe8JZoYkX5oKUZyivHYdXhw,author,0,/@FernandoGarcia-jg1fj,participación_observada,UCe8JZoYkX5oKUZyivHYdXhw,@FernandoGarcia-jg1fj,/@FernandoGarcia-jg1fj,1.0,1.0,1.0,0.0,0.0,,,,,,,,,
author::UCeDNEtI8_a42bZ47wJiJMwQ,author,0,/@EdgarcalderonCalderong,participación_observada,UCeDNEtI8_a42bZ47wJiJMwQ,@EdgarcalderonCalderong,/@EdgarcalderonCalderong,1.0,1.0,1.0,0.0,0.0,,,,,,,,,
author::UCeQk-WfEA-cJRq4EKeE7TOw,author,0,/@franciscojuarez9223,participación_observada,UCeQk-WfEA-cJRq4EKeE7TOw,@franciscojuarez9223,/@franciscojuarez9223,1.0,1.0,1.0,0.0,0.0,,,,,,,,,
author::UCefAH1MbvADWUjE9WVcB9EQ,author,0,/@jabriz8152,participación_observada,UCefAH1MbvADWUjE9WVcB9EQ,@jabriz8152,/@jabriz8152,1.0,1.0,1.0,0.0,0.0,,,,,,,,,
author::UCf5lnNZF7Qrtli9v4N_23WQ,author,0,/@CarlosCortez-v5r,participación_observada,UCf5lnNZF7Qrtli9v4N_23WQ,@CarlosCortez-v5r,/@CarlosCortez-v5r,1.0,1.0,1.0,0.0,0.0,,,,,,,,,
author::UCfM3nrxtTQMY5jFx1v1J4Gg,author,0,/@edgarroldan5539,participación_observada,UCfM3nrxtTQMY5jFx1v1J4Gg,@edgarroldan5539,/@edgarroldan5539,1.0,1.0,1.0,0.0,0.0,,,,,,,,,
author::UCfRqgt2O-vjzUDMZY_tnxQw,author,0,/@Williams-Garcia67E,participación_observada,UCfRqgt2O-vjzUDMZY_tnxQw,@Williams-Garcia67E,/@Williams-Garcia67E,1.0,1.0,1.0,0.0,0.0,,,,,,,,,
author::UCfXykdbSU97rj987LDUGfvg,author,0,/@MariaSantos-c8y3h,participación_observada,UCfXykdbSU97rj987LDUGfvg,@MariaSantos-c8y3h,/@MariaSantos-c8y3h,1.0,1.0,1.0,1.0,0.0,,,,,,,,,
author::UCfjhejO7LZy4doXURa7LZCQ,author,0,/@HonwayLee-z5g,participación_observada,UCfjhejO7LZy4doXURa7LZCQ,@HonwayLee-z5g,/@HonwayLee-z5g,1.0,1.0,1.0,0.0,0.0,,,,,,,,,
author::UCfo_yUPzy1f1POwwZxhZ06Q,author,0,/@lara11roberto,participación_observada,UCfo_yUPzy1f1POwwZxhZ06Q,@lara11roberto,/@lara11roberto,1.0,1.0,1.0,1.0,0.0,,,,,,,,,
author::UCg3eIfd7BrsLEqS0BLkftHA,author,0,/@ErmeP%C3%A9rez-q4s,participación_observada,UCg3eIfd7BrsLEqS0BLkftHA,@ErmePérez-q4s,/@ErmeP%C3%A9rez-q4s,3.0,1.0,1.0,0.0,0.0,,,,,,,,,
author::UCgGqw4aqMdMVSGkKiMgrJRQ,author,0,/@pattyfigueroa5609,participación_observada,UCgGqw4aqMdMVSGkKiMgrJRQ,@pattyfigueroa5609,/@pattyfigueroa5609,1.0,1.0,1.0,0.0,0.0,,,,,,,,,
author::UCgJNFj5dnxXpcMvmuhZDPxA,author,0,/@NataliaRodriguez-rx5mr,participación_observada,UCgJNFj5dnxXpcMvmuhZDPxA,@NataliaRodriguez-rx5mr,/@NataliaRodriguez-rx5mr,1.0,1.0,1.0,1.0,0.0,,,,,,,,,
author::UCgLrWFdYitoP-b7-PxtUr-w,author,0,/@zetag,participación_observada,UCgLrWFdYitoP-b7-PxtUr-w,@zetag,/@zetag,1.0,1.0,1.0,405.0,3.0,,,,,,,,,
author::UCgLurCo-e019HGODcjXHWCw,author,0,/@perritojuega1,participación_observada,UCgLurCo-e019HGODcjXHWCw,@perritojuega1,/@perritojuega1,1.0,1.0,1.0,2.0,0.0,,,,,,,,,
author::UCgQJgI9vu1FI2dnC9mrFthw,author,0,/@srms70,participación_observada,UCgQJgI9vu1FI2dnC9mrFthw,@srms70,/@srms70,1.0,1.0,1.0,2.0,0.0,,,,,,,,,
author::UCgQw_Sbq3ugruDUKsq1e0-A,author,0,/@marlenareano-h4t,participación_observada,UCgQw_Sbq3ugruDUKsq1e0-A,@marlenareano-h4t,/@marlenareano-h4t,1.0,1.0,1.0,0.0,0.0,,,,,,,,,
author::UCgvw7xIdGFupzpt1Y_BFkEA,author,0,/@fredygarcia9151,participación_observada,UCgvw7xIdGFupzpt1Y_BFkEA,@fredygarcia9151,/@fredygarcia9151,1.0,1.0,1.0,1.0,0.0,,,,,,,,,
author::UCh5ESQvtzyHDhCA7XyekCFA,author,0,/@andyB5280,participación_observada,UCh5ESQvtzyHDhCA7XyekCFA,@andyB5280,/@andyB5280,3.0,1.0,1.0,4.0,0.0,,,,,,,,,
author::UChT7pzGytNd92Nmvi-zuWog,author,0,/@sparkvalkov,participación_observada,UChT7pzGytNd92Nmvi-zuWog,@sparkvalkov,/@sparkvalkov,1.0,1.0,1.0,1.0,0.0,,,,,,,,,
author::UChZknRmJkeGeQk0-mQuhDOg,author,0,/@OdilioRodr%C3%ADguez-c5w,participación_observada,UChZknRmJkeGeQk0-mQuhDOg,@OdilioRodríguez-c5w,/@OdilioRodr%C3%ADguez-c5w,1.0,1.0,1.0,1.0,0.0,,,,,,,,,
author::UCheEJ5GZuIvV0fj-nXyVwXw,author,0,/@rosaoliva9389,participación_observada,UCheEJ5GZuIvV0fj-nXyVwXw,@rosaoliva9389,/@rosaoliva9389,1.0,1.0,1.0,0.0,0.0,,,,,,,,,
author::UChep9kVb5gQmpodEEl10Xlg,author,0,/@carlosaguilar-kz7ml,participación_observada,UChep9kVb5gQmpodEEl10Xlg,@carlosaguilar-kz7ml,/@carlosaguilar-kz7ml,1.0,1.0,1.0,0.0,0.0,,,,,,,,,
author::UChgkn5Jt5tWKYMoEOuCjz3Q,author,0,/@pablochitay46,participación_observada,UChgkn5Jt5tWKYMoEOuCjz3Q,@pablochitay46,/@pablochitay46,1.0,1.0,1.0,2.0,0.0,,,,,,,,,
author::UChs3tU2BcKOT0CezykvAsGw,author,0,/@byronpontaza,participación_observada,UChs3tU2BcKOT0CezykvAsGw,@byronpontaza,/@byronpontaza,3.0,1.0,1.0,4.0,0.0,,,,,,,,,
author::UChyps3dqY-VY1_wLeq-2lhw,author,0,/@maydamorales4395,participación_observada,UChyps3dqY-VY1_wLeq-2lhw,@maydamorales4395,/@maydamorales4395,1.0,1.0,1.0,14.0,1.0,,,,,,,,,
author::UCi-vPdnpQreC7BkFs40mJGA,author,0,/@bryansicasales4280,participación_observada,UCi-vPdnpQreC7BkFs40mJGA,@bryansicasales4280,/@bryansicasales4280,1.0,1.0,1.0,35.0,0.0,,,,,,,,,
author::UCi1b_TRQfgO1Z9O2gNGGWNA,author,0,/@davidisraelesquitsaquil,participación_observada,UCi1b_TRQfgO1Z9O2gNGGWNA,@davidisraelesquitsaquil,/@davidisraelesquitsaquil,2.0,1.0,1.0,0.0,0.0,,,,,,,,,
author::UCi2KiZq63sRq8Mfbcp-MelQ,author,0,/@eugeneramirez4405,participación_observada,UCi2KiZq63sRq8Mfbcp-MelQ,@eugeneramirez4405,/@eugeneramirez4405,6.0,1.0,1.0,1.0,0.0,,,,,,,,,
author::UCiC-Jn7wdgyQV4_Urk0DkWQ,author,0,/@pedroros6358,participación_observada,UCiC-Jn7wdgyQV4_Urk0DkWQ,@pedroros6358,/@pedroros6358,1.0,1.0,1.0,1.0,0.0,,,,,,,,,
author::UCiGRBf2RNF0WRKhRVT7zFoA,author,0,/@edwinavila4876,participación_observada,UCiGRBf2RNF0WRKhRVT7zFoA,@edwinavila4876,/@edwinavila4876,1.0,1.0,1.0,0.0,0.0,,,,,,,,,
author::UCiMythXHsw7eQEMykCdmMUA,author,0,/@JavierBecerra-h6x,participación_observada,UCiMythXHsw7eQEMykCdmMUA,@JavierBecerra-h6x,/@JavierBecerra-h6x,1.0,1.0,1.0,2.0,0.0,,,,,,,,,
author::UCiOZX__1gahg1ypIj0_XG_w,author,0,/@mariogonzalezorellana8956,participación_observada,UCiOZX__1gahg1ypIj0_XG_w,@mariogonzalezorellana8956,/@mariogonzalezorellana8956,1.0,1.0,1.0,1.0,0.0,,,,,,,,,
author::UCipetjeiWj4CZB6EbyYziZg,author,0,/@OseasSamayoa-ol5rz,participación_observada,UCipetjeiWj4CZB6EbyYziZg,@OseasSamayoa-ol5rz,/@OseasSamayoa-ol5rz,1.0,1.0,1.0,0.0,0.0,,,,,,,,,
author::UCj-LL25XJnjxepPKCc3NGog,author,0,/@anaaguirre8985,participación_observada,UCj-LL25XJnjxepPKCc3NGog,@anaaguirre8985,/@anaaguirre8985,1.0,1.0,1.0,1.0,0.0,,,,,,,,,
author::UCjJf-AJKRFFWtiN-CSwkDmA,author,0,/@2jose82,participación_observada,UCjJf-AJKRFFWtiN-CSwkDmA,@2jose82,/@2jose82,1.0,1.0,1.0,0.0,0.0,,,,,,,,,
author::UCjSKM9j0Q7HLDr1hD6D-TUw,author,0,/@josehidalgo4875,participación_observada,UCjSKM9j0Q7HLDr1hD6D-TUw,@josehidalgo4875,/@josehidalgo4875,1.0,1.0,1.0,2.0,0.0,,,,,,,,,
author::UCjZgFEowMBrsjodqfovzdKw,author,0,/@franciscoflores3120,participación_observada,UCjZgFEowMBrsjodqfovzdKw,@franciscoflores3120,/@franciscoflores3120,2.0,2.0,2.0,0.0,0.0,,,,,,,,,
author::UCjmPuazZJzscrwvk0QR9RVw,author,0,/@mynorrodas8591,participación_observada,UCjmPuazZJzscrwvk0QR9RVw,@mynorrodas8591,/@mynorrodas8591,1.0,1.0,1.0,2.0,0.0,,,,,,,,,
author::UCk4O-J1BhoqPmig1KLGJePA,author,0,/@lazarobarillas3575,participación_observada,UCk4O-J1BhoqPmig1KLGJePA,@lazarobarillas3575,/@lazarobarillas3575,1.0,1.0,1.0,0.0,0.0,,,,,,,,,
author::UCkVtmkK07b2zaVVNssX4lOg,author,0,/@HectorElias-u2l,participación_observada,UCkVtmkK07b2zaVVNssX4lOg,@HectorElias-u2l,/@HectorElias-u2l,1.0,1.0,1.0,0.0,0.0,,,,,,,,,
author::UCkbsS_3D-pvg1iHOld9uvIg,author,0,/@gonzalo6075,participación_observada,UCkbsS_3D-pvg1iHOld9uvIg,@gonzalo6075,/@gonzalo6075,1.0,1.0,1.0,0.0,0.0,,,,,,,,,
author::UCkd9W714-947dEE6ZOEBATA,author,0,/@ARGELIATELON,participación_observada,UCkd9W714-947dEE6ZOEBATA,@ARGELIATELON,/@ARGELIATELON,2.0,1.0,1.0,3.0,0.0,,,,,,,,,
author::UCkxdJ_yGN2gghOMo2ybQtXQ,author,0,/@11223344An,participación_observada,UCkxdJ_yGN2gghOMo2ybQtXQ,@11223344An,/@11223344An,1.0,1.0,1.0,1.0,0.0,,,,,,,,,
author::UCl0ekS9Tt0jJGtOEM18S63w,author,0,/@monkchapin,participación_observada,UCl0ekS9Tt0jJGtOEM18S63w,@monkchapin,/@monkchapin,1.0,1.0,1.0,0.0,0.0,,,,,,,,,
author::UCld2stqxaVSk0QdGncM224A,author,0,/@sarahernandez3873,participación_observada,UCld2stqxaVSk0QdGncM224A,@sarahernandez3873,/@sarahernandez3873,1.0,1.0,1.0,4.0,0.0,,,,,,,,,
author::UClhMWQ7XKWywYvbRnuf8QsA,author,0,/@EcPerez-zz9oh,participación_observada,UClhMWQ7XKWywYvbRnuf8QsA,@EcPerez-zz9oh,/@EcPerez-zz9oh,1.0,1.0,1.0,0.0,0.0,,,,,,,,,
author::UCljDbleJul41G1TzOjOZAVA,author,0,/@hectorcarranza3777,participación_observada,UCljDbleJul41G1TzOjOZAVA,@hectorcarranza3777,/@hectorcarranza3777,1.0,1.0,1.0,1.0,0.0,,,,,,,,,
author::UClqA491Xa5fQcXcJJa-vTWw,author,0,/@AndresLemus-k2d,participación_observada,UClqA491Xa5fQcXcJJa-vTWw,@AndresLemus-k2d,/@AndresLemus-k2d,1.0,1.0,1.0,0.0,0.0,,,,,,,,,
author::UClsrFGJKWPxxw7MiaEdKLXw,author,0,/@ericapaz5406,participación_observada,UClsrFGJKWPxxw7MiaEdKLXw,@ericapaz5406,/@ericapaz5406,1.0,1.0,1.0,3.0,2.0,,,,,,,,,
author::UCmjppp6ujz3SAnULvP3sZMw,author,0,/@marcomendez7509,participación_observada,UCmjppp6ujz3SAnULvP3sZMw,@marcomendez7509,/@marcomendez7509,1.0,1.0,1.0,0.0,0.0,,,,,,,,,
author::UCmvOgzmmXbjUthHy-WJ52hQ,author,0,/@mariorodas593,participación_observada,UCmvOgzmmXbjUthHy-WJ52hQ,@mariorodas593,/@mariorodas593,1.0,1.0,1.0,1.0,0.0,,,,,,,,,
author::UCnU8wO1OurAmGstDw6VGjgQ,author,0,/@cmorera21,participación_observada,UCnU8wO1OurAmGstDw6VGjgQ,@cmorera21,/@cmorera21,1.0,1.0,1.0,0.0,0.0,,,,,,,,,
author::UCoGdCoJg2Lh0OX_jv6cG16g,author,0,/@Israel-u5i7i,participación_observada,UCoGdCoJg2Lh0OX_jv6cG16g,@Israel-u5i7i,/@Israel-u5i7i,2.0,1.0,1.0,2.0,0.0,,,,,,,,,
author::UColMq7LmaoY3MT6aIDGrGvA,author,0,/@quijotachapina1,participación_observada,UColMq7LmaoY3MT6aIDGrGvA,@quijotachapina1,/@quijotachapina1,1.0,1.0,1.0,0.0,0.0,,,,,,,,,
author::UCozFYHN0e_-vlQbX3wQGOug,author,0,/@jesusguzman2321,participación_observada,UCozFYHN0e_-vlQbX3wQGOug,@jesusguzman2321,/@jesusguzman2321,1.0,1.0,1.0,5.0,2.0,,,,,,,,,
author::UCp29O_C7cchZV8IxV7Crdag,author,0,/@robertoescobar5507,participación_observada,UCp29O_C7cchZV8IxV7Crdag,@robertoescobar5507,/@robertoescobar5507,2.0,1.0,1.0,0.0,0.0,,,,,,,,,
author::UCp4iw5_5SmV9VGTFSNVGOmQ,author,0,/@CARLOSSTREMS51,participación_observada,UCp4iw5_5SmV9VGTFSNVGOmQ,@CARLOSSTREMS51,/@CARLOSSTREMS51,1.0,1.0,1.0,0.0,0.0,,,,,,,,,
author::UCpIdtvoFHVLGASGB5ySqIEA,author,0,/@VidalVillatoro-p4w,participación_observada,UCpIdtvoFHVLGASGB5ySqIEA,@VidalVillatoro-p4w,/@VidalVillatoro-p4w,1.0,1.0,1.0,1.0,0.0,,,,,,,,,
author::UCp_dAUfv8i3LW3zWc24dLaQ,author,0,/@MarioCortez-o6v,participación_observada,UCp_dAUfv8i3LW3zWc24dLaQ,@MarioCortez-o6v,/@MarioCortez-o6v,1.0,1.0,1.0,1.0,0.0,,,,,,,,,
author::UCpe5jW3MIqkgTJ-PgkzvM6Q,author,0,/@carloslam5333,participación_observada,UCpe5jW3MIqkgTJ-PgkzvM6Q,@carloslam5333,/@carloslam5333,1.0,1.0,1.0,1.0,0.0,,,,,,,,,
author::UCpl8rF8uv_8uui-QRvuJaRA,author,0,/@SergioGarcia-z9c,participación_observada,UCpl8rF8uv_8uui-QRvuJaRA,@SergioGarcia-z9c,/@SergioGarcia-z9c,1.0,1.0,1.0,0.0,0.0,,,,,,,,,
author::UCplrIQtaPj6au60_f2-mOYw,author,0,/@romeolopezherrarte799,participación_observada,UCplrIQtaPj6au60_f2-mOYw,@romeolopezherrarte799,/@romeolopezherrarte799,1.0,1.0,1.0,0.0,0.0,,,,,,,,,
author::UCpsKOkt5iWTbenzeuq7dsmQ,author,0,/@inge_vergueta,participación_observada,UCpsKOkt5iWTbenzeuq7dsmQ,@inge_vergueta,/@inge_vergueta,3.0,3.0,1.0,4.0,0.0,,,,,,,,,
author::UCq3mDTTRZnUybct5M9OSXbg,author,0,/@MacoMorales-i2i2d,participación_observada,UCq3mDTTRZnUybct5M9OSXbg,@MacoMorales-i2i2d,/@MacoMorales-i2i2d,1.0,1.0,1.0,1.0,0.0,,,,,,,,,
author::UCqCrvuoJpC-aVb0f4logQRQ,author,0,/@Lyrics_GT,participación_observada,UCqCrvuoJpC-aVb0f4logQRQ,@Lyrics_GT,/@Lyrics_GT,1.0,1.0,1.0,0.0,0.0,,,,,,,,,
author::UCqilIa8r7iek5sGYg_q6ofA,author,0,/@rolandojuchuna484,participación_observada,UCqilIa8r7iek5sGYg_q6ofA,@rolandojuchuna484,/@rolandojuchuna484,1.0,1.0,1.0,52.0,1.0,,,,,,,,,
author::UCql1n3Ey6ULMSOACjMe-fxQ,author,0,/@RolandoGonzalez-o7g,participación_observada,UCql1n3Ey6ULMSOACjMe-fxQ,@RolandoGonzalez-o7g,/@RolandoGonzalez-o7g,1.0,1.0,1.0,6.0,7.0,,,,,,,,,
author::UCr1emrogPKkKTs_WTtx71xg,author,0,/@domingopeneleu6457,participación_observada,UCr1emrogPKkKTs_WTtx71xg,@domingopeneleu6457,/@domingopeneleu6457,1.0,1.0,1.0,0.0,0.0,,,,,,,,,
author::UCrJn_rbo_ENAdeqneS-RmRw,author,0,/@josecarrera9623,participación_observada,UCrJn_rbo_ENAdeqneS-RmRw,@josecarrera9623,/@josecarrera9623,2.0,1.0,1.0,1.0,0.0,,,,,,,,,
author::UCrqXyRsg-_hTosURZ-uvoKg,author,0,/@flornolberto2425,participación_observada,UCrqXyRsg-_hTosURZ-uvoKg,@flornolberto2425,/@flornolberto2425,1.0,1.0,1.0,0.0,0.0,,,,,,,,,
author::UCsGoJEvb-cFPZ2rWoJcXzEQ,author,0,/@sergiohinestroza9709,participación_observada,UCsGoJEvb-cFPZ2rWoJcXzEQ,@sergiohinestroza9709,/@sergiohinestroza9709,1.0,1.0,1.0,10.0,0.0,,,,,,,,,
author::UCsJJAvrVGupdmhOqgtDp8dg,author,0,/@nestorlorenzana1168,participación_observada,UCsJJAvrVGupdmhOqgtDp8dg,@nestorlorenzana1168,/@nestorlorenzana1168,1.0,1.0,1.0,1.0,0.0,,,,,,,,,
author::UCsSXdJct-nsS8DsABoEsaYA,author,0,/@Iv%C3%A1nP%C3%A9rez-j4j,participación_observada,UCsSXdJct-nsS8DsABoEsaYA,@IvánPérez-j4j,/@Iv%C3%A1nP%C3%A9rez-j4j,1.0,1.0,1.0,2.0,1.0,,,,,,,,,
author::UCsUCN0Yq_UyTvKjOJLmNrnQ,author,0,/@moisesvaldez4043,participación_observada,UCsUCN0Yq_UyTvKjOJLmNrnQ,@moisesvaldez4043,/@moisesvaldez4043,2.0,2.0,2.0,0.0,0.0,,,,,,,,,
author::UCs_5qeqdku9tGAq22y3OcuQ,author,0,/@alexandrevasquez4135,participación_observada,UCs_5qeqdku9tGAq22y3OcuQ,@alexandrevasquez4135,/@alexandrevasquez4135,1.0,1.0,1.0,4.0,0.0,,,,,,,,,
author::UCsjs5Hp_r86x1xbK6FAeqaA,author,0,/@alvaroesquivel563,participación_observada,UCsjs5Hp_r86x1xbK6FAeqaA,@alvaroesquivel563,/@alvaroesquivel563,1.0,1.0,1.0,2.0,0.0,,,,,,,,,
author::UCtCtts20bW6F9CSohau51Iw,author,0,/@carlosgranados9875,participación_observada,UCtCtts20bW6F9CSohau51Iw,@carlosgranados9875,/@carlosgranados9875,2.0,1.0,1.0,0.0,0.0,,,,,,,,,
author::UCtMBF_1O2jY2INlb_luuB_A,author,0,/@mynorgudiel8646,participación_observada,UCtMBF_1O2jY2INlb_luuB_A,@mynorgudiel8646,/@mynorgudiel8646,1.0,1.0,1.0,15.0,0.0,,,,,,,,,
author::UCtNfIBnc5S5DbbQj_yxgJTw,author,0,/@JosueRamirez-ey3ih,participación_observada,UCtNfIBnc5S5DbbQj_yxgJTw,@JosueRamirez-ey3ih,/@JosueRamirez-ey3ih,1.0,1.0,1.0,1.0,0.0,,,,,,,,,
author::UCtNyHmRZtvGF2hSvI2dUBWw,author,0,/@aureliomaldonado4793,participación_observada,UCtNyHmRZtvGF2hSvI2dUBWw,@aureliomaldonado4793,/@aureliomaldonado4793,2.0,1.0,1.0,1.0,0.0,,,,,,,,,
author::UCtUR3_CAiE7fCoZHM6cMfyQ,author,0,/@mdelcid01,participación_observada,UCtUR3_CAiE7fCoZHM6cMfyQ,@mdelcid01,/@mdelcid01,1.0,1.0,1.0,10.0,0.0,,,,,,,,,
author::UCtiHFjFu7d5v2XxHnKFUYig,author,0,/@Paul-gf7ec,participación_observada,UCtiHFjFu7d5v2XxHnKFUYig,@Paul-gf7ec,/@Paul-gf7ec,1.0,1.0,1.0,0.0,0.0,,,,,,,,,
author::UCtowGNY2lnlg6O2CkwDgkLg,author,0,/@taniagabrielacelis8434,participación_observada,UCtowGNY2lnlg6O2CkwDgkLg,@taniagabrielacelis8434,/@taniagabrielacelis8434,1.0,1.0,1.0,2.0,0.0,,,,,,,,,
author::UCtsxPYw8VUsH_FfnKg-0lmw,author,0,/@AlejandroP%C3%A9rez-b6r,participación_observada,UCtsxPYw8VUsH_FfnKg-0lmw,@AlejandroPérez-b6r,/@AlejandroP%C3%A9rez-b6r,1.0,1.0,1.0,2.0,0.0,,,,,,,,,
author::UCu8_3-Wg-YzNyvHYQDEscfw,author,0,/@RolandoCastroP%C3%A9rez-d7y,participación_observada,UCu8_3-Wg-YzNyvHYQDEscfw,@RolandoCastroPérez-d7y,/@RolandoCastroP%C3%A9rez-d7y,1.0,1.0,1.0,2.0,0.0,,,,,,,,,
author::UCuP4UK33HKtJE_S39ksmaTw,author,0,/@herbertaguilar1387,participación_observada,UCuP4UK33HKtJE_S39ksmaTw,@herbertaguilar1387,/@herbertaguilar1387,1.0,1.0,1.0,0.0,0.0,,,,,,,,,
author::UCuXmOjxC-htcprLgeVXz6Tg,author,0,/@jorgeaguilar-bq3uj,participación_observada,UCuXmOjxC-htcprLgeVXz6Tg,@jorgeaguilar-bq3uj,/@jorgeaguilar-bq3uj,1.0,1.0,1.0,1.0,0.0,,,,,,,,,
author::UCueV9cTyTDwgQSec1x2dYgA,author,0,/@fredydomingo7062,participación_observada,UCueV9cTyTDwgQSec1x2dYgA,@fredydomingo7062,/@fredydomingo7062,1.0,1.0,1.0,0.0,0.0,,,,,,,,,
author::UCujPF2nBgsTD62nWE3lcpIg,author,0,/@victorarturoruanobautista7588,participación_observada,UCujPF2nBgsTD62nWE3lcpIg,@victorarturoruanobautista7588,/@victorarturoruanobautista7588,1.0,1.0,1.0,0.0,0.0,,,,,,,,,
author::UCusjriFsDHEc2AOjqk-p5ig,author,0,/@pablobarrios7931,participación_observada,UCusjriFsDHEc2AOjqk-p5ig,@pablobarrios7931,/@pablobarrios7931,1.0,1.0,1.0,2.0,0.0,,,,,,,,,
author::UCut6b9S98nv84cVX89PmKzA,author,0,/@yeniferaguirre4498,participación_observada,UCut6b9S98nv84cVX89PmKzA,@yeniferaguirre4498,/@yeniferaguirre4498,2.0,1.0,1.0,1.0,0.0,,,,,,,,,
author::UCvApqeCbLod-wejtT4CcVuA,author,0,/@davidgaher9550,participación_observada,UCvApqeCbLod-wejtT4CcVuA,@davidgaher9550,/@davidgaher9550,1.0,1.0,1.0,15.0,0.0,,,,,,,,,
author::UCvDwJBBY1mHK70aTEYl6rsA,author,0,/@cristianescobedo8296,participación_observada,UCvDwJBBY1mHK70aTEYl6rsA,@cristianescobedo8296,/@cristianescobedo8296,1.0,1.0,1.0,1.0,0.0,,,,,,,,,
author::UCvcu1kR8xMYy_I1Ty-2mV2Q,author,0,/@hashojea7348,participación_observada,UCvcu1kR8xMYy_I1Ty-2mV2Q,@hashojea7348,/@hashojea7348,4.0,3.0,1.0,0.0,0.0,,,,,,,,,
author::UCvl1tzQeBeGy6efPTRJXSCw,author,0,/@RaulPerez-cw2vi,participación_observada,UCvl1tzQeBeGy6efPTRJXSCw,@RaulPerez-cw2vi,/@RaulPerez-cw2vi,1.0,1.0,1.0,0.0,0.0,,,,,,,,,
author::UCwCfs-2zbD5k0lG-UVg_JBw,author,0,/@JessicaHuaz-96,participación_observada,UCwCfs-2zbD5k0lG-UVg_JBw,@JessicaHuaz-96,/@JessicaHuaz-96,1.0,1.0,1.0,0.0,0.0,,,,,,,,,
author::UCwEe1RKlEv1UpNWmWYfSh4w,author,0,/@marioramirez299,participación_observada,UCwEe1RKlEv1UpNWmWYfSh4w,@marioramirez299,/@marioramirez299,1.0,1.0,1.0,0.0,0.0,,,,,,,,,
author::UCwO2SXr0ggzwg6QWWrr01nQ,author,0,/@ricardofigueroa5720,participación_observada,UCwO2SXr0ggzwg6QWWrr01nQ,@ricardofigueroa5720,/@ricardofigueroa5720,1.0,1.0,1.0,11.0,0.0,,,,,,,,,
author::UCwUAv3_LpWVtTIi7lkmTL7A,author,0,/@kingr4706,participación_observada,UCwUAv3_LpWVtTIi7lkmTL7A,@kingr4706,/@kingr4706,1.0,1.0,1.0,16.0,0.0,,,,,,,,,
author::UCwW2OFy95P7ZBkOPxWkpvYg,author,0,/@TeresaLucero-b5o,participación_observada,UCwW2OFy95P7ZBkOPxWkpvYg,@TeresaLucero-b5o,/@TeresaLucero-b5o,2.0,1.0,1.0,2.0,0.0,,,,,,,,,
author::UCwgCc9Jd_gG-uLE_SY-FfPg,author,0,/@armindapenados2841,participación_observada,UCwgCc9Jd_gG-uLE_SY-FfPg,@armindapenados2841,/@armindapenados2841,1.0,1.0,1.0,0.0,0.0,,,,,,,,,
author::UCwha8rxULYMVtNwZWeSkE1A,author,0,/@mariasamo8637,participación_observada,UCwha8rxULYMVtNwZWeSkE1A,@mariasamo8637,/@mariasamo8637,1.0,1.0,1.0,0.0,0.0,,,,,,,,,
author::UCwjUvRseNtJoItylIyIez7Q,author,0,/@Silviazea,participación_observada,UCwjUvRseNtJoItylIyIez7Q,@Silviazea,/@Silviazea,1.0,1.0,1.0,0.0,0.0,,,,,,,,,
author::UCwxoKK59nGCeBqB2sXfDBIw,author,0,/@vic-bonivideos,participación_observada,UCwxoKK59nGCeBqB2sXfDBIw,@vic-bonivideos,/@vic-bonivideos,1.0,1.0,1.0,0.0,1.0,,,,,,,,,
author::UCxKR3RA8T-kxMgq_2WWhRcQ,author,0,/@elenaluarca9377,participación_observada,UCxKR3RA8T-kxMgq_2WWhRcQ,@elenaluarca9377,/@elenaluarca9377,1.0,1.0,1.0,329.0,5.0,,,,,,,,,
author::UCxcoDvP-g2_KTZDmVZtvb3w,author,0,/@angelmartinez9523,participación_observada,UCxcoDvP-g2_KTZDmVZtvb3w,@angelmartinez9523,/@angelmartinez9523,1.0,1.0,1.0,0.0,0.0,,,,,,,,,
author::UCxff05WuyvwELNITi7bj7UA,author,0,/@markoherrera,participación_observada,UCxff05WuyvwELNITi7bj7UA,@markoherrera,/@markoherrera,1.0,1.0,1.0,3.0,0.0,,,,,,,,,
author::UCxhtlxPV8AYWaNNyU6S9H8Q,author,0,/@WilR-s8r,participación_observada,UCxhtlxPV8AYWaNNyU6S9H8Q,@WilR-s8r,/@WilR-s8r,1.0,1.0,1.0,0.0,0.0,,,,,,,,,
author::UCyJhqmMbsvjpoarBBStA2kg,author,0,/@Murmullodelbarrio,participación_observada,UCyJhqmMbsvjpoarBBStA2kg,@Murmullodelbarrio,/@Murmullodelbarrio,6.0,1.0,1.0,14.0,0.0,,,,,,,,,
author::UCySYJU5kUh7X8gVt9la2ISA,author,0,/@dantesarti4351,participación_observada,UCySYJU5kUh7X8gVt9la2ISA,@dantesarti4351,/@dantesarti4351,1.0,1.0,1.0,0.0,0.0,,,,,,,,,
author::UCyW68EGZey4ao_Vf2cR5Ztg,author,0,/@ZabalaXabier,participación_observada,UCyW68EGZey4ao_Vf2cR5Ztg,@ZabalaXabier,/@ZabalaXabier,1.0,1.0,1.0,0.0,0.0,,,,,,,,,
author::UCylqlpsh8ENNM1LqgQ1KbxA,author,0,/@Jel.Awesh.M,participación_observada,UCylqlpsh8ENNM1LqgQ1KbxA,@Jel.Awesh.M,/@Jel.Awesh.M,3.0,2.0,1.0,1.0,0.0,,,,,,,,,
author::UCyor0Mmm0ivLX2jIdyGp84Q,author,0,/@MiguelJordan-n3g,participación_observada,UCyor0Mmm0ivLX2jIdyGp84Q,@MiguelJordan-n3g,/@MiguelJordan-n3g,1.0,1.0,1.0,0.0,0.0,,,,,,,,,
author::UCyzf29IYjNw67gGIfsjgtxA,author,0,/@carlosoliva9249,participación_observada,UCyzf29IYjNw67gGIfsjgtxA,@carlosoliva9249,/@carlosoliva9249,1.0,1.0,1.0,45.0,0.0,,,,,,,,,
author::UCz3gu01bmjNv0DpRq-K3XYg,author,0,/@eusebiovasquez4385,participación_observada,UCz3gu01bmjNv0DpRq-K3XYg,@eusebiovasquez4385,/@eusebiovasquez4385,2.0,1.0,1.0,2.0,0.0,,,,,,,,,
author::UCzSfZlOVxBSs5ObD25ywxDQ,author,0,/@GilmarMaldonado-q9m,participación_observada,UCzSfZlOVxBSs5ObD25ywxDQ,@GilmarMaldonado-q9m,/@GilmarMaldonado-q9m,1.0,1.0,1.0,0.0,0.0,,,,,,,,,
author::UCzZ6dDCEsLMXbc5pCFXIprw,author,0,/@josegil3813,participación_observada,UCzZ6dDCEsLMXbc5pCFXIprw,@josegil3813,/@josegil3813,2.0,2.0,1.0,0.0,0.0,,,,,,,,,
author::UCzoL2l5H5eVlorWGH8AZfAg,author,0,/@jor77cas,participación_observada,UCzoL2l5H5eVlorWGH8AZfAg,@jor77cas,/@jor77cas,1.0,1.0,1.0,6.0,0.0,,,,,,,,,
video::-5puKGEqcUc,video,1,INSIVUMEH pronostica incremento de lluvias para el fin de semana en Guatemala,sin_comentarios_recolectados,,,,,,,,,-5puKGEqcUc,INSIVUMEH pronostica incremento de lluvias para el fin de semana en Guatemala,UCq0Cm-3SKthEySQc2JZBi1A,T13 Noticias Guatemala,News & Politics,topic,2357.0,0.0,0.0
video::-E7OPOLjMug,video,1,BERNARDO ARÉVALO CALIFICA CAMBIO EN EL MP COMO EL FIN DE UNA ETAPA DE DETERIORO INSTITUCIONAL,sin_comentarios_recolectados,,,,,,,,,-E7OPOLjMug,BERNARDO ARÉVALO CALIFICA CAMBIO EN EL MP COMO EL FIN DE UNA ETAPA DE DETERIORO INSTITUCIONAL,UCgItjn_ZWFWcv1MlpKIkqgQ,IDocumenta,People & Blogs,topic,4.0,0.0,0.0
video::-KDglrIzRKo,video,1,¡HISTÓRICO! Mexico recupera petróleo robado por Guatemala... 🔔,sin_comentarios_recolectados,,,,,,,,,-KDglrIzRKo,¡HISTÓRICO! Mexico recupera petróleo robado por Guatemala... 🔔,UC-DpoeBbCMOMOH1-j71KPqA,México Poder,People & Blogs,topic,29736.0,0.0,0.0
video::-O4Pa7qS9WQ,video,1,"Viaje completo Ciudad de Guatemala al IRTRA de Retalhuleu, menos tráfico, Diesel a Q42.59",sin_comentarios_recolectados,,,,,,,,,-O4Pa7qS9WQ,"Viaje completo Ciudad de Guatemala al IRTRA de Retalhuleu, menos tráfico, Diesel a Q42.59",UCSQM9AVr3rr7_GF8RH5KFGw,Guate Maya Trip,Nonprofits & Activism,topic,383.0,0.0,0.0
video::06mFNPU0aB8,video,1,Capturan a presuntos delincuentes disfrazados de mujer señalados de cometer asalto,con_comentarios_recolectados,,,,,,,,,06mFNPU0aB8,Capturan a presuntos delincuentes disfrazados de mujer señalados de cometer asalto,UCVpSRoZgngfSL03Nlbjtq9A,Noti7,News & Politics,topic,6692.0,14.0,13.0
video::0LTLUY7LBlA,video,1,"Qué debes saber ANTES de viajar a GUATEMALA | Dónde cambiar DINERO, adquirir INTERNET y TRANSPORTE",sin_comentarios_recolectados,,,,,,,,,0LTLUY7LBlA,"Qué debes saber ANTES de viajar a GUATEMALA | Dónde cambiar DINERO, adquirir INTERNET y TRANSPORTE",UCfMjuFkpFo_QAWtvQqR2EHQ,De viaje con Migue,Travel & Events,topic,6099.0,0.0,0.0
video::0a4_g1R1-aA,video,1,Acciones relevantes en el #Resumen24Horas,sin_comentarios_recolectados,,,,,,,,,0a4_g1R1-aA,Acciones relevantes en el #Resumen24Horas,UCHsYnV67K3J0yJ4QeciVCww,PNCdeGuatemala,Science & Technology,official_gov,15455.0,0.0,0.0
video::0b2vfzXdCqs,video,1,Cadena Nacional del presidente Bernardo Arévalo,sin_comentarios_recolectados,,,,,,,,,0b2vfzXdCqs,Cadena Nacional del presidente Bernardo Arévalo,UC-ZtFBHzgkYFh7whZkuR_Ag,Gobierno de la República de Guatemala,Entertainment,topic,2725.0,0.0,0.0
video::0eiVPMexNOo,video,1,CONRED se pronuncia tras sismos en el territorio nacional,sin_comentarios_recolectados,,,,,,,,,0eiVPMexNOo,CONRED se pronuncia tras sismos en el territorio nacional,UCt5Dw7ePnn0AqPqRF8Xpjkw,TN23 Guatemala,News & Politics,official_gov,1875.0,0.0,0.0
video::0iQD8zHxZIg,video,1,SE FILTRO un AUDIO de PANDILLEROS en Guatemala | DISPUTA POLITICA  Guatemala en medio de EMERGENCIA,sin_comentarios_recolectados,,,,,,,,,0iQD8zHxZIg,SE FILTRO un AUDIO de PANDILLEROS en Guatemala | DISPUTA POLITICA  Guatemala en medio de EMERGENCIA,UCoVACVT8WitFTc_Ok5yhYlg,Tras la Verdad SV,News & Politics,topic,36701.0,0.0,0.0
video::1-hr8eCOt_I,video,1,Este es el impacto ante el incremento del tráfico en la capital por el inicio de clases,sin_comentarios_recolectados,,,,,,,,,1-hr8eCOt_I,Este es el impacto ante el incremento del tráfico en la capital por el inicio de clases,UCwkVsH8aIOco3U_Fu7-UW5w,AztecaGuate,Entertainment,topic,289.0,0.0,0.0
video::1HQLJycvzaQ,video,1,Conferencia de Prensa del Gobierno de Guatemala. #LaRondaGt,sin_comentarios_recolectados,,,,,,,,,1HQLJycvzaQ,Conferencia de Prensa del Gobierno de Guatemala. #LaRondaGt,UC-ZtFBHzgkYFh7whZkuR_Ag,Gobierno de la República de Guatemala,Entertainment,topic,1175.0,0.0,0.0
video::1kSG-naIgqk,video,1,PRIMERA SEDE MIGRATORIA REGIONAL EN CHIQUIMULA,sin_comentarios_recolectados,,,,,,,,,1kSG-naIgqk,PRIMERA SEDE MIGRATORIA REGIONAL EN CHIQUIMULA,UCWYeiFUCO0SW6BxZ8aPxVTw,Vicepresidencia Guate,Entertainment,topic,48.0,0.0,0.0
video::1w9faaYjhyU,video,1,Fundación de la República de Guatemala 21 marzo 1847,sin_comentarios_recolectados,,,,,,,,,1w9faaYjhyU,Fundación de la República de Guatemala 21 marzo 1847,UCdHETJl6cR5dye5XxEyqycQ,El profe de Historia Gt,People & Blogs,topic,31697.0,0.0,0.0
video::1y61Kb9uSbg,video,1,Departamento de Tránsito de PNC certifica a 43 PMT en Educación Vial,sin_comentarios_recolectados,,,,,,,,,1y61Kb9uSbg,Departamento de Tránsito de PNC certifica a 43 PMT en Educación Vial,UC8u2nvyHewt-mjdWSj0HJmQ,Ministerio de Gobernación,News & Politics,official_gov,471.0,0.0,0.0
video::1yHN9Ci7pXs,video,1,Municipalidad de Guatemala informa,sin_comentarios_recolectados,,,,,,,,,1yHN9Ci7pXs,Municipalidad de Guatemala informa,UCXa6LVjBzUtmcM3cwbd9e2w,Municipalidad de Guatemala,People & Blogs,topic,1617.0,0.0,0.0
video::2iqOSL9YguA,video,1,Gabriel García Luna ya está en el MP para asumir como nuevo fiscal general,sin_comentarios_recolectados,,,,,,,,,2iqOSL9YguA,Gabriel García Luna ya está en el MP para asumir como nuevo fiscal general,UCDaIW3kDab95q7iCSeVAnbQ,Guatevisión,Entertainment,topic,5181.0,0.0,0.0
video::2n31FhKmELI,video,1,TRÁFICO EN GUATEMALA,sin_comentarios_recolectados,,,,,,,,,2n31FhKmELI,TRÁFICO EN GUATEMALA,UC96TdbkzdlngA9hT1XNzJkw,Fralis Maxiel Martinez,People & Blogs,topic,512.0,0.0,0.0
video::2p23yPpu6aQ,video,1,#Conred,sin_comentarios_recolectados,,,,,,,,,2p23yPpu6aQ,#Conred,UC7PbHMtfWgBFZ_SSZ8iRhQg,Noticias-FA-Gt,People & Blogs,official_gov,164.0,0.0,0.0
video::3-jKER3zqcA,video,1,VECINO VRS AGENTES DE LA PMT EN MAZATENANGO,sin_comentarios_recolectados,,,,,,,,,3-jKER3zqcA,VECINO VRS AGENTES DE LA PMT EN MAZATENANGO,UC-YGRGi0FeIA5441bGlHOPw,audioschileros,People & Blogs,official_gov,70811.0,0.0,0.0
video::3LAwISMokIg,video,1,MUNICIPALIDAD DE GUATEMALA 17/12/2025,sin_comentarios_recolectados,,,,,,,,,3LAwISMokIg,MUNICIPALIDAD DE GUATEMALA 17/12/2025,UCW_PHqwqCCalvQGOEsVU0jw,Concejales de Oposición - Muni Guate,People & Blogs,topic,294.0,0.0,0.0
video::3Nfp9h5avBI,video,1,"Noticiero en Directo 1 pm, 28 de Agosto de 2026",con_comentarios_recolectados,,,,,,,,,3Nfp9h5avBI,"Noticiero en Directo 1 pm, 28 de Agosto de 2026",UCdSVqHGHzyMTXSafUHY-e-w,Noticiero Guatevisión 13 Hrs.,News & Politics,topic,573.0,2.0,2.0
video::3P2OUk7aGmc,video,1,Presidente presenta Segundo Informe Presidencial en Sesión Solemne del Congreso de la República.,sin_comentarios_recolectados,,,,,,,,,3P2OUk7aGmc,Presidente presenta Segundo Informe Presidencial en Sesión Solemne del Congreso de la República.,UC-ZtFBHzgkYFh7whZkuR_Ag,Gobierno de la República de Guatemala,Entertainment,topic,2838.0,0.0,0.0
video::3S3KygWSjAQ,video,1,Himno de la Policía Nacional Civil de Guatemala,sin_comentarios_recolectados,,,,,,,,,3S3KygWSjAQ,Himno de la Policía Nacional Civil de Guatemala,UCHsYnV67K3J0yJ4QeciVCww,PNCdeGuatemala,News & Politics,official_gov,53021.0,0.0,0.0
video::3bU7I_ZpXUk,video,1,Congreso inicia proceso para nombrar a nuevo Fiscal General en Guatemala y suceder a Consuelo Porras,sin_comentarios_recolectados,,,,,,,,,3bU7I_ZpXUk,Congreso inicia proceso para nombrar a nuevo Fiscal General en Guatemala y suceder a Consuelo Porras,UCEepOY2svuxbsJ-zsAPT9Fg,PrensaLibreOficial,News & Politics,topic,7465.0,0.0,0.0
video::3onMfRym3OU,video,1,PRIMER PUENTE DONDE ARRIBA VA EL TRÁFICO Y ABAJO UN TREN EN GUATEMALA Y AMÉRICA LATINA.,sin_comentarios_recolectados,,,,,,,,,3onMfRym3OU,PRIMER PUENTE DONDE ARRIBA VA EL TRÁFICO Y ABAJO UN TREN EN GUATEMALA Y AMÉRICA LATINA.,UCH1AYkCs1GpNK_xUwFYTsaQ,Cronos Time GT,Education,topic,4484.0,0.0,0.0
video::45xQLtMlPdo,video,1,"PRESIDENTE DE GUATEMALA, BERNARDO ARÉVALO SE REFIERE AL “DÍA INTERNACIONAL DE LA LIBERTAD DE PRENSA”",sin_comentarios_recolectados,,,,,,,,,45xQLtMlPdo,"PRESIDENTE DE GUATEMALA, BERNARDO ARÉVALO SE REFIERE AL “DÍA INTERNACIONAL DE LA LIBERTAD DE PRENSA”",UCgItjn_ZWFWcv1MlpKIkqgQ,IDocumenta,People & Blogs,topic,8.0,0.0,0.0
video::4DD1nlxWk2s,video,1,Fuertes LLUVIAS en el JABALI; a si luce una Tarde de Tormenta 😱,sin_comentarios_recolectados,,,,,,,,,4DD1nlxWk2s,Fuertes LLUVIAS en el JABALI; a si luce una Tarde de Tormenta 😱,UCKu8ZkS9vriCetFagAGIMXA,VIVA GUATEMALA,Entertainment,topic,27111.0,0.0,0.0
video::4FUed7cIhPU,video,1,El Sistema CONRED y el Gobierno de Guatemala trabajan unidos para atender emergencias.,sin_comentarios_recolectados,,,,,,,,,4FUed7cIhPU,El Sistema CONRED y el Gobierno de Guatemala trabajan unidos para atender emergencias.,UC6SA1dVHvAkc6yNS_t5cbGw,Conred,Education,official_gov,47.0,0.0,0.0
video::4H6w9FQAcS8,video,1,"Avances en temas de economía, precios de los combustibles y otros temas de interés nacional.",sin_comentarios_recolectados,,,,,,,,,4H6w9FQAcS8,"Avances en temas de economía, precios de los combustibles y otros temas de interés nacional.",UC-ZtFBHzgkYFh7whZkuR_Ag,Gobierno de la República de Guatemala,Entertainment,official_gov,1489.0,0.0,0.0
video::5DRG-WGTq1k,video,1,El Sistema CONRED continúa activo y trabajando de manera coordinada #VolcánDeFuego.,sin_comentarios_recolectados,,,,,,,,,5DRG-WGTq1k,El Sistema CONRED continúa activo y trabajando de manera coordinada #VolcánDeFuego.,UC6SA1dVHvAkc6yNS_t5cbGw,Conred,Education,official_gov,68.0,0.0,0.0
video::5MFnG5B7ric,video,1,Municipalidad de Guatemala   09/07/2025,sin_comentarios_recolectados,,,,,,,,,5MFnG5B7ric,Municipalidad de Guatemala   09/07/2025,UCW_PHqwqCCalvQGOEsVU0jw,Concejales de Oposición - Muni Guate,People & Blogs,topic,107.0,0.0,0.0
video::5OhxjDvuYbQ,video,1,"Operativos PMT ""Cero Tolerancia"" para fin de año",sin_comentarios_recolectados,,,,,,,,,5OhxjDvuYbQ,"Operativos PMT ""Cero Tolerancia"" para fin de año",UCXa6LVjBzUtmcM3cwbd9e2w,Municipalidad de Guatemala,News & Politics,official_gov,494.0,0.0,0.0
video::5UNxNfcSzG4,video,1,Distinción del Cambio de la Rosa de la Paz a Pedro Castro López del INACOP,sin_comentarios_recolectados,,,,,,,,,5UNxNfcSzG4,Distinción del Cambio de la Rosa de la Paz a Pedro Castro López del INACOP,UC-ZtFBHzgkYFh7whZkuR_Ag,Gobierno de la República de Guatemala,Entertainment,topic,741.0,0.0,0.0
video::5Y7fntl6Rc8,video,1,Cómo llegar a TIKAL desde Ciudad de GUATEMALA en autobús o en Avión | transporte a PETÉN,sin_comentarios_recolectados,,,,,,,,,5Y7fntl6Rc8,Cómo llegar a TIKAL desde Ciudad de GUATEMALA en autobús o en Avión | transporte a PETÉN,UCfMjuFkpFo_QAWtvQqR2EHQ,De viaje con Migue,Travel & Events,topic,11061.0,0.0,0.0
video::5nw9G1vwnYY,video,1,Actriz guatemalteca caracteriza a Consuelo Porras frente al MP por salida del cargo,sin_comentarios_recolectados,,,,,,,,,5nw9G1vwnYY,Actriz guatemalteca caracteriza a Consuelo Porras frente al MP por salida del cargo,UCEepOY2svuxbsJ-zsAPT9Fg,PrensaLibreOficial,News & Politics,topic,40327.0,0.0,0.0
video::677N9cx_kKE,video,1,Carlos Pineda Seguridad I - Guatemala tiene solución | Ep. 2,sin_comentarios_recolectados,,,,,,,,,677N9cx_kKE,Carlos Pineda Seguridad I - Guatemala tiene solución | Ep. 2,UCInL6HZez6Qn8IHV8Achhxw,Carlos Pineda,People & Blogs,topic,8568.0,0.0,0.0
video::6KlI_geqPOI,video,1,Conferencia de Prensa del Gobierno de Guatemala. #LaRondaGt.,sin_comentarios_recolectados,,,,,,,,,6KlI_geqPOI,Conferencia de Prensa del Gobierno de Guatemala. #LaRondaGt.,UC-ZtFBHzgkYFh7whZkuR_Ag,Gobierno de la República de Guatemala,Entertainment,topic,2301.0,0.0,0.0
video::6W4u8sGEnGM,video,1,Inician los trabajos de recuperación del Puente Belice II.,con_comentarios_recolectados,,,,,,,,,6W4u8sGEnGM,Inician los trabajos de recuperación del Puente Belice II.,UC-ZtFBHzgkYFh7whZkuR_Ag,Gobierno de la República de Guatemala,Entertainment,topic,11670.0,45.0,32.0
video::6Wf0ItQUaDU,video,1,“Queremos generar 60 mil empleos”: Victorino Carranza revela el plan y las pérdidas de la Gremipe,sin_comentarios_recolectados,,,,,,,,,6Wf0ItQUaDU,“Queremos generar 60 mil empleos”: Victorino Carranza revela el plan y las pérdidas de la Gremipe,UCoXuxT5_LclvcoCeFoS_iUw,Campus TV,News & Politics,topic,2.0,0.0,0.0
video::6y3KQmmg3Oc,video,1,Noticiero El Informativo. Nuestra semana de resultados.,sin_comentarios_recolectados,,,,,,,,,6y3KQmmg3Oc,Noticiero El Informativo. Nuestra semana de resultados.,UC-ZtFBHzgkYFh7whZkuR_Ag,Gobierno de la República de Guatemala,Entertainment,topic,303.0,0.0,0.0
video::6z2Psav9Onw,video,1,Conferencia de Prensa del Gobierno de Guatemala. #LaRondaGt,sin_comentarios_recolectados,,,,,,,,,6z2Psav9Onw,Conferencia de Prensa del Gobierno de Guatemala. #LaRondaGt,UC-ZtFBHzgkYFh7whZkuR_Ag,Gobierno de la República de Guatemala,Entertainment,topic,848.0,0.0,0.0
video::74F3Mn_NWoE,video,1,"Acto de Graduación de los Cursos de Formación, Ascenso y Especialización Policial de la PNC.",sin_comentarios_recolectados,,,,,,,,,74F3Mn_NWoE,"Acto de Graduación de los Cursos de Formación, Ascenso y Especialización Policial de la PNC.",UC-ZtFBHzgkYFh7whZkuR_Ag,Gobierno de la República de Guatemala,Entertainment,official_gov,1197.0,0.0,0.0
video::7JerBdHtkWA,video,1,Cambio de horarios en Municipalidad de Guatemala,sin_comentarios_recolectados,,,,,,,,,7JerBdHtkWA,Cambio de horarios en Municipalidad de Guatemala,UCJcN367ge_Yo1p7b20_KSaA,Canal 3 Guatemala,News & Politics,topic,215.0,0.0,0.0
video::7hfUg8Z-W2o,video,1,Conferencia de Prensa del Gobierno de Guatemala. #LaRondaGt.,sin_comentarios_recolectados,,,,,,,,,7hfUg8Z-W2o,Conferencia de Prensa del Gobierno de Guatemala. #LaRondaGt.,UC-ZtFBHzgkYFh7whZkuR_Ag,Gobierno de la República de Guatemala,Entertainment,topic,2449.0,0.0,0.0
video::7kuHyjwuE_o,video,1,Centro Municipal de Emprendimiento - Municipalidad de Guatemala,sin_comentarios_recolectados,,,,,,,,,7kuHyjwuE_o,Centro Municipal de Emprendimiento - Municipalidad de Guatemala,UCBn6Y-Y3kCAQqYXHaMIjEVw,Centro Municipal de Emprendimiento MuniGuate,Entertainment,topic,528.0,0.0,0.0
video::7mdtGeIHQnE,video,1,"#LHEnContexto: Gestión de riesgos en GUATEMALA: Lo que debes saber, explicado por la CONRED",sin_comentarios_recolectados,,,,,,,,,7mdtGeIHQnE,"#LHEnContexto: Gestión de riesgos en GUATEMALA: Lo que debes saber, explicado por la CONRED",UCrAoF9-9Vvb9_zK0t-m2Rhg,La Hora,News & Politics,official_gov,570.0,0.0,0.0
video::8CuQ2_HTaN0,video,1,Conferencia de Prensa del Gobierno de Guatemala.,sin_comentarios_recolectados,,,,,,,,,8CuQ2_HTaN0,Conferencia de Prensa del Gobierno de Guatemala.,UC-ZtFBHzgkYFh7whZkuR_Ag,Gobierno de la República de Guatemala,Entertainment,topic,735.0,0.0,0.0
video::8n6momRcC04,video,1,Mantenimiento constante,sin_comentarios_recolectados,,,,,,,,,8n6momRcC04,Mantenimiento constante,UCXa6LVjBzUtmcM3cwbd9e2w,Municipalidad de Guatemala,News & Politics,topic,91.0,0.0,0.0
video::90oVm0P4_9Q,video,1,"El MINGOB a través del Viceministerio de Seguridad, combate  el crimen organizado.",sin_comentarios_recolectados,,,,,,,,,90oVm0P4_9Q,"El MINGOB a través del Viceministerio de Seguridad, combate  el crimen organizado.",UC8u2nvyHewt-mjdWSj0HJmQ,Ministerio de Gobernación,News & Politics,official_gov,5.0,0.0,0.0
video::9BIrwWQUdb8,video,1,"Capturan a ""guardián"" de parqueo utilizado por la mara Salvatrucha e incautan 5 vehículos robados.",sin_comentarios_recolectados,,,,,,,,,9BIrwWQUdb8,"Capturan a ""guardián"" de parqueo utilizado por la mara Salvatrucha e incautan 5 vehículos robados.",UCHsYnV67K3J0yJ4QeciVCww,PNCdeGuatemala,Science & Technology,official_gov,23972.0,0.0,0.0
video::9Jacxvi9umU,video,1,Los responsables de bloquear información en Guatecompras,sin_comentarios_recolectados,,,,,,,,,9Jacxvi9umU,Los responsables de bloquear información en Guatecompras,UCDvpZGLyno6g-bi-wwYq4wQ,Somos El Combo,Entertainment,topic,7340.0,0.0,0.0
video::9XFVeHiWDTo,video,1,En #LaRondaGT conoce las acciones que impulsamos para modernizar los puertos y aeropuertos del país.,sin_comentarios_recolectados,,,,,,,,,9XFVeHiWDTo,En #LaRondaGT conoce las acciones que impulsamos para modernizar los puertos y aeropuertos del país.,UC-ZtFBHzgkYFh7whZkuR_Ag,Gobierno de la República de Guatemala,Entertainment,official_gov,1516.0,0.0,0.0
video::9h7d1iDFaqo,video,1,Vuelve el tráfico lento en la ciudad capital,sin_comentarios_recolectados,,,,,,,,,9h7d1iDFaqo,Vuelve el tráfico lento en la ciudad capital,UCEepOY2svuxbsJ-zsAPT9Fg,PrensaLibreOficial,News & Politics,topic,11396.0,0.0,0.0
video::9wHujSu-nbQ,video,1,Quorum,sin_comentarios_recolectados,,,,,,,,,9wHujSu-nbQ,Quorum,UCE4rsXcgDb6e1-a9iTbWzfg,Quorum,News & Politics,topic,459.0,0.0,0.0
video::AHzfpOL5sgw,video,1,Sistema de gobierno de Guatemala 🇬🇹,sin_comentarios_recolectados,,,,,,,,,AHzfpOL5sgw,Sistema de gobierno de Guatemala 🇬🇹,UCwlb2TaG9ywiD6uhHWTy-qg,SUM Estudios Jurídicos.,Education,official_gov,2895.0,0.0,0.0
video::Aa7hIDCRh3g,video,1,Este BUS me LLEVO a UN PARAISO EN GUATEMALA,sin_comentarios_recolectados,,,,,,,,,Aa7hIDCRh3g,Este BUS me LLEVO a UN PARAISO EN GUATEMALA,UCDfEVbDrimcKw5lfbps915g,De todo Gt,People & Blogs,topic,504374.0,0.0,0.0
video::AakUTlieyH0,video,1,Crisis de seguridad en Guatemala,sin_comentarios_recolectados,,,,,,,,,AakUTlieyH0,Crisis de seguridad en Guatemala,UC-GLagjBhWAZ3IOWFgzqIAw,Canal Antigua,News & Politics,topic,733.0,0.0,0.0
video::Ab0RrbzxyBU,video,1,Municipalidad de Guatemala 17/11/2025,sin_comentarios_recolectados,,,,,,,,,Ab0RrbzxyBU,Municipalidad de Guatemala 17/11/2025,UCW_PHqwqCCalvQGOEsVU0jw,Concejales de Oposición - Muni Guate,People & Blogs,topic,117.0,0.0,0.0
video::AlbPEU3rbZs,video,1,Conferencia de Prensa del Gobierno de Guatemala. #LaRondaGt,sin_comentarios_recolectados,,,,,,,,,AlbPEU3rbZs,Conferencia de Prensa del Gobierno de Guatemala. #LaRondaGt,UC-ZtFBHzgkYFh7whZkuR_Ag,Gobierno de la República de Guatemala,Entertainment,topic,870.0,0.0,0.0
video::ArljwpsURdY,video,1,"Entrevista especial con Claudinne Ogaldes, Secretaria Ejecutiva de la SE-CONRED",sin_comentarios_recolectados,,,,,,,,,ArljwpsURdY,"Entrevista especial con Claudinne Ogaldes, Secretaria Ejecutiva de la SE-CONRED",UC6SA1dVHvAkc6yNS_t5cbGw,Conred,Education,official_gov,416.0,0.0,0.0
video::B60bWqpVUIE,video,1,Así es el transporte público en Ciudad de Guatemala,sin_comentarios_recolectados,,,,,,,,,B60bWqpVUIE,Así es el transporte público en Ciudad de Guatemala,UCBedZZFhxFcMudI8oM5joSQ,PaulinoG,Travel & Events,topic,96794.0,0.0,0.0
video::BLc_KXPng9g,video,1,Conferencia de Prensa del Gobierno de Guatemala. #LaRondaGT,sin_comentarios_recolectados,,,,,,,,,BLc_KXPng9g,Conferencia de Prensa del Gobierno de Guatemala. #LaRondaGT,UC-ZtFBHzgkYFh7whZkuR_Ag,Gobierno de la República de Guatemala,Entertainment,topic,720.0,0.0,0.0
video::BUNeDEi0yVU,video,1,CIV LICITACIÓN 800 KM 110717,sin_comentarios_recolectados,,,,,,,,,BUNeDEi0yVU,CIV LICITACIÓN 800 KM 110717,UCAutgrPkiLhZxTB-Ujje1fw,CIV -Ministerio de Comunicaciones,People & Blogs,official_gov,26.0,0.0,0.0
video::BW41jT3t3oI,video,1,Provial,sin_comentarios_recolectados,,,,,,,,,BW41jT3t3oI,Provial,UCuKuUrmHoNaJJHE27Aac9PQ,PROVIAL-CIV,People & Blogs,official_gov,79.0,0.0,0.0
video::BbAeamItalk,video,1,ZARAGOZA DA UN PASO HACIA EL FORTALECIMIENTO DEL DEPORTE CON NUEVA CIUDAD DEPORTIVA,sin_comentarios_recolectados,,,,,,,,,BbAeamItalk,ZARAGOZA DA UN PASO HACIA EL FORTALECIMIENTO DEL DEPORTE CON NUEVA CIUDAD DEPORTIVA,UCgItjn_ZWFWcv1MlpKIkqgQ,IDocumenta,News & Politics,topic,7.0,0.0,0.0
video::Bdn2nxDqQ90,video,1,Video Viral de PMT / GUATEMALA,sin_comentarios_recolectados,,,,,,,,,Bdn2nxDqQ90,Video Viral de PMT / GUATEMALA,UC6XLvudi9BWjAzCR-6KAHiw,carlos del cid,Film & Animation,official_gov,2482.0,0.0,0.0
video::Bi34XvRV6AM,video,1,Plan de Evacuación CONRED,sin_comentarios_recolectados,,,,,,,,,Bi34XvRV6AM,Plan de Evacuación CONRED,UCyGWWWpmAP5AReA_o8bhaRg,MESCOGT,People & Blogs,official_gov,58.0,0.0,0.0
video::BnZFUzpEDe4,video,1,Municipalidad de Guatemala se moderniza,sin_comentarios_recolectados,,,,,,,,,BnZFUzpEDe4,Municipalidad de Guatemala se moderniza,UCXa6LVjBzUtmcM3cwbd9e2w,Municipalidad de Guatemala,People & Blogs,topic,642.0,0.0,0.0
video::Boj5GILjbI0,video,1,"Spot Rendición de Cuentas, segundo cuatrimestre 2023 - 2",sin_comentarios_recolectados,,,,,,,,,Boj5GILjbI0,"Spot Rendición de Cuentas, segundo cuatrimestre 2023 - 2",UCAutgrPkiLhZxTB-Ujje1fw,CIV -Ministerio de Comunicaciones,People & Blogs,official_gov,26.0,0.0,0.0
video::Bp4LtQT8Hk0,video,1,"Ciudad de Guatemala, el mejor lugar para vivir",sin_comentarios_recolectados,,,,,,,,,Bp4LtQT8Hk0,"Ciudad de Guatemala, el mejor lugar para vivir",UCXa6LVjBzUtmcM3cwbd9e2w,Municipalidad de Guatemala,Entertainment,official_gov,4265.0,0.0,0.0
video::C5hJmAhpMMQ,video,1,"YOUTUBE PUNTO DE ENFOQUE MARIO MEJÍA, SUBDIRECTOR DE INSIVUMEH",sin_comentarios_recolectados,,,,,,,,,C5hJmAhpMMQ,"YOUTUBE PUNTO DE ENFOQUE MARIO MEJÍA, SUBDIRECTOR DE INSIVUMEH",UClgawHgsbqN6Nuok7ds-Szw,INSIVUMEH,Science & Technology,topic,79.0,0.0,0.0
video::C8wk4HWwWyM,video,1,Duro golpe al crimen organizado en Granja Penal de Pavón.,sin_comentarios_recolectados,,,,,,,,,C8wk4HWwWyM,Duro golpe al crimen organizado en Granja Penal de Pavón.,UC-ZtFBHzgkYFh7whZkuR_Ag,Gobierno de la República de Guatemala,Entertainment,topic,2214.0,0.0,0.0
video::CDg6kLRfiqQ,video,1,Acciones relevantes en el #Resumen24Horas,sin_comentarios_recolectados,,,,,,,,,CDg6kLRfiqQ,Acciones relevantes en el #Resumen24Horas,UCHsYnV67K3J0yJ4QeciVCww,PNCdeGuatemala,Science & Technology,official_gov,11048.0,0.0,0.0
video::CJQ46Hr4HcU,video,1,Municipalidad de Guatemala  19/12/2025,sin_comentarios_recolectados,,,,,,,,,CJQ46Hr4HcU,Municipalidad de Guatemala  19/12/2025,UCW_PHqwqCCalvQGOEsVU0jw,Concejales de Oposición - Muni Guate,People & Blogs,topic,222.0,0.0,0.0
video::D3fRGjqHeHI,video,1,"Spot Rendición de Cuentas, segundo cuatrimestre 2023 - 1",sin_comentarios_recolectados,,,,,,,,,D3fRGjqHeHI,"Spot Rendición de Cuentas, segundo cuatrimestre 2023 - 1",UCAutgrPkiLhZxTB-Ujje1fw,CIV -Ministerio de Comunicaciones,People & Blogs,official_gov,23.0,0.0,0.0
video::D4CEpAfkkPI,video,1,Policías arremeten contra agente de PMT en zona 10,sin_comentarios_recolectados,,,,,,,,,D4CEpAfkkPI,Policías arremeten contra agente de PMT en zona 10,UCEepOY2svuxbsJ-zsAPT9Fg,PrensaLibreOficial,News & Politics,official_gov,79044.0,0.0,0.0
video::DBvMeKT4gzo,video,1,La Familia MÁS RICA de GUATEMALA… Ni la Guerra les Quitó el Trono y Hoy son DUEÑOS de tu CERVEZA,sin_comentarios_recolectados,,,,,,,,,DBvMeKT4gzo,La Familia MÁS RICA de GUATEMALA… Ni la Guerra les Quitó el Trono y Hoy son DUEÑOS de tu CERVEZA,UCP1YKuLnn1WhzrkxCv1LILQ,Fortuna Latina,People & Blogs,topic,58881.0,0.0,0.0
video::DC1_qrLUvHI,video,1,Municipalidad de Guatemala 26/08/2026,sin_comentarios_recolectados,,,,,,,,,DC1_qrLUvHI,Municipalidad de Guatemala 26/08/2026,UCW_PHqwqCCalvQGOEsVU0jw,Concejales de Oposición - Muni Guate,People & Blogs,topic,49.0,0.0,0.0
video::DMAKF8n0XJs,video,1,Guatemala TV • ID (2024-2026),sin_comentarios_recolectados,,,,,,,,,DMAKF8n0XJs,Guatemala TV • ID (2024-2026),UC7G_DpDtzHv0wbGJvvFCrNg,Mdpls2,Film & Animation,topic,367.0,0.0,0.0
video::DX5eT-hVU8Q,video,1,250 años Ciudad de Guatemala,sin_comentarios_recolectados,,,,,,,,,DX5eT-hVU8Q,250 años Ciudad de Guatemala,UCXa6LVjBzUtmcM3cwbd9e2w,Municipalidad de Guatemala,News & Politics,official_gov,491.0,0.0,0.0
video::DkxSkQipYwo,video,1,PRESIDENTE BERNARDO ARÉVALO PARTICIPA EN EL ACTO CONMEMORATIVO DEL DÍA DEL EJÉRCITO,sin_comentarios_recolectados,,,,,,,,,DkxSkQipYwo,PRESIDENTE BERNARDO ARÉVALO PARTICIPA EN EL ACTO CONMEMORATIVO DEL DÍA DEL EJÉRCITO,UCgItjn_ZWFWcv1MlpKIkqgQ,IDocumenta,News & Politics,topic,66.0,0.0,0.0
video::EGfy1BxGLIk,video,1,Colabore con las medidas de la PMT,sin_comentarios_recolectados,,,,,,,,,EGfy1BxGLIk,Colabore con las medidas de la PMT,UCXa6LVjBzUtmcM3cwbd9e2w,Municipalidad de Guatemala,Education,official_gov,1437.0,0.0,0.0
video::ELhvo8YnYnI,video,1,Insivumeh prevé lluvias fuertes por dos ondas del este,sin_comentarios_recolectados,,,,,,,,,ELhvo8YnYnI,Insivumeh prevé lluvias fuertes por dos ondas del este,UCt5Dw7ePnn0AqPqRF8Xpjkw,TN23 Guatemala,News & Politics,topic,5182.0,0.0,0.0
video::EQDcEgFpXCk,video,1,Guatemala: Gobierno refuerza lucha contra las pandillas en medio de crisis de seguridad,sin_comentarios_recolectados,,,,,,,,,EQDcEgFpXCk,Guatemala: Gobierno refuerza lucha contra las pandillas en medio de crisis de seguridad,UCUdOoVWuWmgo1wByzcsyKDQ,FRANCE 24 Español,News & Politics,topic,5459.0,0.0,0.0
video::EZfm-05qtWo,video,1,Municipalidad de Guatemala prepara plan de actividades en Semana Santa 2023,sin_comentarios_recolectados,,,,,,,,,EZfm-05qtWo,Municipalidad de Guatemala prepara plan de actividades en Semana Santa 2023,UCFu4dCls6GPdTvgIeE9wjOA,Cucurucho en Guatemala,People & Blogs,topic,128.0,0.0,0.0
video::F72Rdq5crG4,video,1,Cambios en el Ministerio de Comunicaciones: Salen Lizzette Benítez y Adrián Zapata Alamilla,sin_comentarios_recolectados,,,,,,,,,F72Rdq5crG4,Cambios en el Ministerio de Comunicaciones: Salen Lizzette Benítez y Adrián Zapata Alamilla,UC-GLagjBhWAZ3IOWFgzqIAw,Canal Antigua,News & Politics,official_gov,1441.0,0.0,0.0
video::FEc1BCuBiDg,video,1,¡Estamos con ustedes!,sin_comentarios_recolectados,,,,,,,,,FEc1BCuBiDg,¡Estamos con ustedes!,UCXa6LVjBzUtmcM3cwbd9e2w,Municipalidad de Guatemala,News & Politics,topic,1562.0,0.0,0.0
video::FQP4JTo9ShA,video,1,Rafael Carrera y el nacimiento de Guatemala,sin_comentarios_recolectados,,,,,,,,,FQP4JTo9ShA,Rafael Carrera y el nacimiento de Guatemala,UCvegRo82EipXUzAHQXZmr4A,MundoHistoria,Education,topic,1420.0,0.0,0.0
video::FU5zLTb4inc,video,1,#EnVivoDCA | Conferencia de prensa del Gobierno de Guatemala,sin_comentarios_recolectados,,,,,,,,,FU5zLTb4inc,#EnVivoDCA | Conferencia de prensa del Gobierno de Guatemala,UCaivrAhro2BpsJdrPe-IyRg,Diario de Centro América,News & Politics,topic,549.0,0.0,0.0
video::Fapc1-8m5Zc,video,1,Municipalidad de Guatemala 21/11/2025,sin_comentarios_recolectados,,,,,,,,,Fapc1-8m5Zc,Municipalidad de Guatemala 21/11/2025,UCW_PHqwqCCalvQGOEsVU0jw,Concejales de Oposición - Muni Guate,People & Blogs,topic,282.0,0.0,0.0
video::Fb2Ccfq5S9w,video,1,Reo y su esposa fueron asesinados dentro del Preventivo de zona 18,sin_comentarios_recolectados,,,,,,,,,Fb2Ccfq5S9w,Reo y su esposa fueron asesinados dentro del Preventivo de zona 18,UCt5Dw7ePnn0AqPqRF8Xpjkw,TN23 Guatemala,News & Politics,topic,15431.0,0.0,0.0
video::FuTz67jS7m0,video,1,124 nuevos brigadas refuerzan la seguridad vial en Guatemala,sin_comentarios_recolectados,,,,,,,,,FuTz67jS7m0,124 nuevos brigadas refuerzan la seguridad vial en Guatemala,UCuKuUrmHoNaJJHE27Aac9PQ,PROVIAL-CIV,Education,official_gov,45.0,0.0,0.0
video::G2u4Rbq7zU4,video,1,Arévalo anuncia nueva cárcel de máxima seguridad en Guatemala,sin_comentarios_recolectados,,,,,,,,,G2u4Rbq7zU4,Arévalo anuncia nueva cárcel de máxima seguridad en Guatemala,UCt5Dw7ePnn0AqPqRF8Xpjkw,TN23 Guatemala,News & Politics,topic,6327.0,0.0,0.0
video::GgU7qhmf020,video,1,Sueños GT: educación para la niñez de vendedores ambulantes en Antigua | Super - Episodio 1,sin_comentarios_recolectados,,,,,,,,,GgU7qhmf020,Sueños GT: educación para la niñez de vendedores ambulantes en Antigua | Super - Episodio 1,UCE4rsXcgDb6e1-a9iTbWzfg,Quorum,Nonprofits & Activism,topic,167.0,0.0,0.0
video::GjGMSFSE1gY,video,1,"“Gracias a dios, no hay reelección” 🤡",sin_comentarios_recolectados,,,,,,,,,GjGMSFSE1gY,"“Gracias a dios, no hay reelección” 🤡",UCE4rsXcgDb6e1-a9iTbWzfg,Quorum,News & Politics,channel,130.0,0.0,0.0
video::HMJXf1VdM5E,video,1,Lluvia inusual de Martes Santo provoca inundaciones en zona 1 de Villa Nueva,sin_comentarios_recolectados,,,,,,,,,HMJXf1VdM5E,Lluvia inusual de Martes Santo provoca inundaciones en zona 1 de Villa Nueva,UCEepOY2svuxbsJ-zsAPT9Fg,PrensaLibreOficial,News & Politics,topic,1688.0,0.0,0.0
video::H_TGv_cMwww,video,1,PMT: La fuerza laboral reguladora del tránsito más grande,sin_comentarios_recolectados,,,,,,,,,H_TGv_cMwww,PMT: La fuerza laboral reguladora del tránsito más grande,UCXa6LVjBzUtmcM3cwbd9e2w,Municipalidad de Guatemala,News & Politics,official_gov,2383.0,0.0,0.0
video::I277M6i4jnY,video,1,Gestión del Riesgo de Desastres desde las comunidades.,sin_comentarios_recolectados,,,,,,,,,I277M6i4jnY,Gestión del Riesgo de Desastres desde las comunidades.,UC-ZtFBHzgkYFh7whZkuR_Ag,Gobierno de la República de Guatemala,Entertainment,topic,242.0,0.0,0.0
video::IZLflL4Hgco,video,1,El ciudadano Toriello da un paso al frente,sin_comentarios_recolectados,,,,,,,,,IZLflL4Hgco,El ciudadano Toriello da un paso al frente,UCGSQ821fpPy-yXL9mUmKbBg,TanGente Podcast,Entertainment,topic,28013.0,0.0,0.0
video::IcF9rRdAtp8,video,1,Ministro de Comunicaciones Alejandro Sinibaldi realiza supervisión en la Ruta CA-1 Occidente,sin_comentarios_recolectados,,,,,,,,,IcF9rRdAtp8,Ministro de Comunicaciones Alejandro Sinibaldi realiza supervisión en la Ruta CA-1 Occidente,UCiQAWoQNcuKIAvCCFQC54UQ,Ministerio de Comunicaciones Infraestructura y Vivienda,People & Blogs,official_gov,211.0,0.0,0.0
video::J6ctng-yAnI,video,1,CIV PROVIAL GRADUACIÓN XV PROMOCIÓN BRIGADAS 140619,sin_comentarios_recolectados,,,,,,,,,J6ctng-yAnI,CIV PROVIAL GRADUACIÓN XV PROMOCIÓN BRIGADAS 140619,UCAutgrPkiLhZxTB-Ujje1fw,CIV -Ministerio de Comunicaciones,People & Blogs,official_gov,2981.0,0.0,0.0
video::JErfmk-TlRg,video,1,Rendición de Cuentas - Primer Cuatrimestre 2023,sin_comentarios_recolectados,,,,,,,,,JErfmk-TlRg,Rendición de Cuentas - Primer Cuatrimestre 2023,UCAutgrPkiLhZxTB-Ujje1fw,CIV -Ministerio de Comunicaciones,People & Blogs,official_gov,32.0,0.0,0.0
video::J_HBzJUTOus,video,1,Presentan estrategia nacional para prevenir violencia durante recorridos de antorchas,sin_comentarios_recolectados,,,,,,,,,J_HBzJUTOus,Presentan estrategia nacional para prevenir violencia durante recorridos de antorchas,UC8u2nvyHewt-mjdWSj0HJmQ,Ministerio de Gobernación,News & Politics,official_gov,17.0,0.0,0.0
video::JdxHJkQjM50,video,1,🚡 ¿Cómo va avanzando #AeroMetroGT?,sin_comentarios_recolectados,,,,,,,,,JdxHJkQjM50,🚡 ¿Cómo va avanzando #AeroMetroGT?,UCXa6LVjBzUtmcM3cwbd9e2w,Municipalidad de Guatemala,News & Politics,topic,20901.0,0.0,0.0
video::JgmCtBQWNL8,video,1,Conferencia de Prensa del Gobierno de Guatemala. #LaRondaGt,sin_comentarios_recolectados,,,,,,,,,JgmCtBQWNL8,Conferencia de Prensa del Gobierno de Guatemala. #LaRondaGt,UC-ZtFBHzgkYFh7whZkuR_Ag,Gobierno de la República de Guatemala,Entertainment,topic,1165.0,0.0,0.0
video::JkpVO1hx2f8,video,1,10 Preguntas a un año del Paro Nacional,con_comentarios_recolectados,,,,,,,,,JkpVO1hx2f8,10 Preguntas a un año del Paro Nacional,UCE4rsXcgDb6e1-a9iTbWzfg,Quorum,News & Politics,channel,673.0,3.0,3.0
video::Jr1hJ92H_Nc,video,1,"#SinMáscaras | GUERRA SUCIA PERO SUCIA EN SERIO LLEGA A TV AZTECA CON AMPARO, CAMIN Y CASTAÑEDA",sin_comentarios_recolectados,,,,,,,,,Jr1hJ92H_Nc,"#SinMáscaras | GUERRA SUCIA PERO SUCIA EN SERIO LLEGA A TV AZTECA CON AMPARO, CAMIN Y CASTAÑEDA",UCH4M_4Ed6SUidQthmZ60M2g,Manuel Pedrero,News & Politics,topic,62941.0,0.0,0.0
video::K1IA6oTGws8,video,1,#EnVivoDCA | Conferencia de prensa del Gobierno de Guatemala,sin_comentarios_recolectados,,,,,,,,,K1IA6oTGws8,#EnVivoDCA | Conferencia de prensa del Gobierno de Guatemala,UCaivrAhro2BpsJdrPe-IyRg,Diario de Centro América,News & Politics,official_gov,530.0,0.0,0.0
video::K2qWcueeMOc,video,1,#EnvivoDCA | Conferencia de prensa de Gobierno de Guatemala,sin_comentarios_recolectados,,,,,,,,,K2qWcueeMOc,#EnvivoDCA | Conferencia de prensa de Gobierno de Guatemala,UCaivrAhro2BpsJdrPe-IyRg,Diario de Centro América,News & Politics,official_gov,802.0,0.0,0.0
video::K50uijsHnAM,video,1,Informe desde Ciudad de Guatemala: crisis de seguridad tras ataques contra la Policía,sin_comentarios_recolectados,,,,,,,,,K50uijsHnAM,Informe desde Ciudad de Guatemala: crisis de seguridad tras ataques contra la Policía,UCUdOoVWuWmgo1wByzcsyKDQ,FRANCE 24 Español,News & Politics,topic,135249.0,0.0,0.0
video::KIO6wIJXYY0,video,1,"Se tiene que cambiar el sistema electoral en Guatemala, asegura exfiscal",sin_comentarios_recolectados,,,,,,,,,KIO6wIJXYY0,"Se tiene que cambiar el sistema electoral en Guatemala, asegura exfiscal",UC_lEiu6917IJz03TnntWUaQ,CNN en Español,News & Politics,topic,16830.0,0.0,0.0
video::KWCyMd4dxkY,video,1,Recorrido de los 21K BAM de la Municipalidad de Guatemala,sin_comentarios_recolectados,,,,,,,,,KWCyMd4dxkY,Recorrido de los 21K BAM de la Municipalidad de Guatemala,UCXa6LVjBzUtmcM3cwbd9e2w,Municipalidad de Guatemala,News & Politics,official_gov,13077.0,0.0,0.0
video::KkNQhX_kg8A,video,1,🇬🇹HISTORIA de GUATEMALA en 17 minutos🇬🇹 - El Mapa de Sebas,sin_comentarios_recolectados,,,,,,,,,KkNQhX_kg8A,🇬🇹HISTORIA de GUATEMALA en 17 minutos🇬🇹 - El Mapa de Sebas,UCVbOEcs6RMxXXX3WWNtl_Fw,El Mapa de Sebas,Education,topic,749356.0,0.0,0.0
video::LRzZy8xBrjA,video,1,Conferencia de prensa ante el incremento de los combustibles.,sin_comentarios_recolectados,,,,,,,,,LRzZy8xBrjA,Conferencia de prensa ante el incremento de los combustibles.,UC-ZtFBHzgkYFh7whZkuR_Ag,Gobierno de la República de Guatemala,Entertainment,official_gov,670.0,0.0,0.0
video::LeN6wpNIB-4,video,1,GUATEMALA RECIBE 135 NICARAGUENESES LIBERADOS POR ORTEGA,sin_comentarios_recolectados,,,,,,,,,LeN6wpNIB-4,GUATEMALA RECIBE 135 NICARAGUENESES LIBERADOS POR ORTEGA,UCgItjn_ZWFWcv1MlpKIkqgQ,IDocumenta,People & Blogs,topic,28.0,0.0,0.0
video::LqY_vAsa4PY,video,1,“Guatemala: Una historia escrita con corrupción”,sin_comentarios_recolectados,,,,,,,,,LqY_vAsa4PY,“Guatemala: Una historia escrita con corrupción”,UCBQ9OCZNvmC--OH_e-qGGiA,PFNSE MEDIA,News & Politics,topic,2291.0,0.0,0.0
video::MMECHN8SFNw,video,1,"Noticiero en Directo 1 pm, 27 de Agosto de 2026",sin_comentarios_recolectados,,,,,,,,,MMECHN8SFNw,"Noticiero en Directo 1 pm, 27 de Agosto de 2026",UCdSVqHGHzyMTXSafUHY-e-w,Noticiero Guatevisión 13 Hrs.,News & Politics,topic,4838.0,0.0,0.0
video::MRJ9mKnXR9M,video,1,Labor de la PMT es honesta aseguran vecinos,sin_comentarios_recolectados,,,,,,,,,MRJ9mKnXR9M,Labor de la PMT es honesta aseguran vecinos,UCXa6LVjBzUtmcM3cwbd9e2w,Municipalidad de Guatemala,People & Blogs,official_gov,1075.0,0.0,0.0
video::MdIa2Dtj77I,video,1,"Consejos para tu viaje a Guatemala: hospedaje, telefonía, transporte y más!   ✈️ 🇬🇹",sin_comentarios_recolectados,,,,,,,,,MdIa2Dtj77I,"Consejos para tu viaje a Guatemala: hospedaje, telefonía, transporte y más!   ✈️ 🇬🇹",UCZyaNecz9ugVReNcNfXXurA,Aventuras de una programadora,People & Blogs,topic,134775.0,0.0,0.0
video::Mh94uXZvCLo,video,1,DE LOS BOTS AL RECHAZO: CERIMEDO Y LA “GUERRILLA DE LAS REDES” | CAPÍTULO 3 DE 8,sin_comentarios_recolectados,,,,,,,,,Mh94uXZvCLo,DE LOS BOTS AL RECHAZO: CERIMEDO Y LA “GUERRILLA DE LAS REDES” | CAPÍTULO 3 DE 8,UCBDxkiJk5id4TIOa1FotGUA,La Coma,News & Politics,topic,21.0,0.0,0.0
video::Mme4XikKnlc,video,1,Municipalidad anuncia 111 nuevos autobuses y 17 rutas para mejorar el transporte en la capital,sin_comentarios_recolectados,,,,,,,,,Mme4XikKnlc,Municipalidad anuncia 111 nuevos autobuses y 17 rutas para mejorar el transporte en la capital,UCEepOY2svuxbsJ-zsAPT9Fg,PrensaLibreOficial,News & Politics,topic,3146.0,0.0,0.0
video::N1QkRu38BFE,video,1,¡YA CAYÓ ALITO MORENO! ALERTA LO DESTITUYEN DIPUTADOS VOTAN PARA SACARLO DEL SENADO! CLAUDIA INFORMA,sin_comentarios_recolectados,,,,,,,,,N1QkRu38BFE,¡YA CAYÓ ALITO MORENO! ALERTA LO DESTITUYEN DIPUTADOS VOTAN PARA SACARLO DEL SENADO! CLAUDIA INFORMA,UC2EbdGoJZwR_WvkmB0i4rMg,Alexis Burelo,News & Politics,topic,15747.0,0.0,0.0
video::NCvoO61aIfw,video,1,Ya casi! Así avanza el Aerómetro que cambiará el transporte en Guatemala,sin_comentarios_recolectados,,,,,,,,,NCvoO61aIfw,Ya casi! Así avanza el Aerómetro que cambiará el transporte en Guatemala,UCkXkEfAaEGxUaIT6TBBkwMw,One Life,Entertainment,topic,26744.0,0.0,0.0
video::NcIcixCdQH4,video,1,PNC garantiza seguridad a turistas que visitan el colcán de Agua,sin_comentarios_recolectados,,,,,,,,,NcIcixCdQH4,PNC garantiza seguridad a turistas que visitan el colcán de Agua,UCHsYnV67K3J0yJ4QeciVCww,PNCdeGuatemala,Science & Technology,official_gov,7681.0,0.0,0.0
video::Nc_Iy0MriYw,video,1,🛑🛑Actualización PROVIAL🛑🛑,sin_comentarios_recolectados,,,,,,,,,Nc_Iy0MriYw,🛑🛑Actualización PROVIAL🛑🛑,UCuKuUrmHoNaJJHE27Aac9PQ,PROVIAL-CIV,News & Politics,official_gov,179.0,0.0,0.0
video::NnKpTEfhWjI,video,1,✅ ASÍ es una EXHIBICION DE BUSES EN GUATEMALA,sin_comentarios_recolectados,,,,,,,,,NnKpTEfhWjI,✅ ASÍ es una EXHIBICION DE BUSES EN GUATEMALA,UCDfEVbDrimcKw5lfbps915g,De todo Gt,Travel & Events,topic,424874.0,0.0,0.0
video::O6gI0ooBM3E,video,1,¿Cómo es el tráfico en Guatemala? 56 días perdidos cada año y una emergencia nacional,sin_comentarios_recolectados,,,,,,,,,O6gI0ooBM3E,¿Cómo es el tráfico en Guatemala? 56 días perdidos cada año y una emergencia nacional,UC8mJT9xUcwgEM1vaMaruysw,República TV,News & Politics,topic,16786.0,0.0,0.0
video::OXf_VvvyIDw,video,1,Municipalidad de Guatemala 31/08/2026,sin_comentarios_recolectados,,,,,,,,,OXf_VvvyIDw,Municipalidad de Guatemala 31/08/2026,UCW_PHqwqCCalvQGOEsVU0jw,Concejales de Oposición - Muni Guate,People & Blogs,topic,28.0,0.0,0.0
video::OgOICSTSa7k,video,1,¡DÉJAME VIVIR! GUATEMALA INTENSIFICA LA LUCHA CONTRA LA CACERÍA ILEGAL DE FAUNA SILVESTRE,sin_comentarios_recolectados,,,,,,,,,OgOICSTSa7k,¡DÉJAME VIVIR! GUATEMALA INTENSIFICA LA LUCHA CONTRA LA CACERÍA ILEGAL DE FAUNA SILVESTRE,UCgItjn_ZWFWcv1MlpKIkqgQ,IDocumenta,News & Politics,topic,6.0,0.0,0.0
video::OkXlHx0hx-8,video,1,EE.UU. envía a mexicanos deportados a Guatemala antes de su regreso a México | Noticias Telemundo,con_comentarios_recolectados,,,,,,,,,OkXlHx0hx-8,EE.UU. envía a mexicanos deportados a Guatemala antes de su regreso a México | Noticias Telemundo,UCRwA1NUcUnwsly35ikGhp0A,Noticias Telemundo,News & Politics,topic,14200.0,25.0,18.0
video::On7jqOm1bpg,video,1,🌟Seguimos avanzando🌱,sin_comentarios_recolectados,,,,,,,,,On7jqOm1bpg,🌟Seguimos avanzando🌱,UCAutgrPkiLhZxTB-Ujje1fw,CIV -Ministerio de Comunicaciones,News & Politics,official_gov,10.0,0.0,0.0
video::Oy6sKBhduu4,video,1,"Realizan Reunión Ordinaria de #CODEDE, 25 de febrero 2025.",sin_comentarios_recolectados,,,,,,,,,Oy6sKBhduu4,"Realizan Reunión Ordinaria de #CODEDE, 25 de febrero 2025.",UC_ONTY8RI6b-VqB-dhQ5qBQ,Camarita Castro GT,People & Blogs,topic,84.0,0.0,0.0
video::Oztw_Hta52I,video,1,TRAFICO EN GUATEMALA,sin_comentarios_recolectados,,,,,,,,,Oztw_Hta52I,TRAFICO EN GUATEMALA,UC6ZUGqkstVjgNPvxtb90d8A,CHAPINISIMO,Entertainment,topic,2326.0,0.0,0.0
video::PMaSDoG0H1U,video,1,¿Adiós al tráfico? Así es la nueva carretera Radial 6 para Guatemala,sin_comentarios_recolectados,,,,,,,,,PMaSDoG0H1U,¿Adiós al tráfico? Así es la nueva carretera Radial 6 para Guatemala,UCMJ_FUWKr7PyXfvY55BdGZg,La Red 1061,News & Politics,topic,60.0,0.0,0.0
video::Pg1qw0KJI4E,video,1,"Surgen detalles de la masacre en Boca del Monte: madre de un bombero e influencer, entre víctimas",sin_comentarios_recolectados,,,,,,,,,Pg1qw0KJI4E,"Surgen detalles de la masacre en Boca del Monte: madre de un bombero e influencer, entre víctimas",UCEepOY2svuxbsJ-zsAPT9Fg,PrensaLibreOficial,News & Politics,topic,20503.0,0.0,0.0
video::PjmxCj-a9Hg,video,1,Conferencia de Prensa del Gobierno de Guatemala. #LaRondaGt,con_comentarios_recolectados,,,,,,,,,PjmxCj-a9Hg,Conferencia de Prensa del Gobierno de Guatemala. #LaRondaGt,UC-ZtFBHzgkYFh7whZkuR_Ag,Gobierno de la República de Guatemala,Entertainment,topic,3628.0,25.0,19.0
video::Q-MNTYsZgk4,video,1,¿Qué ha pasado con la contaminación del aire?,sin_comentarios_recolectados,,,,,,,,,Q-MNTYsZgk4,¿Qué ha pasado con la contaminación del aire?,UCE4rsXcgDb6e1-a9iTbWzfg,Quorum,News & Politics,channel,45.0,0.0,0.0
video::Q7j1OUxkn9w,video,1,Dañan puerta del área de parqueo del Congreso,sin_comentarios_recolectados,,,,,,,,,Q7j1OUxkn9w,Dañan puerta del área de parqueo del Congreso,UCmoP9Lvc92Bsl4Vu90kv9GQ,InfoGT Noticias,People & Blogs,topic,4725.0,0.0,0.0
video::Q7nhEeibBK4,video,1,Desfile navideño 2024  -   @MunicipalidaddeGuatemala-1551,sin_comentarios_recolectados,,,,,,,,,Q7nhEeibBK4,Desfile navideño 2024  -   @MunicipalidaddeGuatemala-1551,UCbKjY2f2sGaghyrIeqjZvmg,ALIS MOLINA CREA,Entertainment,topic,255.0,0.0,0.0
video::QUG4etpjgos,video,1,Guatemala Habla sobre la seguridad en el país,sin_comentarios_recolectados,,,,,,,,,QUG4etpjgos,Guatemala Habla sobre la seguridad en el país,UCaivrAhro2BpsJdrPe-IyRg,Diario de Centro América,News & Politics,topic,35.0,0.0,0.0
video::Qc_oHqe4Cjc,video,1,QUÉ GUARDAS EN LA CINTURA?  🔫🥕🥓🐷🤔@lilyvlogs6899 @ElJuanete1987 @Soychap1n @SimplementeFlori,sin_comentarios_recolectados,,,,,,,,,Qc_oHqe4Cjc,QUÉ GUARDAS EN LA CINTURA?  🔫🥕🥓🐷🤔@lilyvlogs6899 @ElJuanete1987 @Soychap1n @SimplementeFlori,UCzwR2o8LFAgAMfO0KIcFh0A,CANALES ROBOS Y MENTIRAS 💰🧐,People & Blogs,topic,2166.0,0.0,0.0
video::R-fRv_WoZOE,video,1,Conferencia de Prensa del Gobierno de Guatemala. #LaRondaGT,sin_comentarios_recolectados,,,,,,,,,R-fRv_WoZOE,Conferencia de Prensa del Gobierno de Guatemala. #LaRondaGT,UC-ZtFBHzgkYFh7whZkuR_Ag,Gobierno de la República de Guatemala,Entertainment,topic,1284.0,0.0,0.0
video::RIpKKQh26cg,video,1,Ejército de Guatemala descubre túnel para fuga masiva en penal de Pavón,sin_comentarios_recolectados,,,,,,,,,RIpKKQh26cg,Ejército de Guatemala descubre túnel para fuga masiva en penal de Pavón,UCt5Dw7ePnn0AqPqRF8Xpjkw,TN23 Guatemala,News & Politics,topic,29782.0,0.0,0.0
video::RjG-y7Y2-k4,video,1,#EnVivoDCA | Conferencia de prensa del Gobierno de Guatemala,sin_comentarios_recolectados,,,,,,,,,RjG-y7Y2-k4,#EnVivoDCA | Conferencia de prensa del Gobierno de Guatemala,UCaivrAhro2BpsJdrPe-IyRg,Diario de Centro América,News & Politics,topic,239.0,0.0,0.0
video::Rk-3ks9mh3o,video,1,CIV ✔️ garantiza transparencia 🔍 y rendición de cuentas📝,sin_comentarios_recolectados,,,,,,,,,Rk-3ks9mh3o,CIV ✔️ garantiza transparencia 🔍 y rendición de cuentas📝,UCAutgrPkiLhZxTB-Ujje1fw,CIV -Ministerio de Comunicaciones,News & Politics,official_gov,21.0,0.0,0.0
video::ShYWqmOpjFk,video,1,Ministro de Comunicaciones reitera sobre avances en ruta Palín-Escuintla,sin_comentarios_recolectados,,,,,,,,,ShYWqmOpjFk,Ministro de Comunicaciones reitera sobre avances en ruta Palín-Escuintla,UCrAoF9-9Vvb9_zK0t-m2Rhg,La Hora,News & Politics,official_gov,242.0,0.0,0.0
video::SryjaiL2B4Q,video,1,#EnVivoDCA | Conferencia de prensa del Gobierno de Guatemala,sin_comentarios_recolectados,,,,,,,,,SryjaiL2B4Q,#EnVivoDCA | Conferencia de prensa del Gobierno de Guatemala,UCaivrAhro2BpsJdrPe-IyRg,Diario de Centro América,News & Politics,official_gov,352.0,0.0,0.0
video::THY2YBne3QE,video,1,"Los ALUCINANTES autobuses de Guatemala | ""Burras""",sin_comentarios_recolectados,,,,,,,,,THY2YBne3QE,"Los ALUCINANTES autobuses de Guatemala | ""Burras""",UCECJDeK0MNapZbpaOzxrUPA,Luisito Comunica,Comedy,topic,8190449.0,0.0,0.0
video::TSID63-IC3Y,video,1,Operativo Relámpago de -PROVIAL - DGT - DIACO -  en 41 Calle Zona 8 de la ciudad Capital.,sin_comentarios_recolectados,,,,,,,,,TSID63-IC3Y,Operativo Relámpago de -PROVIAL - DGT - DIACO -  en 41 Calle Zona 8 de la ciudad Capital.,UCuKuUrmHoNaJJHE27Aac9PQ,PROVIAL-CIV,People & Blogs,official_gov,332.0,0.0,0.0
video::TT4qJ5FXHYE,video,1,"I’x K’at: el primer equipo guatemalteco de pelota maya, conformado únicamente por mujeres.",con_comentarios_recolectados,,,,,,,,,TT4qJ5FXHYE,"I’x K’at: el primer equipo guatemalteco de pelota maya, conformado únicamente por mujeres.",UCE4rsXcgDb6e1-a9iTbWzfg,Quorum,News & Politics,channel,1075.0,4.0,4.0
video::TTijnAoFnzY,video,1,Conred reprograma simulacro nacional para el 24 de febrero,sin_comentarios_recolectados,,,,,,,,,TTijnAoFnzY,Conred reprograma simulacro nacional para el 24 de febrero,UCq0Cm-3SKthEySQc2JZBi1A,T13 Noticias Guatemala,News & Politics,official_gov,200.0,0.0,0.0
video::TXlMv6bt25w,video,1,"Más de 42 mil afectados por lluvias en Guatemala; Conred reporta 1,046 emergencias",sin_comentarios_recolectados,,,,,,,,,TXlMv6bt25w,"Más de 42 mil afectados por lluvias en Guatemala; Conred reporta 1,046 emergencias",UCEepOY2svuxbsJ-zsAPT9Fg,PrensaLibreOficial,News & Politics,topic,2294.0,0.0,0.0
video::TnZGNY1RsJE,video,1,Festival navideño 2025 @MunicipalidaddeGuatemala-1551,sin_comentarios_recolectados,,,,,,,,,TnZGNY1RsJE,Festival navideño 2025 @MunicipalidaddeGuatemala-1551,UCuc8l25EFE17DV8dD64d2AQ,HeX4EveR,People & Blogs,topic,148.0,0.0,0.0
video::UDFS8gl80h8,video,1,#AprendeConCONRED qué es el Sistema CONRED y quienes lo conforman.,sin_comentarios_recolectados,,,,,,,,,UDFS8gl80h8,#AprendeConCONRED qué es el Sistema CONRED y quienes lo conforman.,UC6SA1dVHvAkc6yNS_t5cbGw,Conred,Education,official_gov,521.0,0.0,0.0
video::UTf26hS1UJ8,video,1,🚦💙 PROVIAL: Proteger y Servir,sin_comentarios_recolectados,,,,,,,,,UTf26hS1UJ8,🚦💙 PROVIAL: Proteger y Servir,UCuKuUrmHoNaJJHE27Aac9PQ,PROVIAL-CIV,Education,official_gov,38.0,0.0,0.0
video::UcvHq8j-J38,video,1,"Ministerio de Comunicaciones, Infraestructura y Vivienda y los Consejos de Desarrollo",sin_comentarios_recolectados,,,,,,,,,UcvHq8j-J38,"Ministerio de Comunicaciones, Infraestructura y Vivienda y los Consejos de Desarrollo",UCJJ071vIw7Bu8lJmXfiVrKw,Ministerio de Finanzas Públicas Guatemala,News & Politics,official_gov,222.0,0.0,0.0
video::UhL9y3KUl8E,video,1,SHAI WA: la vecina queer de Casa Presidencial,con_comentarios_recolectados,,,,,,,,,UhL9y3KUl8E,SHAI WA: la vecina queer de Casa Presidencial,UCE4rsXcgDb6e1-a9iTbWzfg,Quorum,News & Politics,channel,1755.0,1.0,1.0
video::UzeOcBM9cuU,video,1,Conred Podcast Episodio 04: Amenaza sísmica y volcánica en Guatemala,sin_comentarios_recolectados,,,,,,,,,UzeOcBM9cuU,Conred Podcast Episodio 04: Amenaza sísmica y volcánica en Guatemala,UC6SA1dVHvAkc6yNS_t5cbGw,Conred,Education,official_gov,127.0,0.0,0.0
video::VfBrLONPnFM,video,1,ME quité el MIEDO de viajar en los buses de GUATEMALA 🔥,sin_comentarios_recolectados,,,,,,,,,VfBrLONPnFM,ME quité el MIEDO de viajar en los buses de GUATEMALA 🔥,UCDfEVbDrimcKw5lfbps915g,De todo Gt,People & Blogs,topic,329489.0,0.0,0.0
video::VgcpKa1h_2Q,video,1,CONQUISTA LA CIUDAD / 21K BAM de la Municipalidad de Guatemala,sin_comentarios_recolectados,,,,,,,,,VgcpKa1h_2Q,CONQUISTA LA CIUDAD / 21K BAM de la Municipalidad de Guatemala,UC_nkMVSKgO9PeEaZ3LbPodg,21KMuniGuate,Sports,topic,3110.0,0.0,0.0
video::VuIl4tjeKGQ,video,1,La ciudad sigue modernizándose para ti y tu familia.,sin_comentarios_recolectados,,,,,,,,,VuIl4tjeKGQ,La ciudad sigue modernizándose para ti y tu familia.,UCXa6LVjBzUtmcM3cwbd9e2w,Municipalidad de Guatemala,News & Politics,official_gov,39168.0,0.0,0.0
video::W415t12o3DA,video,1,Mujer con crisis nerviosa tras intento de asalto,sin_comentarios_recolectados,,,,,,,,,W415t12o3DA,Mujer con crisis nerviosa tras intento de asalto,UCt5Dw7ePnn0AqPqRF8Xpjkw,TN23 Guatemala,News & Politics,topic,4737.0,0.0,0.0
video::WIUZtitfLRw,video,1,Caminar en una ciudad hecha para carros,con_comentarios_recolectados,,,,,,,,,WIUZtitfLRw,Caminar en una ciudad hecha para carros,UCE4rsXcgDb6e1-a9iTbWzfg,Quorum,News & Politics,channel,422.0,6.0,6.0
video::WQcgx8rs0Qo,video,1,"PMT SE BURL4 DE UN MOTORISTA D1SC4PACIT4D0, DISCULPESE POR FAVOR VILLA NUEVA, GUATEMALA.",sin_comentarios_recolectados,,,,,,,,,WQcgx8rs0Qo,"PMT SE BURL4 DE UN MOTORISTA D1SC4PACIT4D0, DISCULPESE POR FAVOR VILLA NUEVA, GUATEMALA.",UCH1AYkCs1GpNK_xUwFYTsaQ,Cronos Time GT,Education,official_gov,1861.0,0.0,0.0
video::WXA2Apo79jA,video,1,Resumen de atención a Emergencias CIV,sin_comentarios_recolectados,,,,,,,,,WXA2Apo79jA,Resumen de atención a Emergencias CIV,UCAutgrPkiLhZxTB-Ujje1fw,CIV -Ministerio de Comunicaciones,News & Politics,official_gov,29.0,0.0,0.0
video::WXgGL9rZUHo,video,1,#EnvivoDCA | Conferencia de prensa del Gobierno de Guatemala,sin_comentarios_recolectados,,,,,,,,,WXgGL9rZUHo,#EnvivoDCA | Conferencia de prensa del Gobierno de Guatemala,UCaivrAhro2BpsJdrPe-IyRg,Diario de Centro América,News & Politics,topic,190.0,0.0,0.0
video::XLkVzqqL34Q,video,1,Nueva Mega Autopista Xochi en Guatemala 🇬🇹 ¿Vale la pena? (Te ahorra hasta 3 horas),sin_comentarios_recolectados,,,,,,,,,XLkVzqqL34Q,Nueva Mega Autopista Xochi en Guatemala 🇬🇹 ¿Vale la pena? (Te ahorra hasta 3 horas),UCkXkEfAaEGxUaIT6TBBkwMw,One Life,Entertainment,topic,44510.0,0.0,0.0
video::XVZM15KVXjM,video,1,Conoce sobre la actualización de la Norma para la Reducción de Desastres número 2 (NRD2).,sin_comentarios_recolectados,,,,,,,,,XVZM15KVXjM,Conoce sobre la actualización de la Norma para la Reducción de Desastres número 2 (NRD2).,UC6SA1dVHvAkc6yNS_t5cbGw,Conred,Education,official_gov,267.0,0.0,0.0
video::X_FAIef8qlE,video,1,Cruzando la ciudad a puro Transmetro,con_comentarios_recolectados,,,,,,,,,X_FAIef8qlE,Cruzando la ciudad a puro Transmetro,UCE4rsXcgDb6e1-a9iTbWzfg,Quorum,News & Politics,channel,1140.0,1.0,1.0
video::XktDG8dmcd0,video,1,Torrenciales lluvias dejan decenas de muertos y miles de evacuados,sin_comentarios_recolectados,,,,,,,,,XktDG8dmcd0,Torrenciales lluvias dejan decenas de muertos y miles de evacuados,UCT4Jg8h03dD0iN3Pb5L0PMA,DW Español,News & Politics,topic,5171.0,0.0,0.0
video::YJohmVLc9QA,video,1,How to Get Around Guatemala: Complete Transportation Guide (2026),sin_comentarios_recolectados,,,,,,,,,YJohmVLc9QA,How to Get Around Guatemala: Complete Transportation Guide (2026),UCCM52vmXEcGzRlYyjP47PPg,Chris & Grace,Travel & Events,topic,3897.0,0.0,0.0
video::YLFXK2c60Xc,video,1,Por estas razones el 65% de las denuncias por violación en Guatemala nunca llega a un tribunal,sin_comentarios_recolectados,,,,,,,,,YLFXK2c60Xc,Por estas razones el 65% de las denuncias por violación en Guatemala nunca llega a un tribunal,UCE4rsXcgDb6e1-a9iTbWzfg,Quorum,News & Politics,channel,200.0,0.0,0.0
video::YSsECnqTVik,video,1,Suscriben convenios para transferencia de fondos a CAIMUS y entidades especializadas,sin_comentarios_recolectados,,,,,,,,,YSsECnqTVik,Suscriben convenios para transferencia de fondos a CAIMUS y entidades especializadas,UC8u2nvyHewt-mjdWSj0HJmQ,Ministerio de Gobernación,News & Politics,official_gov,15.0,0.0,0.0
video::ZHJoIah2Owo,video,1,Conoce como funciona el Sistema Conred  #laprevenciónestareadetodos,sin_comentarios_recolectados,,,,,,,,,ZHJoIah2Owo,Conoce como funciona el Sistema Conred  #laprevenciónestareadetodos,UC6SA1dVHvAkc6yNS_t5cbGw,Conred,Education,official_gov,182.0,0.0,0.0
video::ZNwStkzWgso,video,1,Elección judicial en Guatemala: Astrid Lemus y Luis Bermejo electos para corte de constitucionalidad,sin_comentarios_recolectados,,,,,,,,,ZNwStkzWgso,Elección judicial en Guatemala: Astrid Lemus y Luis Bermejo electos para corte de constitucionalidad,UC_lEiu6917IJz03TnntWUaQ,CNN en Español,News & Politics,topic,24636.0,0.0,0.0
video::ZPBiWdHXg20,video,1,Piloto de tráiler accidentado en ruta al Atlántico era un menor y murió en el lugar,sin_comentarios_recolectados,,,,,,,,,ZPBiWdHXg20,Piloto de tráiler accidentado en ruta al Atlántico era un menor y murió en el lugar,UCEepOY2svuxbsJ-zsAPT9Fg,PrensaLibreOficial,News & Politics,topic,233632.0,0.0,0.0
video::ZS74P3DnykA,video,1,"Policía Nacional Civil gradúa 3,978 nuevos agentes",sin_comentarios_recolectados,,,,,,,,,ZS74P3DnykA,"Policía Nacional Civil gradúa 3,978 nuevos agentes",UCHsYnV67K3J0yJ4QeciVCww,PNCdeGuatemala,News & Politics,official_gov,115270.0,0.0,0.0
video::Z_pWnOi7oRw,video,1,#EnVivoDCA | Conferencia de prensa del Gobierno de Guatemala,sin_comentarios_recolectados,,,,,,,,,Z_pWnOi7oRw,#EnVivoDCA | Conferencia de prensa del Gobierno de Guatemala,UCaivrAhro2BpsJdrPe-IyRg,Diario de Centro América,News & Politics,official_gov,1329.0,0.0,0.0
video::ZhrDgVZkhg4,video,1,FORMACION BRIGADA DE PROVIAL,sin_comentarios_recolectados,,,,,,,,,ZhrDgVZkhg4,FORMACION BRIGADA DE PROVIAL,UCnbd_gs8-e1CQ6izIYtnSig,PROVIAL GUATEMALA,People & Blogs,official_gov,4419.0,0.0,0.0
video::_1VIxOLyaUQ,video,1,Sonido de trafico y ciudad 💤 ruido de calle para dormir bebés y relajarse,sin_comentarios_recolectados,,,,,,,,,_1VIxOLyaUQ,Sonido de trafico y ciudad 💤 ruido de calle para dormir bebés y relajarse,UCKZ0c9xQAIokTOf4iPJd5jw,Ambient Sound Explorer,Entertainment,topic,330057.0,0.0,0.0
video::_3kK0or6QI0,video,1,PROVIAL guatemala,sin_comentarios_recolectados,,,,,,,,,_3kK0or6QI0,PROVIAL guatemala,UCdd624oESXuVlcGtrzMWEBQ,heto009,News & Politics,official_gov,2054.0,0.0,0.0
video::_Lcbi4NCHRA,video,1,Tercer Informe General de la República,sin_comentarios_recolectados,,,,,,,,,_Lcbi4NCHRA,Tercer Informe General de la República,UCh4GjKBcqxOsL_Bt8gCCSLg,Gobierno de Guatemala,News & Politics,topic,305269.0,0.0,0.0
video::_NSq2q0mzCY,video,1,42K y 21K MuniGuate 🏃🏻🏃🏻‍♀️,sin_comentarios_recolectados,,,,,,,,,_NSq2q0mzCY,42K y 21K MuniGuate 🏃🏻🏃🏻‍♀️,UCXa6LVjBzUtmcM3cwbd9e2w,Municipalidad de Guatemala,News & Politics,official_gov,47.0,0.0,0.0
video::_cUZT7LMKE0,video,1,Conferencia de Prensa del Gobierno de Guatemala. #LaRondaGt,sin_comentarios_recolectados,,,,,,,,,_cUZT7LMKE0,Conferencia de Prensa del Gobierno de Guatemala. #LaRondaGt,UC-ZtFBHzgkYFh7whZkuR_Ag,Gobierno de la República de Guatemala,Entertainment,topic,2708.0,0.0,0.0
video::a2zgl-1KZwY,video,1,#CadenaNacional | Mensaje del Presidente Bernardo Arévalo a la nación,sin_comentarios_recolectados,,,,,,,,,a2zgl-1KZwY,#CadenaNacional | Mensaje del Presidente Bernardo Arévalo a la nación,UC-ZtFBHzgkYFh7whZkuR_Ag,Gobierno de la República de Guatemala,Entertainment,official_gov,2334.0,0.0,0.0
video::a3QGSpNx9Mg,video,1,Guatemala ya no aguanta el tráfico… ¿Funcionará el Aerómetro?,sin_comentarios_recolectados,,,,,,,,,a3QGSpNx9Mg,Guatemala ya no aguanta el tráfico… ¿Funcionará el Aerómetro?,UCHBzKtCUFwHuKFGD3bEHexQ,Entre Caminos,Travel & Events,topic,8098.0,0.0,0.0
video::a6QFfhpY53g,video,1,Provial Informa,sin_comentarios_recolectados,,,,,,,,,a6QFfhpY53g,Provial Informa,UCuKuUrmHoNaJJHE27Aac9PQ,PROVIAL-CIV,People & Blogs,official_gov,49.0,0.0,0.0
video::aRKgOSxgsF0,video,1,@GobiernodeGuatemala,sin_comentarios_recolectados,,,,,,,,,aRKgOSxgsF0,@GobiernodeGuatemala,UCX2epzWFbtqhO1Tn2au9NXQ,luis arturo ceberg ulban,People & Blogs,topic,2.0,0.0,0.0
video::aSbvMYJhmCc,video,1,Policía Nacional Civil,sin_comentarios_recolectados,,,,,,,,,aSbvMYJhmCc,Policía Nacional Civil,UC8u2nvyHewt-mjdWSj0HJmQ,Ministerio de Gobernación,News & Politics,official_gov,4346.0,0.0,0.0
video::a_kAe9IhBbo,video,1,Tráiler impacta pasarela en Aguilar Batres y provoca cierre parcial hacia la capital,sin_comentarios_recolectados,,,,,,,,,a_kAe9IhBbo,Tráiler impacta pasarela en Aguilar Batres y provoca cierre parcial hacia la capital,UCEepOY2svuxbsJ-zsAPT9Fg,PrensaLibreOficial,News & Politics,topic,255.0,0.0,0.0
video::ahicr7fQREY,video,1,Conred Podcast Episodio 9: Servidores Cívicos construyendo una cultura de prevención,sin_comentarios_recolectados,,,,,,,,,ahicr7fQREY,Conred Podcast Episodio 9: Servidores Cívicos construyendo una cultura de prevención,UC6SA1dVHvAkc6yNS_t5cbGw,Conred,Education,official_gov,65.0,0.0,0.0
video::almmnboHkwM,video,1,Se mueve Guate 🚌,sin_comentarios_recolectados,,,,,,,,,almmnboHkwM,Se mueve Guate 🚌,UCXa6LVjBzUtmcM3cwbd9e2w,Municipalidad de Guatemala,News & Politics,official_gov,297.0,0.0,0.0
video::anFbrgqxdzY,video,1,Horas Antes del Big One | Dentro de Ciudad de Guatemala Exactamente Antes del Terremoto (1976),sin_comentarios_recolectados,,,,,,,,,anFbrgqxdzY,Horas Antes del Big One | Dentro de Ciudad de Guatemala Exactamente Antes del Terremoto (1976),UC6Y7Hk0Otm2xeX1WoHOQp6Q,Nostalgia Latina,People & Blogs,topic,222656.0,0.0,0.0
video::aoz2j4TTl4E,video,1,Rutas Alternas a partir del lunes 03 de agosto por avances de #AeroMetroGT,sin_comentarios_recolectados,,,,,,,,,aoz2j4TTl4E,Rutas Alternas a partir del lunes 03 de agosto por avances de #AeroMetroGT,UCXa6LVjBzUtmcM3cwbd9e2w,Municipalidad de Guatemala,News & Politics,topic,8905.0,0.0,0.0
video::bBz8nX4pMxc,video,1,Conred e Insivumeh informan sobre sismos en Guatemala este 31 de julio,sin_comentarios_recolectados,,,,,,,,,bBz8nX4pMxc,Conred e Insivumeh informan sobre sismos en Guatemala este 31 de julio,UCDaIW3kDab95q7iCSeVAnbQ,Guatevisión,Entertainment,official_gov,1115.0,0.0,0.0
video::bMoENbSBSNs,video,1,¿Por qué Guatemala es una República? El decreto del 21 de marzo de 1847 y Rafael Carrera,sin_comentarios_recolectados,,,,,,,,,bMoENbSBSNs,¿Por qué Guatemala es una República? El decreto del 21 de marzo de 1847 y Rafael Carrera,UCdHETJl6cR5dye5XxEyqycQ,El profe de Historia Gt,Education,topic,1134.0,0.0,0.0
video::b_Hkrkl3adA,video,1,Bloqueos en Guatemala este 31 de agosto por alza en combustibles afectan rutas principales,con_comentarios_recolectados,,,,,,,,,b_Hkrkl3adA,Bloqueos en Guatemala este 31 de agosto por alza en combustibles afectan rutas principales,UCEepOY2svuxbsJ-zsAPT9Fg,PrensaLibreOficial,News & Politics,topic,5469.0,7.0,7.0
video::bg1KCMaIrRM,video,1,"¡Atención, vecinos!",sin_comentarios_recolectados,,,,,,,,,bg1KCMaIrRM,"¡Atención, vecinos!",UCXa6LVjBzUtmcM3cwbd9e2w,Municipalidad de Guatemala,News & Politics,official_gov,1965.0,0.0,0.0
video::bzosgvntOXU,video,1,Municipalidad de Guatemala 05/09/2025,sin_comentarios_recolectados,,,,,,,,,bzosgvntOXU,Municipalidad de Guatemala 05/09/2025,UCW_PHqwqCCalvQGOEsVU0jw,Concejales de Oposición - Muni Guate,People & Blogs,topic,160.0,0.0,0.0
video::cl3Rpw9MstQ,video,1,Municipalidad de Guatemala sigue trabajando,sin_comentarios_recolectados,,,,,,,,,cl3Rpw9MstQ,Municipalidad de Guatemala sigue trabajando,UCXa6LVjBzUtmcM3cwbd9e2w,Municipalidad de Guatemala,News & Politics,topic,484.0,0.0,0.0
video::cpoiRUtF9uU,video,1,Congreso termina jornada sin acuerdos para aliviar precio de combustibles #ALAS7AM (02/09/2026),sin_comentarios_recolectados,,,,,,,,,cpoiRUtF9uU,Congreso termina jornada sin acuerdos para aliviar precio de combustibles #ALAS7AM (02/09/2026),UC-GLagjBhWAZ3IOWFgzqIAw,Canal Antigua,News & Politics,topic,117.0,0.0,0.0
video::csqia7f3OIE,video,1,SISTEMA CONRED Y METODOLOGÍA DE LOS 6 PASOS,sin_comentarios_recolectados,,,,,,,,,csqia7f3OIE,SISTEMA CONRED Y METODOLOGÍA DE LOS 6 PASOS,UCzQX0cEQzCZ4ff9-P3gELug,Carlitos Gamboa,People & Blogs,official_gov,509.0,0.0,0.0
video::d-V_Aw1t6nI,video,1,Graduacion  de la 57 Promocion  de la Policia Nacional Civil  de Guatemala.,sin_comentarios_recolectados,,,,,,,,,d-V_Aw1t6nI,Graduacion  de la 57 Promocion  de la Policia Nacional Civil  de Guatemala.,UCHsYnV67K3J0yJ4QeciVCww,PNCdeGuatemala,People & Blogs,official_gov,1643.0,0.0,0.0
video::dJcNu9YYwh4,video,1,"Lluvias, ceniza y calor extremo: así estará el clima en Guatemala, según Insivumeh",sin_comentarios_recolectados,,,,,,,,,dJcNu9YYwh4,"Lluvias, ceniza y calor extremo: así estará el clima en Guatemala, según Insivumeh",UCEepOY2svuxbsJ-zsAPT9Fg,PrensaLibreOficial,News & Politics,topic,1061.0,0.0,0.0
video::dLctzx8qCgA,video,1,¿Cómo la CIA ALTERÓ el DESTINO de GUATEMALA para siempre?,sin_comentarios_recolectados,,,,,,,,,dLctzx8qCgA,¿Cómo la CIA ALTERÓ el DESTINO de GUATEMALA para siempre?,UCYaMaLJVbMlLwpPACbxPUuQ,Alan Delmonte,Education,topic,108616.0,0.0,0.0
video::dWhSTyhegeQ,video,1,Personal de Provial explica de empresas que verificarán implementación de limitadores de velocidad,sin_comentarios_recolectados,,,,,,,,,dWhSTyhegeQ,Personal de Provial explica de empresas que verificarán implementación de limitadores de velocidad,UCrAoF9-9Vvb9_zK0t-m2Rhg,La Hora,News & Politics,official_gov,341.0,0.0,0.0
video::dccwBXfxxiI,video,1,¡Espacios iluminados y seguros!,sin_comentarios_recolectados,,,,,,,,,dccwBXfxxiI,¡Espacios iluminados y seguros!,UCXa6LVjBzUtmcM3cwbd9e2w,Municipalidad de Guatemala,News & Politics,official_gov,38773.0,0.0,0.0
video::dsyLiSCrwcU,video,1,"3 KIEBRES ES DOLOROSO QUE EN CHIQUIMULA AÚN HAY COMUNIDADES SIN ENERGÍA ELÉCTRICA, GUATEMALA.",sin_comentarios_recolectados,,,,,,,,,dsyLiSCrwcU,"3 KIEBRES ES DOLOROSO QUE EN CHIQUIMULA AÚN HAY COMUNIDADES SIN ENERGÍA ELÉCTRICA, GUATEMALA.",UCH1AYkCs1GpNK_xUwFYTsaQ,Cronos Time GT,Education,topic,701.0,0.0,0.0
video::dvy9rQpqLWY,video,1,Conferencia de Prensa del Gobierno de Guatemala. #LaRondaGT,sin_comentarios_recolectados,,,,,,,,,dvy9rQpqLWY,Conferencia de Prensa del Gobierno de Guatemala. #LaRondaGT,UC-ZtFBHzgkYFh7whZkuR_Ag,Gobierno de la República de Guatemala,Entertainment,topic,959.0,0.0,0.0
video::dya9nbxqWXE,video,1,ANDY EL MUÑEQUITO TRABAJADOR 🥴🏍🥴🤣@Soychap1n @lucilaylossinar @lilyvlogs6899,sin_comentarios_recolectados,,,,,,,,,dya9nbxqWXE,ANDY EL MUÑEQUITO TRABAJADOR 🥴🏍🥴🤣@Soychap1n @lucilaylossinar @lilyvlogs6899,UCzwR2o8LFAgAMfO0KIcFh0A,CANALES ROBOS Y MENTIRAS 💰🧐,People & Blogs,topic,4939.0,0.0,0.0
video::ebbgBtNrRz8,video,1,Las fuertes lluvias en Guatemala dejan al menos tres fallecidos en zonas rurales | Telemundo,sin_comentarios_recolectados,,,,,,,,,ebbgBtNrRz8,Las fuertes lluvias en Guatemala dejan al menos tres fallecidos en zonas rurales | Telemundo,UCRwA1NUcUnwsly35ikGhp0A,Noticias Telemundo,News & Politics,topic,63249.0,0.0,0.0
video::ewdf3q1tuCA,video,1,INTERPOL Guatemala captura a mujer por prostituir a señoritas,sin_comentarios_recolectados,,,,,,,,,ewdf3q1tuCA,INTERPOL Guatemala captura a mujer por prostituir a señoritas,UCVpSRoZgngfSL03Nlbjtq9A,Noti7,News & Politics,topic,71048.0,0.0,0.0
video::fBljA_npiMs,video,1,Refuerzan acciones para prevenir y combatir la trata de personas,sin_comentarios_recolectados,,,,,,,,,fBljA_npiMs,Refuerzan acciones para prevenir y combatir la trata de personas,UC8u2nvyHewt-mjdWSj0HJmQ,Ministerio de Gobernación,News & Politics,official_gov,36.0,0.0,0.0
video::fenMcON-DjY,video,1,Encendido del Fuego Patrio y Mensaje Vicepresidencial,sin_comentarios_recolectados,,,,,,,,,fenMcON-DjY,Encendido del Fuego Patrio y Mensaje Vicepresidencial,UC-ZtFBHzgkYFh7whZkuR_Ag,Gobierno de la República de Guatemala,Entertainment,topic,424.0,0.0,0.0
video::ffguGnMImL0,video,1,CIV inicia trabajos de bacheo y limpieza en las diferentes rutas del país,sin_comentarios_recolectados,,,,,,,,,ffguGnMImL0,CIV inicia trabajos de bacheo y limpieza en las diferentes rutas del país,UCh4GjKBcqxOsL_Bt8gCCSLg,Gobierno de Guatemala,News & Politics,official_gov,848.0,0.0,0.0
video::g0aCNpZaAZ8,video,1,PMT de Guatemala es ejemplo para otros municipios,sin_comentarios_recolectados,,,,,,,,,g0aCNpZaAZ8,PMT de Guatemala es ejemplo para otros municipios,UCXa6LVjBzUtmcM3cwbd9e2w,Municipalidad de Guatemala,News & Politics,official_gov,4103.0,0.0,0.0
video::gF42rhVhP8w,video,1,Tenemos un gran problema con la seguridad de las construcciones en Guatemala,sin_comentarios_recolectados,,,,,,,,,gF42rhVhP8w,Tenemos un gran problema con la seguridad de las construcciones en Guatemala,UCGSQ821fpPy-yXL9mUmKbBg,TanGente Podcast,Entertainment,topic,9033.0,0.0,0.0
video::gbcggAMJczg,video,1,Dionel  Art s Vídeo danzando con la muerte,sin_comentarios_recolectados,,,,,,,,,gbcggAMJczg,Dionel  Art s Vídeo danzando con la muerte,UCedKfsLot_SfwJrfW5OzpPg,Dionel.Art_music,People & Blogs,topic,7.0,0.0,0.0
video::go4jAhCJS0w,video,1,Así reaccionaría la guardia presidencial de la Saas en caso de una emergencia,sin_comentarios_recolectados,,,,,,,,,go4jAhCJS0w,Así reaccionaría la guardia presidencial de la Saas en caso de una emergencia,UCEepOY2svuxbsJ-zsAPT9Fg,PrensaLibreOficial,News & Politics,topic,7381.0,0.0,0.0
video::hGOvuWe8P3Q,video,1,🔴ENTREGAN A NOROÑA ALITO NEGOCIA CON MONREAL PREPARAN MEGÁFONOS PORROS DEL PRIAN,sin_comentarios_recolectados,,,,,,,,,hGOvuWe8P3Q,🔴ENTREGAN A NOROÑA ALITO NEGOCIA CON MONREAL PREPARAN MEGÁFONOS PORROS DEL PRIAN,UClivsn4u-h1uJkORB6PD9SQ,Vittor Blogs,News & Politics,topic,6682.0,0.0,0.0
video::hy0mwEHr6V0,video,1,MI3 será utilizado dentro de las evaluaciones a aspirantes a PNC,sin_comentarios_recolectados,,,,,,,,,hy0mwEHr6V0,MI3 será utilizado dentro de las evaluaciones a aspirantes a PNC,UC8u2nvyHewt-mjdWSj0HJmQ,Ministerio de Gobernación,News & Politics,official_gov,127595.0,0.0,0.0
video::iBX5DMQSf3s,video,1,Conmemoramos el 153 Aniversario de la Escuela Politécnica y Día del cadete.,sin_comentarios_recolectados,,,,,,,,,iBX5DMQSf3s,Conmemoramos el 153 Aniversario de la Escuela Politécnica y Día del cadete.,UC-ZtFBHzgkYFh7whZkuR_Ag,Gobierno de la República de Guatemala,Entertainment,topic,1264.0,0.0,0.0
video::iCbGedZRRE8,video,1,Conferencia de Prensa del Gobierno de Guatemala. #LaRondaGT,sin_comentarios_recolectados,,,,,,,,,iCbGedZRRE8,Conferencia de Prensa del Gobierno de Guatemala. #LaRondaGT,UC-ZtFBHzgkYFh7whZkuR_Ag,Gobierno de la República de Guatemala,Entertainment,topic,1058.0,0.0,0.0
video::iEmScdnYQdg,video,1,La nueva ruta que evita El Trébol,sin_comentarios_recolectados,,,,,,,,,iEmScdnYQdg,La nueva ruta que evita El Trébol,UCmzHLdcizBNiyN5t2mEPp3A,Tráfico Sin Censura,People & Blogs,official_gov,8502.0,0.0,0.0
video::iWYddxEszoM,video,1,#EnVivoDCA | Conferencia de prensa del Gobierno de Guatemala,sin_comentarios_recolectados,,,,,,,,,iWYddxEszoM,#EnVivoDCA | Conferencia de prensa del Gobierno de Guatemala,UCaivrAhro2BpsJdrPe-IyRg,Diario de Centro América,News & Politics,topic,264.0,0.0,0.0
video::iacCQ4VyWWc,video,1,"Los conservadores y los liberales, Historia de Guatemala",sin_comentarios_recolectados,,,,,,,,,iacCQ4VyWWc,"Los conservadores y los liberales, Historia de Guatemala",UC-rcR68a-aLwAnszxTG4--A,Panda 01,People & Blogs,topic,25431.0,0.0,0.0
video::ifJFNGT4azU,video,1,Podcast Guatemala Ahora Yo Se: Medidas De Seguridad Con el Lic. Ariel Yos y el Lic. Gabriel Quiñones,sin_comentarios_recolectados,,,,,,,,,ifJFNGT4azU,Podcast Guatemala Ahora Yo Se: Medidas De Seguridad Con el Lic. Ariel Yos y el Lic. Gabriel Quiñones,UC1B5-Dun1FHWae_rIJdfhow,Ahora Yose,People & Blogs,topic,3631.0,0.0,0.0
video::is3Mk5oC19g,video,1,Capturan a ladrón que había quedado grabado mientras robaba en una parroquia de Retalhuleu,con_comentarios_recolectados,,,,,,,,,is3Mk5oC19g,Capturan a ladrón que había quedado grabado mientras robaba en una parroquia de Retalhuleu,UCt5Dw7ePnn0AqPqRF8Xpjkw,TN23 Guatemala,News & Politics,topic,4616.0,7.0,7.0
video::j43HgwYFKfk,video,1,La cooptación de Walter Mazariegos en la USAC,con_comentarios_recolectados,,,,,,,,,j43HgwYFKfk,La cooptación de Walter Mazariegos en la USAC,UCE4rsXcgDb6e1-a9iTbWzfg,Quorum,News & Politics,topic,10156.0,50.0,49.0
video::j4akBH678fw,video,1,El paso a desnivel Calzada Roosevelt lleva más conexión y mejor movilidad para la población.,sin_comentarios_recolectados,,,,,,,,,j4akBH678fw,El paso a desnivel Calzada Roosevelt lleva más conexión y mejor movilidad para la población.,UC-ZtFBHzgkYFh7whZkuR_Ag,Gobierno de la República de Guatemala,Entertainment,topic,649.0,0.0,0.0
video::jQGvhMPMuAI,video,1,#DiálogoCentral | El clima de la semana: adiós a la canícula ¿llegan las lluvias? 🌦️,sin_comentarios_recolectados,,,,,,,,,jQGvhMPMuAI,#DiálogoCentral | El clima de la semana: adiós a la canícula ¿llegan las lluvias? 🌦️,UC-GLagjBhWAZ3IOWFgzqIAw,Canal Antigua,News & Politics,topic,214.0,0.0,0.0
video::jSw-nFh94qQ,video,1,Gobernación promueve espacios de sana convivencia,sin_comentarios_recolectados,,,,,,,,,jSw-nFh94qQ,Gobernación promueve espacios de sana convivencia,UC8u2nvyHewt-mjdWSj0HJmQ,Ministerio de Gobernación,News & Politics,official_gov,59.0,0.0,0.0
video::kaZgtwqwLrI,video,1,@rumzacapait @GobiernodeGuatemala,sin_comentarios_recolectados,,,,,,,,,kaZgtwqwLrI,@rumzacapait @GobiernodeGuatemala,UCgRLnesCOuua3-JgFlzdS2w,TRAYECTORIA Y EXITO CON ANABELLA CORDON,People & Blogs,topic,74.0,0.0,0.0
video::kjwvEESqSHA,video,1,¿VALE la PENA VIAJAR de GUATEMALA a  XELA en BUS?  Descúbrelo,sin_comentarios_recolectados,,,,,,,,,kjwvEESqSHA,¿VALE la PENA VIAJAR de GUATEMALA a  XELA en BUS?  Descúbrelo,UCDfEVbDrimcKw5lfbps915g,De todo Gt,People & Blogs,topic,216172.0,0.0,0.0
video::l-mH80ygqFY,video,1,Avances en proyectos municipales por el desarrollo y bienestar en la ciudad.,sin_comentarios_recolectados,,,,,,,,,l-mH80ygqFY,Avances en proyectos municipales por el desarrollo y bienestar en la ciudad.,UCXa6LVjBzUtmcM3cwbd9e2w,Municipalidad de Guatemala,News & Politics,topic,256.0,0.0,0.0
video::lAsODhYGcTE,video,1,Gobierno busca a toda costa sacar a Consuelo Porras,sin_comentarios_recolectados,,,,,,,,,lAsODhYGcTE,Gobierno busca a toda costa sacar a Consuelo Porras,UCzPhFkpD8lwvlX8nGpJqdUw,Noticias VR,People & Blogs,topic,3.0,0.0,0.0
video::lNuxq8OKCpc,video,1,Lluvias convierten calles en ríos en Villa Nueva y San Miguel Petapa,sin_comentarios_recolectados,,,,,,,,,lNuxq8OKCpc,Lluvias convierten calles en ríos en Villa Nueva y San Miguel Petapa,UCEepOY2svuxbsJ-zsAPT9Fg,PrensaLibreOficial,News & Politics,topic,7663.0,0.0,0.0
video::lYyGqHAL5nM,video,1,Comuna lanzó nueva imagen de la PM y PMT,sin_comentarios_recolectados,,,,,,,,,lYyGqHAL5nM,Comuna lanzó nueva imagen de la PM y PMT,UCXa6LVjBzUtmcM3cwbd9e2w,Municipalidad de Guatemala,People & Blogs,official_gov,286.0,0.0,0.0
video::lj983NWyAQY,video,1,Plan 2032 Ciudad de Guatemala,con_comentarios_recolectados,,,,,,,,,lj983NWyAQY,Plan 2032 Ciudad de Guatemala,UCXa6LVjBzUtmcM3cwbd9e2w,Municipalidad de Guatemala,News & Politics,topic,304089.0,25.0,25.0
video::lkdwGwrJKeM,video,1,🇬🇹 ¿Es seguro VIAJAR a Guatemala? Consejos prácticos para que todo te salga bien,sin_comentarios_recolectados,,,,,,,,,lkdwGwrJKeM,🇬🇹 ¿Es seguro VIAJAR a Guatemala? Consejos prácticos para que todo te salga bien,UCeMAsS36ZiA56ZNtS8VSuOg,Un Angel Viajando,Travel & Events,topic,5298.0,0.0,0.0
video::mCoOL2p0il4,video,1,Municipalidad de Guatemala   08/08/2025,sin_comentarios_recolectados,,,,,,,,,mCoOL2p0il4,Municipalidad de Guatemala   08/08/2025,UCW_PHqwqCCalvQGOEsVU0jw,Concejales de Oposición - Muni Guate,People & Blogs,topic,118.0,0.0,0.0
video::mPtR2HskBTE,video,1,Municipalidad de Guatemala   17/02/2025,sin_comentarios_recolectados,,,,,,,,,mPtR2HskBTE,Municipalidad de Guatemala   17/02/2025,UCW_PHqwqCCalvQGOEsVU0jw,Concejales de Oposición - Muni Guate,People & Blogs,topic,729.0,0.0,0.0
video::mQH6bhmp_LY,video,1,Quorum: ¿Cómo investigamos la crisis del agua?,sin_comentarios_recolectados,,,,,,,,,mQH6bhmp_LY,Quorum: ¿Cómo investigamos la crisis del agua?,UCE4rsXcgDb6e1-a9iTbWzfg,Quorum,News & Politics,topic,142.0,0.0,0.0
video::n31eyGuRKqo,video,1,El tráfico en Guatemala nos está enfermando - TanGente Salud Mental,sin_comentarios_recolectados,,,,,,,,,n31eyGuRKqo,El tráfico en Guatemala nos está enfermando - TanGente Salud Mental,UCGSQ821fpPy-yXL9mUmKbBg,TanGente Podcast,People & Blogs,topic,932.0,0.0,0.0
video::n4xHxJPNr78,video,1,🚫LOS FAMOSOS BUSES ESMERALDA los mas RÁPIDOS DE GUATEMALA 😱,sin_comentarios_recolectados,,,,,,,,,n4xHxJPNr78,🚫LOS FAMOSOS BUSES ESMERALDA los mas RÁPIDOS DE GUATEMALA 😱,UCDfEVbDrimcKw5lfbps915g,De todo Gt,People & Blogs,topic,3152619.0,0.0,0.0
video::n8iP75gIpmw,video,1,Qué rico come tu diputado,con_comentarios_recolectados,,,,,,,,,n8iP75gIpmw,Qué rico come tu diputado,UCE4rsXcgDb6e1-a9iTbWzfg,Quorum,News & Politics,topic,11775.0,161.0,128.0
video::nKJhNH86HGE,video,1,Se realiza taller de UNICEF sobre el plan de acción de la política pública contra la violencia sexua,sin_comentarios_recolectados,,,,,,,,,nKJhNH86HGE,Se realiza taller de UNICEF sobre el plan de acción de la política pública contra la violencia sexua,UC8u2nvyHewt-mjdWSj0HJmQ,Ministerio de Gobernación,News & Politics,official_gov,7.0,0.0,0.0
video::nPbC8-Ebat4,video,1,Pareja de sicarios capturada tras ataque armado contra piloto de autobús,sin_comentarios_recolectados,,,,,,,,,nPbC8-Ebat4,Pareja de sicarios capturada tras ataque armado contra piloto de autobús,UCHsYnV67K3J0yJ4QeciVCww,PNCdeGuatemala,Science & Technology,official_gov,70537.0,0.0,0.0
video::ncOU7iZR5jY,video,1,Carlos Pineda y Andre Pozuelos | Seguridad II- Guatemala tiene solución | Ep. 3,sin_comentarios_recolectados,,,,,,,,,ncOU7iZR5jY,Carlos Pineda y Andre Pozuelos | Seguridad II- Guatemala tiene solución | Ep. 3,UCInL6HZez6Qn8IHV8Achhxw,Carlos Pineda,People & Blogs,topic,3279.0,0.0,0.0
video::ndAZjHqzzT8,video,1,Internet: escoger el menos malo,con_comentarios_recolectados,,,,,,,,,ndAZjHqzzT8,Internet: escoger el menos malo,UCE4rsXcgDb6e1-a9iTbWzfg,Quorum,News & Politics,channel,717.0,12.0,10.0
video::nhhXiHI4rrw,video,1,Policía Nacional Civil participa en desfile del día del Ejército. #ProtegerYServir,sin_comentarios_recolectados,,,,,,,,,nhhXiHI4rrw,Policía Nacional Civil participa en desfile del día del Ejército. #ProtegerYServir,UCHsYnV67K3J0yJ4QeciVCww,PNCdeGuatemala,News & Politics,official_gov,21534.0,0.0,0.0
video::nv6wMdQ997Q,video,1,PMT en todo,sin_comentarios_recolectados,,,,,,,,,nv6wMdQ997Q,PMT en todo,UCXa6LVjBzUtmcM3cwbd9e2w,Municipalidad de Guatemala,News & Politics,official_gov,2107.0,0.0,0.0
video::pNInRBsPbHE,video,1,Encuentro por el agua,sin_comentarios_recolectados,,,,,,,,,pNInRBsPbHE,Encuentro por el agua,UCE4rsXcgDb6e1-a9iTbWzfg,Quorum,News & Politics,channel,185.0,0.0,0.0
video::qFsSnnRdJBg,video,1,Avanza construcción de la Estrategia Nacional de Datos Abiertos,sin_comentarios_recolectados,,,,,,,,,qFsSnnRdJBg,Avanza construcción de la Estrategia Nacional de Datos Abiertos,UC8u2nvyHewt-mjdWSj0HJmQ,Ministerio de Gobernación,News & Politics,official_gov,11.0,0.0,0.0
video::qrdEegnTnaY,video,1,XVII Promoción de Brigadas PROVIAL,sin_comentarios_recolectados,,,,,,,,,qrdEegnTnaY,XVII Promoción de Brigadas PROVIAL,UCuKuUrmHoNaJJHE27Aac9PQ,PROVIAL-CIV,People & Blogs,official_gov,416.0,0.0,0.0
video::rNpBtQXUMbE,video,1,PMT es ejemplo en Guatemala,sin_comentarios_recolectados,,,,,,,,,rNpBtQXUMbE,PMT es ejemplo en Guatemala,UCXa6LVjBzUtmcM3cwbd9e2w,Municipalidad de Guatemala,News & Politics,official_gov,3212.0,0.0,0.0
video::rQEb4el3Lok,video,1,"Policía Nacional Civil en busca de mareros, imitadores y colaboradores de grupos delictivos",sin_comentarios_recolectados,,,,,,,,,rQEb4el3Lok,"Policía Nacional Civil en busca de mareros, imitadores y colaboradores de grupos delictivos",UCHsYnV67K3J0yJ4QeciVCww,PNCdeGuatemala,News & Politics,official_gov,9637.0,0.0,0.0
video::rSQKmOX1Tfc,video,1,TU VIDA VALE  PROVIAL  TIEMPO AZUL & PAOLA PÉRLOP,sin_comentarios_recolectados,,,,,,,,,rSQKmOX1Tfc,TU VIDA VALE  PROVIAL  TIEMPO AZUL & PAOLA PÉRLOP,UCquHy3UnphbYGF62_j6W_yQ,Mosca Visión,Music,official_gov,5262.0,0.0,0.0
video::rjFut_yJcr8,video,1,Ministro de CIV conversó sobre los retos  actuales de la infraestructura vial en Guatemala,sin_comentarios_recolectados,,,,,,,,,rjFut_yJcr8,Ministro de CIV conversó sobre los retos  actuales de la infraestructura vial en Guatemala,UC-GLagjBhWAZ3IOWFgzqIAw,Canal Antigua,News & Politics,official_gov,800.0,0.0,0.0
video::s0eco-BofOs,video,1,¿Quiénes pagan más en Centroamérica?,con_comentarios_recolectados,,,,,,,,,s0eco-BofOs,¿Quiénes pagan más en Centroamérica?,UCE4rsXcgDb6e1-a9iTbWzfg,Quorum,News & Politics,topic,220.0,1.0,1.0
video::sAPrXzrdstM,video,1,Funciones del Ministerio de Gobernación,sin_comentarios_recolectados,,,,,,,,,sAPrXzrdstM,Funciones del Ministerio de Gobernación,UC8u2nvyHewt-mjdWSj0HJmQ,Ministerio de Gobernación,News & Politics,official_gov,8970.0,0.0,0.0
video::soZMwC0Cj18,video,1,Lluvias causan inundaciones y deslizamiento en Alta Verapaz,sin_comentarios_recolectados,,,,,,,,,soZMwC0Cj18,Lluvias causan inundaciones y deslizamiento en Alta Verapaz,UCEepOY2svuxbsJ-zsAPT9Fg,PrensaLibreOficial,News & Politics,topic,1405.0,0.0,0.0
video::tEfZlrP4L5I,video,1,#EnVivoDCA | Conferencia de Prensa del Gobierno de Guatemala,sin_comentarios_recolectados,,,,,,,,,tEfZlrP4L5I,#EnVivoDCA | Conferencia de Prensa del Gobierno de Guatemala,UCaivrAhro2BpsJdrPe-IyRg,Diario de Centro América,News & Politics,official_gov,265.0,0.0,0.0
video::tK__qZZ-H5w,video,1,Conferencia de Prensa del Gobierno de Guatemala. #LaRondaGT,sin_comentarios_recolectados,,,,,,,,,tK__qZZ-H5w,Conferencia de Prensa del Gobierno de Guatemala. #LaRondaGT,UC-ZtFBHzgkYFh7whZkuR_Ag,Gobierno de la República de Guatemala,Entertainment,topic,866.0,0.0,0.0
video::tXLhWHWGaao,video,1,Breve historia política de Guatemala,sin_comentarios_recolectados,,,,,,,,,tXLhWHWGaao,Breve historia política de Guatemala,UCo1g4EQqLwMO9RqEv1rCUpQ,Crónica Panamericana,People & Blogs,topic,144134.0,0.0,0.0
video::tb6LaOWGAIo,video,1,"Guía Definitiva para viajar a Guatemala 2026 🇬🇹 Qué ver, itinerarios, precios y consejos",sin_comentarios_recolectados,,,,,,,,,tb6LaOWGAIo,"Guía Definitiva para viajar a Guatemala 2026 🇬🇹 Qué ver, itinerarios, precios y consejos",UC70eD0hNEwDNAfNlqfRWlGA,Welcome to el Mundo,Travel & Events,topic,104869.0,0.0,0.0
video::tcAQGuuo_Uc,video,1,El Ministerio de Gobernación Guatemala  brinda conferencia de prensa.,sin_comentarios_recolectados,,,,,,,,,tcAQGuuo_Uc,El Ministerio de Gobernación Guatemala  brinda conferencia de prensa.,UC-ZtFBHzgkYFh7whZkuR_Ag,Gobierno de la República de Guatemala,Entertainment,official_gov,2254.0,0.0,0.0
video::tg2QuZFdn4c,video,1,🔴 En Vivo |  Sesión Solemne de Consejo de Gobierno en Limón,sin_comentarios_recolectados,,,,,,,,,tg2QuZFdn4c,🔴 En Vivo |  Sesión Solemne de Consejo de Gobierno en Limón,UCLXHie0velori7_dqu8w_bQ,Presidencia de la República,News & Politics,official_gov,15726.0,0.0,0.0
video::tmvTbeQNCTI,video,1,"Hoy SABRÁN Qué Grado ACADÉMICO Tenemos, Todos Son PROFESIONALES",sin_comentarios_recolectados,,,,,,,,,tmvTbeQNCTI,"Hoy SABRÁN Qué Grado ACADÉMICO Tenemos, Todos Son PROFESIONALES",UCTClcvXaWXGeZheUQFTQLRw,Gente de Guate,Entertainment,topic,15482.0,0.0,0.0
video::tqcZFVSXARQ,video,1,¿Listo para decir tengo #MiPrimeraCasa? 🏠✨,sin_comentarios_recolectados,,,,,,,,,tqcZFVSXARQ,¿Listo para decir tengo #MiPrimeraCasa? 🏠✨,UC-ZtFBHzgkYFh7whZkuR_Ag,Gobierno de la República de Guatemala,Entertainment,topic,1373.0,0.0,0.0
video::vA6p51f14J4,video,1,Horarios especiales por celebraciones de fin de año,sin_comentarios_recolectados,,,,,,,,,vA6p51f14J4,Horarios especiales por celebraciones de fin de año,UCXa6LVjBzUtmcM3cwbd9e2w,Municipalidad de Guatemala,News & Politics,topic,606.0,0.0,0.0
video::vCtk_0NzB3s,video,1,Clima en Guatemala esta semana: calor de hasta 39 °C y lluvias con tormentas,sin_comentarios_recolectados,,,,,,,,,vCtk_0NzB3s,Clima en Guatemala esta semana: calor de hasta 39 °C y lluvias con tormentas,UCEepOY2svuxbsJ-zsAPT9Fg,PrensaLibreOficial,News & Politics,topic,1534.0,0.0,0.0
video::vDVXM8ODuzM,video,1,#EnVivoDCA | Conferencia de Prensa del Gobierno de Guatemala,sin_comentarios_recolectados,,,,,,,,,vDVXM8ODuzM,#EnVivoDCA | Conferencia de Prensa del Gobierno de Guatemala,UCaivrAhro2BpsJdrPe-IyRg,Diario de Centro América,News & Politics,official_gov,214.0,0.0,0.0
video::vNUiF-stTdo,video,1,resumen de noticias,sin_comentarios_recolectados,,,,,,,,,vNUiF-stTdo,resumen de noticias,UCYaCfDw7q5l_S1UHjdfzODQ,INFOM TV,News & Politics,topic,23.0,0.0,0.0
video::vp9MPfDG6AE,video,1,"Comunicado – COVIAL / Ministerio de Comunicaciones, Infraestructura y Vivienda",sin_comentarios_recolectados,,,,,,,,,vp9MPfDG6AE,"Comunicado – COVIAL / Ministerio de Comunicaciones, Infraestructura y Vivienda",UCVpSRoZgngfSL03Nlbjtq9A,Noti7,News & Politics,official_gov,260.0,0.0,0.0
video::vqcF9RFMOLQ,video,1,"Ciudad de Guatemala, el mejor lugar para vivir",sin_comentarios_recolectados,,,,,,,,,vqcF9RFMOLQ,"Ciudad de Guatemala, el mejor lugar para vivir",UCXa6LVjBzUtmcM3cwbd9e2w,Municipalidad de Guatemala,News & Politics,official_gov,215.0,0.0,0.0
video::w57G_5jsqtU,video,1,Tráfico intenso por regreso a clases del sector público extiende horas pico en el área metropolitana,sin_comentarios_recolectados,,,,,,,,,w57G_5jsqtU,Tráfico intenso por regreso a clases del sector público extiende horas pico en el área metropolitana,UCEepOY2svuxbsJ-zsAPT9Fg,PrensaLibreOficial,News & Politics,topic,625.0,0.0,0.0
video::wS6yC3yOAeA,video,1,Noticiero El Informativo. Nuestra semana de resultados.,sin_comentarios_recolectados,,,,,,,,,wS6yC3yOAeA,Noticiero El Informativo. Nuestra semana de resultados.,UC-ZtFBHzgkYFh7whZkuR_Ag,Gobierno de la República de Guatemala,Entertainment,topic,1383.0,0.0,0.0
video::wVncmfsugww,video,1,"Spot Rendición de Cuentas, tercer cuatrimestre 2023 - 1",sin_comentarios_recolectados,,,,,,,,,wVncmfsugww,"Spot Rendición de Cuentas, tercer cuatrimestre 2023 - 1",UCAutgrPkiLhZxTB-Ujje1fw,CIV -Ministerio de Comunicaciones,People & Blogs,official_gov,15.0,0.0,0.0
video::wYZPaJdVuhE,video,1,#LaCharla ¿Quién dirigirá el sistema portuario y qué decisiones debe tomar primero?,sin_comentarios_recolectados,,,,,,,,,wYZPaJdVuhE,#LaCharla ¿Quién dirigirá el sistema portuario y qué decisiones debe tomar primero?,UCDaIW3kDab95q7iCSeVAnbQ,Guatevisión,News & Politics,topic,202.0,0.0,0.0
video::wm1f52Mvzag,video,1,Gloria Álvarez: ¿Podría ser la próxima presidenta de Guatemala?,sin_comentarios_recolectados,,,,,,,,,wm1f52Mvzag,Gloria Álvarez: ¿Podría ser la próxima presidenta de Guatemala?,UCN5tcDI7z6vN9s3p3n_JtoQ,Jorge Ramos,News & Politics,topic,31357.0,0.0,0.0
video::wpYwX-bGoz0,video,1,CIV prioriza proyectos con potencial para generar desarrollo en Guatemala,sin_comentarios_recolectados,,,,,,,,,wpYwX-bGoz0,CIV prioriza proyectos con potencial para generar desarrollo en Guatemala,UCAutgrPkiLhZxTB-Ujje1fw,CIV -Ministerio de Comunicaciones,People & Blogs,official_gov,468.0,0.0,0.0
video::x9TPnjUeuoo,video,1,VIDEO INSTITUCIONAL PROVIAL,sin_comentarios_recolectados,,,,,,,,,x9TPnjUeuoo,VIDEO INSTITUCIONAL PROVIAL,UCAutgrPkiLhZxTB-Ujje1fw,CIV -Ministerio de Comunicaciones,People & Blogs,official_gov,2250.0,0.0,0.0
video::xEcC_aMDhAk,video,1,MINGOB y COPADEH avanzan en la protección de personas defensoras de DDHH,sin_comentarios_recolectados,,,,,,,,,xEcC_aMDhAk,MINGOB y COPADEH avanzan en la protección de personas defensoras de DDHH,UC8u2nvyHewt-mjdWSj0HJmQ,Ministerio de Gobernación,News & Politics,official_gov,17.0,0.0,0.0
video::xQgP0n8hVSI,video,1,"Primero te usan, y cuando ya no les sirves te desechan.",sin_comentarios_recolectados,,,,,,,,,xQgP0n8hVSI,"Primero te usan, y cuando ya no les sirves te desechan.",UC8u2nvyHewt-mjdWSj0HJmQ,Ministerio de Gobernación,News & Politics,official_gov,28.0,0.0,0.0
video::x_CB0ZRLQTA,video,1,Ricardo Quiñónez paga con nuestros impuestos netcenter,sin_comentarios_recolectados,,,,,,,,,x_CB0ZRLQTA,Ricardo Quiñónez paga con nuestros impuestos netcenter,UCaFyLdpZa60tkGfjOsznHSg,AlcaldexAccidente,People & Blogs,topic,29419.0,0.0,0.0
video::y8XMbMxMF8E,video,1,"Gracias a la inteligencia, coordinación y firmeza, se dió un duro golpe al crimen organizado",sin_comentarios_recolectados,,,,,,,,,y8XMbMxMF8E,"Gracias a la inteligencia, coordinación y firmeza, se dió un duro golpe al crimen organizado",UC8u2nvyHewt-mjdWSj0HJmQ,Ministerio de Gobernación,News & Politics,official_gov,84.0,0.0,0.0
video::yCmBtmOm6nw,video,1,“¿DÓNDE ESTÁN?”: GOBIERNO IMPULSA MECANISMO PARA BUSCAR A DESAPARECIDOS DEL CONFLICTO ARMADO,sin_comentarios_recolectados,,,,,,,,,yCmBtmOm6nw,“¿DÓNDE ESTÁN?”: GOBIERNO IMPULSA MECANISMO PARA BUSCAR A DESAPARECIDOS DEL CONFLICTO ARMADO,UCgItjn_ZWFWcv1MlpKIkqgQ,IDocumenta,News & Politics,topic,6.0,0.0,0.0
video::yLZS3JiEBg8,video,1,Arroz con pollo a la MONOPOLIO,con_comentarios_recolectados,,,,,,,,,yLZS3JiEBg8,Arroz con pollo a la MONOPOLIO,UCE4rsXcgDb6e1-a9iTbWzfg,Quorum,News & Politics,channel,1954.0,16.0,16.0
video::zfJlUXRSaCU,video,1,Brief Political History of Guatemala,sin_comentarios_recolectados,,,,,,,,,zfJlUXRSaCU,Brief Political History of Guatemala,UCo1g4EQqLwMO9RqEv1rCUpQ,Crónica Panamericana,People & Blogs,topic,53547.0,0.0,0.0
video::zweosulrwA8,video,1,Edén por Salud: empleo inclusivo para personas con discapacidad en Antigua | Super - Episodio 2,con_comentarios_recolectados,,,,,,,,,zweosulrwA8,Edén por Salud: empleo inclusivo para personas con discapacidad en Antigua | Super - Episodio 2,UCE4rsXcgDb6e1-a9iTbWzfg,Quorum,Nonprofits & Activism,topic,52.0,1.0,1.0
video::zyA0BpEYcQU,video,1,Discusión entre conductor y jefe de la PMT,sin_comentarios_recolectados,,,,,,,,,zyA0BpEYcQU,Discusión entre conductor y jefe de la PMT,UC_Lj2naQPP8vmyDu-AEOo-w,Nuestro Mundo,People & Blogs,official_gov,55349.0,0.0,0.0
