video_id,comment_id,video_title,channel_name,channel_id,author_name,author_channel_id,text,source_query,source_group,dataset_sources,author_handle,published_text,like_count_text,reply_count,is_pinned,viewer_rating,like_count_bruto,like_count_imputado,like_count,texto_original,n_emojis,texto_limpio,longitud_original,tokens_limpios,apto_para_texto,sentimiento,prob_pos,prob_neg,prob_neu,puntaje_sentimiento,confianza_sentimiento,tramo_likes
j43HgwYFKfk,Ugw-J65a1iYL9hqhELh4AaABAg,La cooptación de Walter Mazariegos en la USAC,Quorum,UCE4rsXcgDb6e1-a9iTbWzfg,@MarcosCarillo-b1r,UCdFlugHJJa4l3YqWuNRmvXw,Ese corrupto amigo de la vieja fiscal los tengo que verbose en la carcel,@quorumgt,topic,j43HgwYFKfk_out_comments.csv | quorum_complete_comments.csv | youtube_guatemala_plus_comments.csv,@MarcosCarillo-b1r,hace 6 meses, ,0,False,,,True,0,Ese corrupto amigo de la vieja fiscal los tengo que verbose en la carcel,0,corrupto amigo viejo fiscal verbo cárcel,72,6,True,NEG,0.0459279902279377,0.8077870607376099,0.14628496766090393,-0.7618590705096722,0.8077870607376099,0
06mFNPU0aB8,Ugw-ZT9t9wU2V-tCaUZ4AaABAg,Capturan a presuntos delincuentes disfrazados de mujer señalados de cometer asalto,Noti7,UCVpSRoZgngfSL03Nlbjtq9A,@RaulPerez-cw2vi,UCvl1tzQeBeGy6efPTRJXSCw,"Están jóvenes porque no buscan un trabajo,  tuvieron suerte que no hay policías que le gusta del otro vando , por ir vestido de mujer se los hubieran ensamblado la maquinaria.",guatemala noticias,topic,youtube_guatemala_comments.csv | youtube_guatemala_plus_comments.csv,@RaulPerez-cw2vi,hace 2 semanas, ,0,False,,,True,0,"Están jóvenes porque no buscan un trabajo,  tuvieron suerte que no hay policías que le gusta del otro vando , por ir vestido de mujer se los hubieran ensamblado la maquinaria.",0,joven buscar trabajo suerte policía gustar var vestir mujer ensamblar maquinaria,175,11,True,NEG,0.005832502152770758,0.9650870561599731,0.0290803462266922,-0.9592545540072024,0.9650870561599731,0
j43HgwYFKfk,Ugw0xaOb2CYXXoudtwJ4AaABAg,La cooptación de Walter Mazariegos en la USAC,Quorum,UCE4rsXcgDb6e1-a9iTbWzfg,@iamjimalesssa,UCRAquv8el-tQ30bN7MlmySQ,"Me dejaron con ganas de demandar la ilegalidad de las reuniones virtuales, esto no es una maquila",@quorumgt,topic,j43HgwYFKfk_out_comments.csv | quorum_complete_comments.csv | youtube_guatemala_plus_comments.csv,@iamjimalesssa,hace 1 año,4,0,False,,4,False,4,"Me dejaron con ganas de demandar la ilegalidad de las reuniones virtuales, esto no es una maquila",0,dejar gana demandar ilegalidad reunión virtual maquila,97,7,True,NEG,0.002656026277691126,0.9713771343231201,0.025966867804527283,-0.968721108045429,0.9713771343231201,3–10
j43HgwYFKfk,Ugw0xgUc2ISpBr5_T654AaABAg,La cooptación de Walter Mazariegos en la USAC,Quorum,UCE4rsXcgDb6e1-a9iTbWzfg,@gonzalo6075,UCkbsS_3D-pvg1iHOld9uvIg,Veremos a este mafioso de Mazariegos en la cárcel y un buen tiempo en la sombra.,@quorumgt/videos,channel,quorum_complete_comments.csv | youtube_guatemala_plus_comments.csv,@gonzalo6075,hace 1 año, ,0,False,,,True,0,Veremos a este mafioso de Mazariegos en la cárcel y un buen tiempo en la sombra.,0,mafioso mazariego cárcel tiempo sombra,80,5,True,NEG,0.03048654831945896,0.7018653154373169,0.2676481306552887,-0.6713787671178579,0.7018653154373169,0
OkXlHx0hx-8,Ugw1ZzA21njWhaqQQTh4AaABAg,EE.UU. envía a mexicanos deportados a Guatemala antes de su regreso a México | Noticias Telemundo,Noticias Telemundo,UCRwA1NUcUnwsly35ikGhp0A,@luisroldan7374,UCOLHH4ZpMxPYF-Q6e6wvn5A,"eso es para que salga de USA por su propio pie 
que se auto deporten",guatemala noticias,topic,youtube_guatemala_comments.csv | youtube_guatemala_plus_comments.csv,@luisroldan7374,hace 1 día,2,1,False,,2,False,2,"eso es para que salga de USA por su propio pie 
que se auto deporten",0,salir pie auto deportar,68,4,True,NEG,0.019240999594330788,0.8103276491165161,0.17043134570121765,-0.7910866495221853,0.8103276491165161,1–2
OkXlHx0hx-8,Ugw1ZzA21njWhaqQQTh4AaABAg.Aa9Tf29tBouAaB_XZQglTL,EE.UU. envía a mexicanos deportados a Guatemala antes de su regreso a México | Noticias Telemundo,Noticias Telemundo,UCRwA1NUcUnwsly35ikGhp0A,@eugeneramirez4405,UCi2KiZq63sRq8Mfbcp-MelQ,Imagine if they had to walk back home.,guatemala noticias,topic,youtube_guatemala_comments.csv | youtube_guatemala_plus_comments.csv,@eugeneramirez4405,hace 20 horas, ,0,False,,,True,0,Imagine if they had to walk back home.,0,imagine they had walk back home,38,6,True,NEU,0.15142087638378143,0.3089751899242401,0.5396038889884949,-0.15755431354045868,0.5396038889884949,0
yLZS3JiEBg8,Ugw2014OIYf336oytFt4AaABAg,Arroz con pollo a la MONOPOLIO,Quorum,UCE4rsXcgDb6e1-a9iTbWzfg,@capitanfrans,UCXl30Y_upRqbti52fmjK4YA,buenísima investigacion :hand-purple-blue-peace::hand-purple-blue-peace::hand-purple-blue-peace:,@quorumgt/videos,channel,quorum_complete_comments.csv | youtube_guatemala_plus_comments.csv,@capitanfrans,hace 2 años, ,0,False,,,True,0,buenísima investigacion :hand-purple-blue-peace::hand-purple-blue-peace::hand-purple-blue-peace:,0,buenísima investigación hand purple blue peace hand purple blue peace hand purple blue peace,96,14,True,POS,0.5892648696899414,0.021916154772043228,0.38881897926330566,0.5673487149178982,0.5892648696899414,0
n8iP75gIpmw,Ugw2bSVOoNn2pc8ZcUl4AaABAg,Qué rico come tu diputado,Quorum,UCE4rsXcgDb6e1-a9iTbWzfg,@danyraymundo2942,UCRelkU8JiZBytTzebJxaa-w,"Lleven su lonchera, sacrifiquense un poco. Y reintevren ese dinero. O están robando.",@quorumgt/videos,channel,quorum_complete_comments.csv | youtube_guatemala_plus_comments.csv,@danyraymundo2942,hace 2 años,3,0,False,,3,False,3,"Lleven su lonchera, sacrifiquense un poco. Y reintevren ese dinero. O están robando.",0,lonchera sacrifiquensar reintevren dinero robar,84,5,True,NEG,0.03976690396666527,0.5835469961166382,0.37668612599372864,-0.5437800921499729,0.5835469961166382,3–10
lj983NWyAQY,Ugw3gnUvLp6AqO0_odt4AaABAg,Plan 2032 Ciudad de Guatemala,Municipalidad de Guatemala,UCXa6LVjBzUtmcM3cwbd9e2w,@perritojuega1,UCgLurCo-e019HGODcjXHWCw,Viva Guatemala 🇬🇹🇬🇹🇬🇹🥳🥳🥳,Municipalidad de Guatemala,topic,lj983NWyAQY_out_comments.csv | youtube_guatemala_plus_comments.csv,@perritojuega1,hace 5 años,2,0,False,,2,False,2,Viva Guatemala 🇬🇹🇬🇹🇬🇹🥳🥳🥳,9,vivo guatemala,24,2,True,NEU,0.1649121791124344,0.15794523060321808,0.6771426200866699,0.006966948509216309,0.6771426200866699,1–2
n8iP75gIpmw,Ugw4C1ijI36l6LAiSZh4AaABAg,Qué rico come tu diputado,Quorum,UCE4rsXcgDb6e1-a9iTbWzfg,@lizardomorataya8274,UCDIMztpVm7G27qBuiWuT6oQ,LADRONES !!!!,@quorumgt/videos,channel,quorum_complete_comments.csv | youtube_guatemala_plus_comments.csv,@lizardomorataya8274,hace 2 años, ,0,False,,,True,0,LADRONES !!!!,0,ladrón,13,1,True,NEG,0.12856347858905792,0.581593930721283,0.2898426055908203,-0.45303045213222504,0.581593930721283,0
ndAZjHqzzT8,Ugw4St_YnT9_Ya5xSPt4AaABAg,Internet: escoger el menos malo,Quorum,UCE4rsXcgDb6e1-a9iTbWzfg,@daniloarevalo3170,UCZOmq6MwFDVoCaEl99BRRaw,"Otro pequeño truco es que tenés un plan mensual de Gb y redes ilimitadas y luego te mandan mensaje que consumiste el 95% de tu plan y ahi viene el caos verificas el consumo de tus datos y solo has utilizado redes, con un mínimo de internet y por ende hay que hacer una recarga adicional,,, porque vas a averiguar y solo te dicen que sí consumiste tus datos y ya,,,,a recargar,,un negoció redondo para ambas empresas 🤮🤮😠😠💵💵",@quorumgt/videos,channel,quorum_complete_comments.csv | youtube_guatemala_plus_comments.csv,@daniloarevalo3170,hace 1 año, ,0,False,,,True,0,"Otro pequeño truco es que tenés un plan mensual de Gb y redes ilimitadas y luego te mandan mensaje que consumiste el 95% de tu plan y ahi viene el caos verificas el consumo de tus datos y solo has utilizado redes, con un mínimo de internet y por ende hay que hacer una recarga adicional,,, porque vas a averiguar y solo te dicen que sí consumiste tus datos y ya,,,,a recargar,,un negoció redondo para ambas empresas 🤮🤮😠😠💵💵",6,pequeño truco tenés plan mensual red ilimitado mandan mensaje consumistir plan venir caos verifica consumo dato utilizar red mínimo internet ende recarga adicional averiguar consumistir dato recargar negocio redondo empresa,422,30,True,NEG,0.005493394564837217,0.9142566323280334,0.08024998009204865,-0.9087632377631962,0.9142566323280334,0
6W4u8sGEnGM,Ugw4ccnmIWJaE6VNRWN4AaABAg,Inician los trabajos de recuperación del Puente Belice II.,Gobierno de la República de Guatemala,UC-ZtFBHzgkYFh7whZkuR_Ag,@vitalianochavez8382,UCFybmWapGvBKcQod7cPPH9w,Que bien que cambio de nombre,Gobierno de la República de Guatemala,topic,youtube_guatemala_plus_comments.csv | youtube_lab_targets_small_comments.csv,@vitalianochavez8382,hace 5 días,1,0,False,,1,False,1,Que bien que cambio de nombre,0,cambio nombre,29,2,True,POS,0.8997505307197571,0.024983489885926247,0.0752660259604454,0.8747670408338308,0.8997505307197571,1–2
n8iP75gIpmw,Ugw5E402-fn52PLXFIJ4AaABAg,Qué rico come tu diputado,Quorum,UCE4rsXcgDb6e1-a9iTbWzfg,@andyB5280,UCh5ESQvtzyHDhCA7XyekCFA,Tiene un poquito de oro y no habla como resolver los problemas .,@quorumgt/videos,channel,quorum_complete_comments.csv | youtube_guatemala_plus_comments.csv,@andyB5280,hace 2 años, ,0,False,,,True,0,Tiene un poquito de oro y no habla como resolver los problemas .,0,poquito oro resolver problema,64,4,True,NEG,0.025058439001441002,0.7196908593177795,0.2552507817745209,-0.6946324203163385,0.7196908593177795,0
n8iP75gIpmw,Ugw5URsiAF9QVoniY-l4AaABAg,Qué rico come tu diputado,Quorum,UCE4rsXcgDb6e1-a9iTbWzfg,@cesarandreas7824,UCWIZUtKJ636y-4TYrNvok0g,"Si a los diputados no les alcanza el sueldo que se busquen otro trabajo,  ya sea de los departamentos o de la capital.",@quorumgt/videos,channel,quorum_complete_comments.csv | youtube_guatemala_plus_comments.csv,@cesarandreas7824,hace 2 años,5,0,False,,5,False,5,"Si a los diputados no les alcanza el sueldo que se busquen otro trabajo,  ya sea de los departamentos o de la capital.",0,diputado alcanzar sueldo buscar trabajo departamento capital,118,7,True,NEG,0.006952648051083088,0.8866135478019714,0.10643378645181656,-0.8796608997508883,0.8866135478019714,3–10
n8iP75gIpmw,Ugw5xMAuDaygo77ynI94AaABAg,Qué rico come tu diputado,Quorum,UCE4rsXcgDb6e1-a9iTbWzfg,@jor77cas,UCzoL2l5H5eVlorWGH8AZfAg,"Lamentable son las EXCUSAS,  reclama que porque no se ve el trabajo que realizan, sueldon para que se costeen sus propios alimentos, pero tienen que ir a restaurantes de lujo y el PUEBLO luchando para llevar un pan a su mesa, muchos ni a eso llegan  ...",@quorumgt/videos,channel,quorum_complete_comments.csv | youtube_guatemala_plus_comments.csv,@jor77cas,hace 2 años (editado),6,0,False,,6,False,6,"Lamentable son las EXCUSAS,  reclama que porque no se ve el trabajo que realizan, sueldon para que se costeen sus propios alimentos, pero tienen que ir a restaurantes de lujo y el PUEBLO luchando para llevar un pan a su mesa, muchos ni a eso llegan  ...",0,lamentable excusa reclamar trabajo sueldon costear alimento restaurante lujo pueblo luchar pan mesa llegar,253,14,True,NEG,0.0030865068547427654,0.9809203147888184,0.015993136912584305,-0.9778338079340756,0.9809203147888184,3–10
TT4qJ5FXHYE,Ugw6cfXYfV4H-asKlDR4AaABAg,"I’x K’at: el primer equipo guatemalteco de pelota maya, conformado únicamente por mujeres.",Quorum,UCE4rsXcgDb6e1-a9iTbWzfg,@rotorairgroup8409,UCKVzDUqbtdSMBcexaEtMmzQ,No se ve un deporte dinamico ni entretenido. El trasfondo de este juego era bastante macabro y refleja la oscuridad de las culturas pre colombinas en America. No le encuentro sentido a recrear algo tan negativo y arcaico.,@quorumgt/videos,channel,quorum_complete_comments.csv | youtube_guatemala_plus_comments.csv,@rotorairgroup8409,hace 2 años, ,0,False,,,True,0,No se ve un deporte dinamico ni entretenido. El trasfondo de este juego era bastante macabro y refleja la oscuridad de las culturas pre colombinas en America. No le encuentro sentido a recrear algo tan negativo y arcaico.,0,deporte dinamico entretenido trasfondo juego macabro reflejar oscuridad cultura pre colombina américa encontrar sentido recrear negativo arcaico,221,17,True,NEG,0.003525074105709791,0.97502201795578,0.0214528925716877,-0.9714969438500702,0.97502201795578,0
j43HgwYFKfk,Ugw74asIfir0_SVC6OB4AaABAg,La cooptación de Walter Mazariegos en la USAC,Quorum,UCE4rsXcgDb6e1-a9iTbWzfg,@eustaquiogomez9975,UCNpt5CQlTzNjlAKY6CJtClQ,Denle golpe universitario (de estado). Lo puede hacer el CSU?,@quorumgt/videos,channel,quorum_complete_comments.csv | youtube_guatemala_plus_comments.csv,@eustaquiogomez9975,hace 1 año, ,0,False,,,True,0,Denle golpe universitario (de estado). Lo puede hacer el CSU?,0,denle golpe universitario csu,61,4,True,NEU,0.016182078048586845,0.2983644902706146,0.6854534149169922,-0.2821824122220278,0.6854534149169922,0
n8iP75gIpmw,Ugw86zOgTwKzYotlT9l4AaABAg,Qué rico come tu diputado,Quorum,UCE4rsXcgDb6e1-a9iTbWzfg,@yeniferaguirre4498,UCut6b9S98nv84cVX89PmKzA,Y el pueblo muriéndose de hambre muchas madres de familia ganando 50 quetzales al día y en algunos departamentos solo ganan 30 te voy a dar mención una aldea llamada el jabalí 30 quetzales al día gana algunas personas ganan 300 quetzales a la semana fiestas sanguijuelas se los comieron en un almuerzo,@quorumgt/videos,channel,quorum_complete_comments.csv | youtube_guatemala_plus_comments.csv,@yeniferaguirre4498,hace 2 años,1,0,False,,1,False,1,Y el pueblo muriéndose de hambre muchas madres de familia ganando 50 quetzales al día y en algunos departamentos solo ganan 30 te voy a dar mención una aldea llamada el jabalí 30 quetzales al día gana algunas personas ganan 300 quetzales a la semana fiestas sanguijuelas se los comieron en un almuerzo,0,pueblo morir hambre madre familia ganar quetzales departamento ganar mención aldea llamado jabalí quetzal ganar persona ganar quetzales semana fiesta sanguijuela comer almuerzo,301,23,True,NEG,0.006528511643409729,0.9045087099075317,0.08896276354789734,-0.897980198264122,0.9045087099075317,1–2
j43HgwYFKfk,Ugw8iZ_G2Cwq-9ZYctt4AaABAg,La cooptación de Walter Mazariegos en la USAC,Quorum,UCE4rsXcgDb6e1-a9iTbWzfg,@aguilar4254,UCQyOePccUP-fIJYzchAgZYw,"Pues son muchos los alumnos hay que unirse se han quedado con la pata del Walter en el cuello, fuera hay que sacarlos",@quorumgt/videos,channel,quorum_complete_comments.csv | youtube_guatemala_plus_comments.csv,@aguilar4254,hace 6 meses, ,0,False,,,True,0,"Pues son muchos los alumnos hay que unirse se han quedado con la pata del Walter en el cuello, fuera hay que sacarlos",0,alumno unir quedar pata walter cuello sacar,117,7,True,NEG,0.011529780924320221,0.9448848962783813,0.04358530417084694,-0.9333551153540611,0.9448848962783813,0
n8iP75gIpmw,Ugw8pyxscJNUQpfoKuF4AaABAg,Qué rico come tu diputado,Quorum,UCE4rsXcgDb6e1-a9iTbWzfg,@welfrealdana5559,UCOLGv5Pf6BF2wFcwUzgcvHg,Todos lis que trabajan en la capital pagamos apartamento y no tenemos carro y gasolina gratis,@quorumgt/videos,channel,quorum_complete_comments.csv | youtube_guatemala_plus_comments.csv,@welfrealdana5559,hace 2 años,4,0,False,,4,False,4,Todos lis que trabajan en la capital pagamos apartamento y no tenemos carro y gasolina gratis,0,trabajar capital pagar apartamento carro gasolina gratis,93,7,True,NEG,0.010612694546580315,0.7940722107887268,0.19531509280204773,-0.7834595162421465,0.7940722107887268,3–10
06mFNPU0aB8,Ugw9_Qw_QaSdggWuKJt4AaABAg,Capturan a presuntos delincuentes disfrazados de mujer señalados de cometer asalto,Noti7,UCVpSRoZgngfSL03Nlbjtq9A,@ruddydepaz322,UCAxvOOHQk7dYPOajzFEVtbA,Las dos se ubieran vestido de rosita con tacones y medias.Dia y noche no les ba faltar de todos calibres .delen una bolsa de pintalabios también .,guatemala noticias,topic,youtube_guatemala_comments.csv | youtube_guatemala_plus_comments.csv,@ruddydepaz322,hace 2 semanas, ,0,False,,,True,0,Las dos se ubieran vestido de rosita con tacones y medias.Dia y noche no les ba faltar de todos calibres .delen una bolsa de pintalabios también .,0,ubeír vestido rosita tacón media noche faltar calibre delar bolsa pintalabio,146,11,True,NEU,0.06207885593175888,0.12266004830598831,0.8152611255645752,-0.06058119237422943,0.8152611255645752,0
n8iP75gIpmw,Ugw9eye2GML6RHRSu-14AaABAg,Qué rico come tu diputado,Quorum,UCE4rsXcgDb6e1-a9iTbWzfg,@MegaKristenstewart,UCQ_-LPP8JAbfkc-b1Q6NvWw,La gente muriendose de hambre y esos ladrones comiendo de maravilla que verguenza...,@quorumgt/videos,channel,quorum_complete_comments.csv | youtube_guatemala_plus_comments.csv,@MegaKristenstewart,hace 2 años,31,0,False,,31,False,31,La gente muriendose de hambre y esos ladrones comiendo de maravilla que verguenza...,0,gente morir hambre ladrón comer maravilla verguenzar,84,7,True,NEG,0.009919611737132072,0.9528023600578308,0.03727799654006958,-0.9428827483206987,0.9528023600578308,11–50
lj983NWyAQY,UgwA5aTmgACLCuTUT494AaABAg,Plan 2032 Ciudad de Guatemala,Municipalidad de Guatemala,UCXa6LVjBzUtmcM3cwbd9e2w,@melvinperez6710,UCXmrpc6Li0spcKxtS0Q_ptg,Guatemala nunca se tube que llamar guatemala dino guatebella guatehermosa guatelinda la eterna primavera es guatebella abrazos hnos de un salvadoreno que viva el amor y la armonia,Municipalidad de Guatemala,topic,lj983NWyAQY_out_comments.csv | youtube_guatemala_plus_comments.csv,@melvinperez6710,hace 6 años,10,0,False,,10,False,10,Guatemala nunca se tube que llamar guatemala dino guatebella guatehermosa guatelinda la eterna primavera es guatebella abrazos hnos de un salvadoreno que viva el amor y la armonia,0,guatemala tubar llamar guatemala dino guatebella guatehermós guatelinda eterno primavera guatebello abrazo hno salvadoreño vivir amor armonía,179,17,True,POS,0.8579168319702148,0.010685136541724205,0.13139796257019043,0.8472316954284906,0.8579168319702148,3–10
n8iP75gIpmw,UgwARHTnVAzzPrHbNox4AaABAg,Qué rico come tu diputado,Quorum,UCE4rsXcgDb6e1-a9iTbWzfg,@belvettzapeta1251,UCZ51R_9Q9C0c8I3pAWhtmjQ,Me parece excelente esta entrevista,@quorumgt/videos,channel,quorum_complete_comments.csv | youtube_guatemala_plus_comments.csv,@belvettzapeta1251,hace 2 años,8,0,False,,8,False,8,Me parece excelente esta entrevista,0,excelente entrevista,35,2,True,POS,0.9737787246704102,0.0029452969320118427,0.023275967687368393,0.9708334277383983,0.9737787246704102,3–10
X_FAIef8qlE,UgwBIwUPLGxEWAu3Mh14AaABAg,Cruzando la ciudad a puro Transmetro,Quorum,UCE4rsXcgDb6e1-a9iTbWzfg,@elizabethmonterroso7719,UCPLW0HE3siElqCgXfgWxMqg,"¿Como se subscribe uno al boletín informativo? 
Yo intenté desde la pagina web pero  los teléfonos que tienen colocados  dice telgua que no existen. Y WhatsApp igual dice que ese teléfono no existe.",@quorumgt/videos,channel,quorum_complete_comments.csv | youtube_guatemala_plus_comments.csv,@elizabethmonterroso7719,hace 5 meses, ,0,False,,,True,0,"¿Como se subscribe uno al boletín informativo? 
Yo intenté desde la pagina web pero  los teléfonos que tienen colocados  dice telgua que no existen. Y WhatsApp igual dice que ese teléfono no existe.",0,subscribir boletín informativo intentar página web teléfono colocado telguo whatsapp teléfono,198,11,True,NEG,0.0033685278613120317,0.891575276851654,0.10505611449480057,-0.888206748990342,0.891575276851654,0
OkXlHx0hx-8,UgwCW5PErySUmwse3bZ4AaABAg,EE.UU. envía a mexicanos deportados a Guatemala antes de su regreso a México | Noticias Telemundo,Noticias Telemundo,UCRwA1NUcUnwsly35ikGhp0A,@WilR-s8r,UCxhtlxPV8AYWaNNyU6S9H8Q,Pero hay que ver el lado bueno si los deportan por la Frontera los carteles los secuestran para sacar dinero a los familiares en USA,guatemala noticias,topic,youtube_guatemala_comments.csv | youtube_guatemala_plus_comments.csv,@WilR-s8r,hace 1 día, ,0,False,,,True,0,Pero hay que ver el lado bueno si los deportan por la Frontera los carteles los secuestran para sacar dinero a los familiares en USA,0,deportar frontera cartel secuestrar sacar dinero familiar,132,7,True,NEU,0.061671022325754166,0.4655875563621521,0.47274139523506165,-0.40391653403639793,0.47274139523506165,0
yLZS3JiEBg8,UgwCfRlzeiXz172UQQV4AaABAg,Arroz con pollo a la MONOPOLIO,Quorum,UCE4rsXcgDb6e1-a9iTbWzfg,@hashojea7348,UCvcu1kR8xMYy_I1Ty-2mV2Q,"Este video debe llegar a muchas personas, es muy buena información",@quorumgt/videos,channel,quorum_complete_comments.csv | youtube_guatemala_plus_comments.csv,@hashojea7348,hace 2 años, ,0,False,,,True,0,"Este video debe llegar a muchas personas, es muy buena información",0,video llegar persona información,66,4,True,POS,0.9616618156433105,0.0028262624982744455,0.03551185876131058,0.9588355531450361,0.9616618156433105,0
j43HgwYFKfk,UgwCw9bhAw6suYQfCWx4AaABAg,La cooptación de Walter Mazariegos en la USAC,Quorum,UCE4rsXcgDb6e1-a9iTbWzfg,@josecastillo4390,UCaKAjTW9MVub_clgr4DRYjQ,Qué lujooo de contenidooooo 🔥,@quorumgt,topic,j43HgwYFKfk_out_comments.csv | quorum_complete_comments.csv | youtube_guatemala_plus_comments.csv,@josecastillo4390,hace 1 año,6,0,False,,6,False,6,Qué lujooo de contenidooooo 🔥,1,lujoo contenidoo,29,2,True,POS,0.7671719789505005,0.0306214801967144,0.2022065669298172,0.7365504987537861,0.7671719789505005,3–10
n8iP75gIpmw,UgwEOUk-ofXNqkHW5Cx4AaABAg,Qué rico come tu diputado,Quorum,UCE4rsXcgDb6e1-a9iTbWzfg,@markoherrera,UCxff05WuyvwELNITi7bj7UA,"Desde que dijo que qué hacían los periodistas por el país lo deje de escuchar, no me quiero picar el hígado",@quorumgt/videos,channel,quorum_complete_comments.csv | youtube_guatemala_plus_comments.csv,@markoherrera,hace 2 años,3,0,False,,3,False,3,"Desde que dijo que qué hacían los periodistas por el país lo deje de escuchar, no me quiero picar el hígado",0,periodista dejar escuchar picar hígado,107,5,True,NEG,0.0029706722125411034,0.9598258137702942,0.03720342740416527,-0.9568551415577531,0.9598258137702942,3–10
n8iP75gIpmw,UgwEQHx8Ik7SbxBTQ914AaABAg,Qué rico come tu diputado,Quorum,UCE4rsXcgDb6e1-a9iTbWzfg,@SoniaMarroquin-y6e,UCZLG9qH0tUjNhEGFIUt0CYw,Otros nuevos corruptos,@quorumgt/videos,channel,quorum_complete_comments.csv | youtube_guatemala_plus_comments.csv,@SoniaMarroquin-y6e,hace 2 años,1,0,False,,1,False,1,Otros nuevos corruptos,0,corrupto,22,1,True,NEU,0.12121540307998657,0.35485905408859253,0.5239256024360657,-0.23364365100860596,0.5239256024360657,1–2
j43HgwYFKfk,UgwEjfj5ueeimHg-Hbt4AaABAg,La cooptación de Walter Mazariegos en la USAC,Quorum,UCE4rsXcgDb6e1-a9iTbWzfg,@armindapenados2841,UCwgCc9Jd_gG-uLE_SY-FfPg,¡¡¡La USAC NO tiene rector sólo un usurpador!!!,@quorumgt/videos,channel,quorum_complete_comments.csv | youtube_guatemala_plus_comments.csv,@armindapenados2841,hace 1 año, ,0,False,,,True,0,¡¡¡La USAC NO tiene rector sólo un usurpador!!!,0,usac rector usurpador,47,3,True,NEG,0.01612292416393757,0.879448652267456,0.10442844778299332,-0.8633257281035185,0.879448652267456,0
n8iP75gIpmw,UgwG3XiEgFlHKtrtTqd4AaABAg,Qué rico come tu diputado,Quorum,UCE4rsXcgDb6e1-a9iTbWzfg,@JacintaTzoy,UCXSkL3ejZ8qWYyF_M7s_QKA,"Entoces las mismas 💩😡 Junta Directiva haciéndose de las suyas con el dinero del Estado. Ya basta de tanto robo, barriles sin fondos..💩😡",@quorumgt/videos,channel,quorum_complete_comments.csv | youtube_guatemala_plus_comments.csv,@JacintaTzoy,hace 2 años, ,0,False,,,True,0,"Entoces las mismas 💩😡 Junta Directiva haciéndose de las suyas con el dinero del Estado. Ya basta de tanto robo, barriles sin fondos..💩😡",4,entoz junta directivo dinero bastar robo barril fondo,135,8,True,NEG,0.0032945992425084114,0.9689444899559021,0.027760902419686317,-0.9656498907133937,0.9689444899559021,0
n8iP75gIpmw,UgwGm1V-_GN1ZPcijdl4AaABAg,Qué rico come tu diputado,Quorum,UCE4rsXcgDb6e1-a9iTbWzfg,@byronpontaza,UChs3tU2BcKOT0CezykvAsGw,"Eso es lo que yo no entiendo de los periodistas, porque ahora atacan con tanto entusiasmo estas cosas, en el gobierno anterior estuvieron callados, o en ese tiempo también ellos recibían sus pagos",@quorumgt/videos,channel,quorum_complete_comments.csv | youtube_guatemala_plus_comments.csv,@byronpontaza,hace 2 años,2,0,False,,2,False,2,"Eso es lo que yo no entiendo de los periodistas, porque ahora atacan con tanto entusiasmo estas cosas, en el gobierno anterior estuvieron callados, o en ese tiempo también ellos recibían sus pagos",0,entender periodista atacar entusiasmo gobierno callado tiempo recibir pago,196,9,True,NEG,0.0034088112879544497,0.9338313341140747,0.0627598837018013,-0.9304225228261203,0.9338313341140747,1–2
n8iP75gIpmw,UgwHY5LtTiQ0lBONp8N4AaABAg,Qué rico come tu diputado,Quorum,UCE4rsXcgDb6e1-a9iTbWzfg,@johnmejia992,UC6PvO1_k5lHKGdAPo5_C6TA,"Tanto mierda este programa... tiene razón pero 
Y porque no le tira así a los corruptos",@quorumgt/videos,channel,quorum_complete_comments.csv | youtube_guatemala_plus_comments.csv,@johnmejia992,hace 2 años,1,0,False,,1,False,1,"Tanto mierda este programa... tiene razón pero 
Y porque no le tira así a los corruptos",0,mierda programa razón tirar corrupto,87,5,True,NEG,0.008745262399315834,0.9452115893363953,0.046043168753385544,-0.9364663269370794,0.9452115893363953,1–2
6W4u8sGEnGM,UgwIB06iEQnFOFLc9et4AaABAg,Inician los trabajos de recuperación del Puente Belice II.,Gobierno de la República de Guatemala,UC-ZtFBHzgkYFh7whZkuR_Ag,@vic-bonivideos,UCwxoKK59nGCeBqB2sXfDBIw,"Indignante COMO EXISTEN unos GUATEMALTECOS ESTÚPIDOS , los PROYECTOS, SON PROYECTOS DE ESTADOS no de PARTIDOS POLÍTICOS, lo que hubiera estado HACIENDO EL ZURDO PRESIDENTE era INAURANDO su CONSTRUCCIÓN no reempezar lo que hace 3 años empezó así como el el puente Roosevelt no tuvo ningún cambio fue lo que ya estaba expuesto, lo que sucede que siempre llega otro delincuente y quiere su mordida ese PROSUPUESTO YA ESTABA ECHO ..",Gobierno de la República de Guatemala,topic,youtube_guatemala_plus_comments.csv | youtube_lab_targets_small_comments.csv,@vic-bonivideos,hace 6 días, ,1,False,,,True,0,"Indignante COMO EXISTEN unos GUATEMALTECOS ESTÚPIDOS , los PROYECTOS, SON PROYECTOS DE ESTADOS no de PARTIDOS POLÍTICOS, lo que hubiera estado HACIENDO EL ZURDO PRESIDENTE era INAURANDO su CONSTRUCCIÓN no reempezar lo que hace 3 años empezó así como el el puente Roosevelt no tuvo ningún cambio fue lo que ya estaba expuesto, lo que sucede que siempre llega otro delincuente y quiere su mordida ese PROSUPUESTO YA ESTABA ECHO ..",0,indignante guatemalteco estúpido proyecto proyecto partido político zurdo presidente inaurar construcción reempezar empezar puente roosevelt cambio expuesto suceder llegar delincuente mordida prosupuesto echo,428,23,True,NEG,0.004582866095006466,0.9623076319694519,0.033109404146671295,-0.9577247658744454,0.9623076319694519,0
6W4u8sGEnGM,UgwIB06iEQnFOFLc9et4AaABAg.Aa-0m2jDJt2Aa42DVzs9Zy,Inician los trabajos de recuperación del Puente Belice II.,Gobierno de la República de Guatemala,UC-ZtFBHzgkYFh7whZkuR_Ag,@hectormaaz5523,UCWaRixDdpgllTBf4V0jPnKQ,Tantos.que empezaron y no llegaron ni siquiera a la mitad puentes donde no hay Rio para robar el dinero y este presidente llegó para hacer algo diferente y eso que no vote por el pues tampoco he cotado por los corruptos pero a este presente si votaría por el si fuera posible,Gobierno de la República de Guatemala,topic,youtube_guatemala_plus_comments.csv | youtube_lab_targets_small_comments.csv,@hectormaaz5523,hace 4 días (editado), ,0,False,,,True,0,Tantos.que empezaron y no llegaron ni siquiera a la mitad puentes donde no hay Rio para robar el dinero y este presidente llegó para hacer algo diferente y eso que no vote por el pues tampoco he cotado por los corruptos pero a este presente si votaría por el si fuera posible,0,empezar llegar siquiera mitad puente río robar dinero presidente votar cotar corrupto presente votar,275,14,True,NEG,0.0279556792229414,0.8334041833877563,0.13864018023014069,-0.805448504164815,0.8334041833877563,0
j43HgwYFKfk,UgwIBBqN6fh6MURkwkN4AaABAg,La cooptación de Walter Mazariegos en la USAC,Quorum,UCE4rsXcgDb6e1-a9iTbWzfg,@HectorElias-u2l,UCkVtmkK07b2zaVVNssX4lOg,"Mucha importancia le dan a éste ladrón maldito,",@quorumgt,topic,j43HgwYFKfk_out_comments.csv | quorum_complete_comments.csv | youtube_guatemala_plus_comments.csv,@HectorElias-u2l,hace 6 meses, ,0,False,,,True,0,"Mucha importancia le dan a éste ladrón maldito,",0,importancia ladrón maldito,47,3,True,NEG,0.006109336856752634,0.9712888598442078,0.02260177955031395,-0.9651795229874551,0.9712888598442078,0
n8iP75gIpmw,UgwIiqrp6EYNoFmnBAR4AaABAg,Qué rico come tu diputado,Quorum,UCE4rsXcgDb6e1-a9iTbWzfg,@carlosmedranovelasquez6380,UCN6qbfPSzFtjhqUDZ3Cv3CQ,"O sea que si es válido que se den sus gustos con el dinero de los guatemaltecos, es una sinverguenzada, para eso tienen jugosos salarios no le roben al pueblo",@quorumgt/videos,channel,quorum_complete_comments.csv | youtube_guatemala_plus_comments.csv,@carlosmedranovelasquez6380,hace 2 años,2,0,False,,2,False,2,"O sea que si es válido que se den sus gustos con el dinero de los guatemaltecos, es una sinverguenzada, para eso tienen jugosos salarios no le roben al pueblo",0,válido gusto dinero guatemalteco sinverguenzado jugoso salario robir pueblo,158,9,True,NEG,0.016467785462737083,0.9209767580032349,0.06255549937486649,-0.9045089725404978,0.9209767580032349,1–2
j43HgwYFKfk,UgwIlv8gtF3WKYfHSJJ4AaABAg,La cooptación de Walter Mazariegos en la USAC,Quorum,UCE4rsXcgDb6e1-a9iTbWzfg,@lisss1908,UC95PSMouTx2N5CbSq0hIyrQ,😮,@quorumgt/videos,channel,quorum_complete_comments.csv | youtube_guatemala_plus_comments.csv,@lisss1908,hace 1 año, ,0,False,,,True,0,😮,1,,1,0,False,NEU,0.04183220490813255,0.25601351261138916,0.7021542191505432,-0.2141813077032566,0.7021542191505432,0
n8iP75gIpmw,UgwJ4UehO5E4j0niJU14AaABAg,Qué rico come tu diputado,Quorum,UCE4rsXcgDb6e1-a9iTbWzfg,@fredydomingo7062,UCueV9cTyTDwgQSec1x2dYgA,😂😂😂😂solo pajas😅😅que político gasta su dinero por el país,@quorumgt/videos,channel,quorum_complete_comments.csv | youtube_guatemala_plus_comments.csv,@fredydomingo7062,hace 1 año, ,0,False,,,True,0,😂😂😂😂solo pajas😅😅que político gasta su dinero por el país,6,paja político gastar dinero,56,4,True,NEG,0.021181290969252586,0.68991619348526,0.28890252113342285,-0.6687349025160074,0.68991619348526,0
n8iP75gIpmw,UgwJMFYT7I9czw_oa0V4AaABAg,Qué rico come tu diputado,Quorum,UCE4rsXcgDb6e1-a9iTbWzfg,@ManuelEdran,UC5H8ASmMC9WrURmzeB4ySog,No es el tema centrese y aclare...,@quorumgt/videos,channel,quorum_complete_comments.csv | youtube_guatemala_plus_comments.csv,@ManuelEdran,hace 2 años,1,0,False,,1,False,1,No es el tema centrese y aclare...,0,tema centrese aclare,34,3,True,NEU,0.08574598282575607,0.12742042541503906,0.786833643913269,-0.04167444258928299,0.786833643913269,1–2
n8iP75gIpmw,UgwJN55EmMcKPRb_AfB4AaABAg,Qué rico come tu diputado,Quorum,UCE4rsXcgDb6e1-a9iTbWzfg,@fredymendez1786,UCHhHUjaMAZ8SiXdCUCj9DkQ,hay cosas que yo no entiendo de Guatemala que a mi suena ilogico. Dandole almuerzos gratis a funcionarios publico? a poco no es suficiente con todos los robos que hacen aparte de los salarios incontables que tienen. Porque no crean un fondo mas para las escuelas para que los niños desnutridos que seria de gran ayuda para los padres.,@quorumgt/videos,channel,quorum_complete_comments.csv | youtube_guatemala_plus_comments.csv,@fredymendez1786,hace 2 años,1,0,False,,1,False,1,hay cosas que yo no entiendo de Guatemala que a mi suena ilogico. Dandole almuerzos gratis a funcionarios publico? a poco no es suficiente con todos los robos que hacen aparte de los salarios incontables que tienen. Porque no crean un fondo mas para las escuelas para que los niños desnutridos que seria de gran ayuda para los padres.,0,entender guatemala suena ilogico almuerzo gratis funcionario público suficiente robo aparte salario incontabl crear fondo escuela niño desnutrido seriar ayuda padre,334,21,True,NEG,0.0033922188449651003,0.9748119711875916,0.021795835345983505,-0.9714197523426265,0.9748119711875916,1–2
n8iP75gIpmw,UgwKjHT5lyjLiqR9ym94AaABAg,Qué rico come tu diputado,Quorum,UCE4rsXcgDb6e1-a9iTbWzfg,@fredygarcia9151,UCgvw7xIdGFupzpt1Y_BFkEA,Si hacen algo bueno para guate es por eso que se les paga.,@quorumgt/videos,channel,quorum_complete_comments.csv | youtube_guatemala_plus_comments.csv,@fredygarcia9151,hace 2 años,1,0,False,,1,False,1,Si hacen algo bueno para guate es por eso que se les paga.,0,guate pagar,58,2,True,POS,0.6960310935974121,0.10073629766702652,0.2032325714826584,0.5952947959303856,0.6960310935974121,1–2
j43HgwYFKfk,UgwL_UlN82zRUeNgVDh4AaABAg,La cooptación de Walter Mazariegos en la USAC,Quorum,UCE4rsXcgDb6e1-a9iTbWzfg,@EdgarcalderonCalderong,UCeDNEtI8_a42bZ47wJiJMwQ,SECUESTRADOR DE LA U DE SAN CARLOS,@quorumgt/videos,channel,quorum_complete_comments.csv | youtube_guatemala_plus_comments.csv,@EdgarcalderonCalderong,hace 1 año, ,0,False,,,True,0,SECUESTRADOR DE LA U DE SAN CARLOS,0,secuestrador san carlos,34,3,True,NEU,0.04224516823887825,0.3924494981765747,0.5653054118156433,-0.35020432993769646,0.5653054118156433,0
6W4u8sGEnGM,UgwMfCTNaiukOxMqfON4AaABAg,Inician los trabajos de recuperación del Puente Belice II.,Gobierno de la República de Guatemala,UC-ZtFBHzgkYFh7whZkuR_Ag,@mariogonzalezorellana8956,UCiOZX__1gahg1ypIj0_XG_w,Pero ya enseña,Gobierno de la República de Guatemala,topic,youtube_guatemala_plus_comments.csv | youtube_lab_targets_small_comments.csv,@mariogonzalezorellana8956,hace 6 días,1,0,False,,1,False,1,Pero ya enseña,0,enseño,14,1,True,NEU,0.16202692687511444,0.08136382699012756,0.7566092014312744,0.08066309988498688,0.7566092014312744,1–2
j43HgwYFKfk,UgwNvErOoJ_qRYF6TB94AaABAg,La cooptación de Walter Mazariegos en la USAC,Quorum,UCE4rsXcgDb6e1-a9iTbWzfg,@Lyrics_GT,UCqCrvuoJpC-aVb0f4logQRQ,"Es una buena universidad, ahí estudio mi hermano, sin embargo es una universidad manchada por los malditos rojos, los asquerosos Comunistas que salen a manifestar en la huelga.",@quorumgt/videos,channel,quorum_complete_comments.csv | youtube_guatemala_plus_comments.csv,@Lyrics_GT,hace 1 año, ,0,False,,,True,0,"Es una buena universidad, ahí estudio mi hermano, sin embargo es una universidad manchada por los malditos rojos, los asquerosos Comunistas que salen a manifestar en la huelga.",0,universidad estudiar hermano universidad manchado maldito rojo asqueroso comunista salir manifestar huelga,176,12,True,NEG,0.03907053917646408,0.8715700507164001,0.08935939520597458,-0.8324995115399361,0.8715700507164001,0
TT4qJ5FXHYE,UgwO8kzHC551ofxNYCV4AaABAg,"I’x K’at: el primer equipo guatemalteco de pelota maya, conformado únicamente por mujeres.",Quorum,UCE4rsXcgDb6e1-a9iTbWzfg,@sarahernandez3873,UCld2stqxaVSk0QdGncM224A,¡Que excelente iniciativa y equipo de emprendimeitno por rescatar las tradiciones de Guatemala! Esperamos que puedan seguir avanzando y que este juego se vuelva algo mucho más popular entre las nuevas generaciones. ¡Bravo!,@quorumgt/videos,channel,quorum_complete_comments.csv | youtube_guatemala_plus_comments.csv,@sarahernandez3873,hace 4 años,4,0,False,,4,False,4,¡Que excelente iniciativa y equipo de emprendimeitno por rescatar las tradiciones de Guatemala! Esperamos que puedan seguir avanzando y que este juego se vuelva algo mucho más popular entre las nuevas generaciones. ¡Bravo!,0,excelente iniciativa equipo emprendimeitno rescatar tradición guatemala esperar seguir avanzar juego volver popular generación bravo,222,15,True,POS,0.9698753356933594,0.004454268608242273,0.025670398026704788,0.9654210670851171,0.9698753356933594,3–10
n8iP75gIpmw,UgwPCZZx2gI444cg2AV4AaABAg,Qué rico come tu diputado,Quorum,UCE4rsXcgDb6e1-a9iTbWzfg,@VidalVillatoro-p4w,UCpIdtvoFHVLGASGB5ySqIEA,Este diputado no deja  hablar a los periodistas  y trata de confundir a la población con sus respuestas justificando las armadas que se da con el dinero del pu3blo,@quorumgt/videos,channel,quorum_complete_comments.csv | youtube_guatemala_plus_comments.csv,@VidalVillatoro-p4w,hace 2 años,1,0,False,,1,False,1,Este diputado no deja  hablar a los periodistas  y trata de confundir a la población con sus respuestas justificando las armadas que se da con el dinero del pu3blo,0,diputado dejar hablar periodista confundir población respuesta justificar armada dinero pu3blo,163,11,True,NEG,0.004804512020200491,0.9737553000450134,0.021440228447318077,-0.9689507880248129,0.9737553000450134,1–2
OkXlHx0hx-8,UgwRLgDGrh-_TEVNOYh4AaABAg,EE.UU. envía a mexicanos deportados a Guatemala antes de su regreso a México | Noticias Telemundo,Noticias Telemundo,UCRwA1NUcUnwsly35ikGhp0A,@Paul-gf7ec,UCtiHFjFu7d5v2XxHnKFUYig,También hay personas que se hacen pasar por mexicanos para que los deporté a México y regresar más rápido a Usa,guatemala noticias,topic,youtube_guatemala_comments.csv | youtube_guatemala_plus_comments.csv,@Paul-gf7ec,hace 1 día, ,0,False,,,True,0,También hay personas que se hacen pasar por mexicanos para que los deporté a México y regresar más rápido a Usa,0,persona pasar mexicano deportar méxico regresar rápido,111,7,True,NEU,0.04054515063762665,0.22977079451084137,0.7296839952468872,-0.18922564387321472,0.7296839952468872,0
zweosulrwA8,UgwSDn5aIUEZwOlx9c94AaABAg,Edén por Salud: empleo inclusivo para personas con discapacidad en Antigua | Super - Episodio 2,Quorum,UCE4rsXcgDb6e1-a9iTbWzfg,@elioelias7267,UCQM2tCKRRytVDRxNUfCDqQQ,❤🎉,@quorumgt/videos,channel,quorum_complete_comments.csv | youtube_guatemala_plus_comments.csv,@elioelias7267,hace 2 meses, ,0,False,,,True,0,❤🎉,2,,2,0,False,POS,0.556808590888977,0.03313408046960831,0.41005727648735046,0.5236745104193687,0.556808590888977,0
6W4u8sGEnGM,UgwSt406Q1HWBWCewI14AaABAg,Inician los trabajos de recuperación del Puente Belice II.,Gobierno de la República de Guatemala,UC-ZtFBHzgkYFh7whZkuR_Ag,@AntonioChiyal-x5s,UCWvntqPQx99k_Z_skWKqNSA,5 anos mas precidente,Gobierno de la República de Guatemala,topic,youtube_guatemala_plus_comments.csv | youtube_lab_targets_small_comments.csv,@AntonioChiyal-x5s,hace 5 días,2,1,False,,2,False,2,5 anos mas precidente,0,precidente,21,1,True,NEU,0.245562344789505,0.10884153097867966,0.6455960869789124,0.13672081381082535,0.6455960869789124,1–2
6W4u8sGEnGM,UgwSt406Q1HWBWCewI14AaABAg.Aa-KmSVE5UgAa-M7iXQwik,Inician los trabajos de recuperación del Puente Belice II.,Gobierno de la República de Guatemala,UC-ZtFBHzgkYFh7whZkuR_Ag,@Israel-u5i7i,UCoGdCoJg2Lh0OX_jv6cG16g,Ojalá se pudiera,Gobierno de la República de Guatemala,topic,youtube_guatemala_plus_comments.csv | youtube_lab_targets_small_comments.csv,@Israel-u5i7i,hace 5 días, ,0,False,,,True,0,Ojalá se pudiera,0,ojalá,16,1,True,NEU,0.2651979625225067,0.18084397912025452,0.5539581179618835,0.0843539834022522,0.5539581179618835,0
n8iP75gIpmw,UgwTyYcT2aNvGA5DK4J4AaABAg,Qué rico come tu diputado,Quorum,UCE4rsXcgDb6e1-a9iTbWzfg,@pablochitay46,UChgkn5Jt5tWKYMoEOuCjz3Q,Por primera vez deacuerdo con pedro.,@quorumgt/videos,channel,quorum_complete_comments.csv | youtube_guatemala_plus_comments.csv,@pablochitay46,hace 2 años,2,0,False,,2,False,2,Por primera vez deacuerdo con pedro.,0,deacuerdo pedro,36,2,True,POS,0.7815850973129272,0.014366352930665016,0.20404858887195587,0.7672187443822622,0.7815850973129272,1–2
j43HgwYFKfk,UgwUZL4XYbr2lbEi1r94AaABAg,La cooptación de Walter Mazariegos en la USAC,Quorum,UCE4rsXcgDb6e1-a9iTbWzfg,@pedroros6358,UCiC-Jn7wdgyQV4_Urk0DkWQ,"En julio de 2022 al haber asumido como Rector de Facto, eligieron a Héctor Hugo Pérez Aguilera como representante Titular de la USAC ante la Corte de Constitucionalidad.",@quorumgt/videos,channel,quorum_complete_comments.csv | youtube_guatemala_plus_comments.csv,@pedroros6358,hace 1 año,1,0,False,,1,False,1,"En julio de 2022 al haber asumido como Rector de Facto, eligieron a Héctor Hugo Pérez Aguilera como representante Titular de la USAC ante la Corte de Constitucionalidad.",0,julio asumir rector facto elegir héctor hugo pérez aguilero representante titular usac corte constitucionalidad,169,14,True,NEU,0.07331034541130066,0.15023550391197205,0.7764541506767273,-0.07692515850067139,0.7764541506767273,1–2
JkpVO1hx2f8,UgwXm2HjtCzRKiDHflJ4AaABAg,10 Preguntas a un año del Paro Nacional,Quorum,UCE4rsXcgDb6e1-a9iTbWzfg,@lyacausa,UCQIdKuZ-OzuFqy0KjGrgesg,Guatemala solo cambia de dictadura cada 4 años,@quorumgt/videos,channel,quorum_complete_comments.csv | youtube_guatemala_plus_comments.csv,@lyacausa,hace 1 año,1,0,False,,1,False,1,Guatemala solo cambia de dictadura cada 4 años,0,guatemala cambiar dictadura,46,3,True,NEG,0.016459474340081215,0.7294138669967651,0.254126638174057,-0.7129543926566839,0.7294138669967651,1–2
n8iP75gIpmw,UgwY0wdDJRzHsTCnLbN4AaABAg,Qué rico come tu diputado,Quorum,UCE4rsXcgDb6e1-a9iTbWzfg,@amyherrera7352,UCXr8_5WtGeipe4haOoQDgyQ,"Ala! Que tipo necio y descarado!  Hipócrita!
Comen y después hablan de desnutrición! Que colmo!
Gracias por cumplir con el mandato periodístico!",@quorumgt/videos,channel,quorum_complete_comments.csv | youtube_guatemala_plus_comments.csv,@amyherrera7352,hace 2 años, ,0,False,,,True,0,"Ala! Que tipo necio y descarado!  Hipócrita!
Comen y después hablan de desnutrición! Que colmo!
Gracias por cumplir con el mandato periodístico!",0,ala tipo necio descarar hipócrita comen desnutrición colmo gracias cumplir mandato periodístico,144,12,True,NEG,0.007372113410383463,0.9721692204475403,0.02045873925089836,-0.9647971070371568,0.9721692204475403,0
06mFNPU0aB8,UgwY2FW-3sBGV2CGxaJ4AaABAg,Capturan a presuntos delincuentes disfrazados de mujer señalados de cometer asalto,Noti7,UCVpSRoZgngfSL03Nlbjtq9A,@Historia-wm4os,UC_3xuTXvMIWU5MYP9HkJ3vQ,Excelente trabajo señores agentes que Dios me los cuide mucho,guatemala noticias,topic,youtube_guatemala_comments.csv | youtube_guatemala_plus_comments.csv,@Historia-wm4os,hace 2 semanas,4,0,False,,4,False,4,Excelente trabajo señores agentes que Dios me los cuide mucho,0,excelente trabajo señor agente dios cuidir,61,6,True,POS,0.9653224945068359,0.00427113426849246,0.030406374484300613,0.9610513602383435,0.9653224945068359,3–10
n8iP75gIpmw,UgwYTL5-XYvmQxsC3Bt4AaABAg,Qué rico come tu diputado,Quorum,UCE4rsXcgDb6e1-a9iTbWzfg,@HaroldoCastillo-rh9iw,UCFjudnPLoaSL1BaRuLahyHg,"Estos siempre andan viendo como comen del pueblo. Si no les basta el sueldo, busquen otro trabajo y por qué lugares tan caros, porque no es su dinero...",@quorumgt/videos,channel,quorum_complete_comments.csv | youtube_guatemala_plus_comments.csv,@HaroldoCastillo-rh9iw,hace 2 años,1,0,False,,1,False,1,"Estos siempre andan viendo como comen del pueblo. Si no les basta el sueldo, busquen otro trabajo y por qué lugares tan caros, porque no es su dinero...",0,andar comen pueblo bastar sueldo buscar trabajo lugar caro dinero,152,10,True,NEG,0.0036781271919608116,0.9705525636672974,0.025769265368580818,-0.9668744364753366,0.9705525636672974,1–2
n8iP75gIpmw,UgwYaHf9EYIl5Pf-y514AaABAg,Qué rico come tu diputado,Quorum,UCE4rsXcgDb6e1-a9iTbWzfg,@almacatalan2717,UC-pNP6RMFuLg_-x7Ah_0kEA,"Bien mentirosito ese diputado Nery Rodas, si tanto quiere a Guatemala que ellos paguen su almuerzo, porque el pueblo?",@quorumgt/videos,channel,quorum_complete_comments.csv | youtube_guatemala_plus_comments.csv,@almacatalan2717,hace 2 años,5,0,False,,5,False,5,"Bien mentirosito ese diputado Nery Rodas, si tanto quiere a Guatemala que ellos paguen su almuerzo, porque el pueblo?",0,mentirosito diputado nery roda guatemala pagar almuerzo pueblo,117,8,True,NEG,0.00876796804368496,0.9535378217697144,0.03769414871931076,-0.9447698537260294,0.9535378217697144,3–10
PjmxCj-a9Hg,UgwZw9X6DpxCIJ6YkXZ4AaABAg,Conferencia de Prensa del Gobierno de Guatemala. #LaRondaGt,Gobierno de la República de Guatemala,UC-ZtFBHzgkYFh7whZkuR_Ag,@rosadiaz9235,UC1Y7x3h0c95Z8kUhi-Tzaeg,Siii por tanta corrupción;; ay mucha muerte como en colombia ;; y en Guatemala;; todo porque no ay personas con un corazón;; dispuesto a cuidar del país y sacar adelante;;;,@GobiernodeGuatemala,topic,PjmxCj-a9Hg_out_comments.csv | youtube_guatemala_plus_comments.csv,@rosadiaz9235,hace 1 año, ,0,False,,,True,0,Siii por tanta corrupción;; ay mucha muerte como en colombia ;; y en Guatemala;; todo porque no ay personas con un corazón;; dispuesto a cuidar del país y sacar adelante;;;,0,sii corrupción muerte colombia guatemala persona corazón dispuesto cuidar sacar,172,10,True,NEG,0.008684137836098671,0.9177563786506653,0.07355950027704239,-0.9090722408145666,0.9177563786506653,0
OkXlHx0hx-8,Ugw_g00Bv3m-cnSxhMp4AaABAg,EE.UU. envía a mexicanos deportados a Guatemala antes de su regreso a México | Noticias Telemundo,Noticias Telemundo,UCRwA1NUcUnwsly35ikGhp0A,@marthareiss5434,UC1WlJfQmaIskYhP4gmWoamw,Que pena! Que la administración de Trump no ofrezca AMNISTÍA a los mexicanos u otros grupos de personas trabajadoras que ayudan a la mejora de este país. 😢,guatemala noticias,topic,youtube_guatemala_comments.csv | youtube_guatemala_plus_comments.csv,@marthareiss5434,hace 1 día,2,1,False,,2,False,2,Que pena! Que la administración de Trump no ofrezca AMNISTÍA a los mexicanos u otros grupos de personas trabajadoras que ayudan a la mejora de este país. 😢,1,penar administración trump ofrecer amnistir mexicano grupo persona trabajador ayudar mejora,155,11,True,NEG,0.002734528621658683,0.9829134345054626,0.014351987279951572,-0.980178905883804,0.9829134345054626,1–2
n8iP75gIpmw,Ugw_wfk-1nUcdyG3muZ4AaABAg,Qué rico come tu diputado,Quorum,UCE4rsXcgDb6e1-a9iTbWzfg,@isaaclopez7220,UC3MYTqpQqlWBuCB7Th0e0PA,"Me llega que saquen videos cortos porque el vídeo del programa de Con criterio es muy largo, pero vaya que es bueno",@quorumgt/videos,channel,quorum_complete_comments.csv | youtube_guatemala_plus_comments.csv,@isaaclopez7220,hace 2 años,4,0,False,,4,False,4,"Me llega que saquen videos cortos porque el vídeo del programa de Con criterio es muy largo, pero vaya que es bueno",0,llegar sacar video corto video programa criterio,115,7,True,POS,0.9385983347892761,0.007436119951307774,0.053965501487255096,0.9311622148379683,0.9385983347892761,3–10
j43HgwYFKfk,UgwaGYcI3FekgL1PZct4AaABAg,La cooptación de Walter Mazariegos en la USAC,Quorum,UCE4rsXcgDb6e1-a9iTbWzfg,@hendersonlopez3864,UCOcUI5XkTYNMSFhZNMIPpGg,"Urge convocar elecciones, los estudiantes estamos sufriendo con cada vez mas deficientes instalaciones, laboratorios y aulas. Ademas del abandono de Rectoria a las Facultades que siguen luchando contra su oposicion, o que se muestran renuentes a seguir sus ordenes, afectan directamente a los estudiantes, catedraticos, personal de servicios y limita su capacidad de brindar una educacion de calidad, y atender a la poblacion guatemalteca a travez de EPS y otros que ofrecen estas unidades academicas.",@quorumgt/videos,channel,quorum_complete_comments.csv | youtube_guatemala_plus_comments.csv,@hendersonlopez3864,hace 1 año (editado),3,0,False,,3,False,3,"Urge convocar elecciones, los estudiantes estamos sufriendo con cada vez mas deficientes instalaciones, laboratorios y aulas. Ademas del abandono de Rectoria a las Facultades que siguen luchando contra su oposicion, o que se muestran renuentes a seguir sus ordenes, afectan directamente a los estudiantes, catedraticos, personal de servicios y limita su capacidad de brindar una educacion de calidad, y atender a la poblacion guatemalteca a travez de EPS y otros que ofrecen estas unidades academicas.",0,urge convocar elección estudiante sufrir deficiente instalación laboratorio aula abandono rectoria facultad seguir luchar oposición mostrar renuent seguir orden afectar directamente estudiante catedrático personal servicio limitar capacidad brindar educación calidad atender población guatemaltecar travez eps ofrecer unidad academica,501,38,True,NEG,0.0030074589885771275,0.9759317636489868,0.021060708910226822,-0.9729243046604097,0.9759317636489868,3–10
n8iP75gIpmw,UgwaokeDKlLgSdqHpW94AaABAg,Qué rico come tu diputado,Quorum,UCE4rsXcgDb6e1-a9iTbWzfg,@OscarHernandez-q8y,UCOS8ViEkccrTZx2w2ccxotA,"Pero porque un desayuno de 250.00,  no habrá uno de 75.00?",@quorumgt/videos,channel,quorum_complete_comments.csv | youtube_guatemala_plus_comments.csv,@OscarHernandez-q8y,hace 2 años,4,0,False,,4,False,4,"Pero porque un desayuno de 250.00,  no habrá uno de 75.00?",0,desayuno,58,1,True,NEU,0.027797069400548935,0.45867350697517395,0.5135294795036316,-0.430876437574625,0.5135294795036316,3–10
b_Hkrkl3adA,Ugwbnz3tRoBa7Vs3A3d4AaABAg,Bloqueos en Guatemala este 31 de agosto por alza en combustibles afectan rutas principales,PrensaLibreOficial,UCEepOY2svuxbsJ-zsAPT9Fg,@antonioduarte2288,UC3iIU62XKUOWuqL8BqBzj9A,Puro show esto solo para que los diputranzas les den su parte y autorizar subsidios al gas,guatemala noticias,topic,debug_comments_fixed2_comments.csv | youtube_guatemala_comments.csv | youtube_guatemala_plus_comments.csv,@antonioduarte2288,hace 49 minutos, ,0,False,,,True,0,Puro show esto solo para que los diputranzas les den su parte y autorizar subsidios al gas,0,puro show diputranza autorizar subsidio gas,90,6,True,NEG,0.008421947248280048,0.9017034769058228,0.08987458795309067,-0.8932815296575427,0.9017034769058228,0
6W4u8sGEnGM,Ugwc0TMrFYylioxh_Sh4AaABAg,Inician los trabajos de recuperación del Puente Belice II.,Gobierno de la República de Guatemala,UC-ZtFBHzgkYFh7whZkuR_Ag,@albertoshernandez5251,UCV3fr-YOixFKCZBbJP1-X4w,Que viva viva el Presidente Bernardo Arevalo 🎉🎉👏🎉🎉,Gobierno de la República de Guatemala,topic,youtube_guatemala_plus_comments.csv | youtube_lab_targets_small_comments.csv,@albertoshernandez5251,hace 6 días,3,0,False,,3,False,3,Que viva viva el Presidente Bernardo Arevalo 🎉🎉👏🎉🎉,5,vivir vivir presidente bernardo arévalo,50,5,True,POS,0.5745445489883423,0.06470119208097458,0.36075425148010254,0.5098433569073677,0.5745445489883423,3–10
n8iP75gIpmw,UgwcF8V3__81jxC8Eh14AaABAg,Qué rico come tu diputado,Quorum,UCE4rsXcgDb6e1-a9iTbWzfg,@marcomendez7509,UCmjppp6ujz3SAnULvP3sZMw,pues quien le pidió que la guesiara para Diputado si será descarado seve que son unos Corruptos mientras el pueblo no tiene ni un Cinco u con eso le pagan a los Electores si serán Comen Cuando hay,@quorumgt/videos,channel,quorum_complete_comments.csv | youtube_guatemala_plus_comments.csv,@marcomendez7509,hace 2 años, ,0,False,,,True,0,pues quien le pidió que la guesiara para Diputado si será descarado seve que son unos Corruptos mientras el pueblo no tiene ni un Cinco u con eso le pagan a los Electores si serán Comen Cuando hay,0,pedir guesiara diputado descarar seve corrupto pueblo pagar elector comar,196,10,True,NEG,0.008032171055674553,0.9374302625656128,0.054537490010261536,-0.9293980915099382,0.9374302625656128,0
lj983NWyAQY,UgwdC_aDdYB1wpgGNAt4AaABAg,Plan 2032 Ciudad de Guatemala,Municipalidad de Guatemala,UCXa6LVjBzUtmcM3cwbd9e2w,@FreddyGmez,UC5PyGvSfFM--OVKmQ3COu6g,Que belleza si se llegara a construir todos esos proyectos 💙👌,Municipalidad de Guatemala,topic,lj983NWyAQY_out_comments.csv | youtube_guatemala_plus_comments.csv,@FreddyGmez,hace 7 años,3,0,False,,3,False,3,Que belleza si se llegara a construir todos esos proyectos 💙👌,2,bellezar llegar construir proyecto,61,4,True,POS,0.8816914558410645,0.009669994004070759,0.10863853245973587,0.8720214618369937,0.8816914558410645,3–10
n8iP75gIpmw,Ugwe0V0ssRP-r167Lzh4AaABAg,Qué rico come tu diputado,Quorum,UCE4rsXcgDb6e1-a9iTbWzfg,@isaiaslopezvelasquez1539,UCQqetiwzzmRNTM5OWuXarGQ,si no les gusta  renuncie,@quorumgt/videos,channel,quorum_complete_comments.csv | youtube_guatemala_plus_comments.csv,@isaiaslopezvelasquez1539,hace 2 años,1,0,False,,1,False,1,si no les gusta  renuncie,0,gustar renuncie,25,2,True,NEG,0.014445631764829159,0.8222557306289673,0.163298562169075,-0.8078100988641381,0.8222557306289673,1–2
6W4u8sGEnGM,UgwgSP2G2qKwGGl5CSp4AaABAg,Inician los trabajos de recuperación del Puente Belice II.,Gobierno de la República de Guatemala,UC-ZtFBHzgkYFh7whZkuR_Ag,@albertoshernandez5251,UCV3fr-YOixFKCZBbJP1-X4w,EL PRESIDENTE BERNARDO AREVALO SI ES UN PRESIDENTE QUE QUIERE A SU PUEBLO Y AL PAIS DE GUATEMALA 👍 EL NO ES COMO LOS RATAS  PRESIDENTES ANTERIORES 🐭🐭ASI QUE TODO EL APOYO PARA EL PRESIDENTE BERNARDO AREVALO 👍 🎉👍🎉👍🎉👍🎉👍🎉👍,Gobierno de la República de Guatemala,topic,youtube_guatemala_plus_comments.csv | youtube_lab_targets_small_comments.csv,@albertoshernandez5251,hace 6 días,3,0,False,,3,False,3,EL PRESIDENTE BERNARDO AREVALO SI ES UN PRESIDENTE QUE QUIERE A SU PUEBLO Y AL PAIS DE GUATEMALA 👍 EL NO ES COMO LOS RATAS  PRESIDENTES ANTERIORES 🐭🐭ASI QUE TODO EL APOYO PARA EL PRESIDENTE BERNARDO AREVALO 👍 🎉👍🎉👍🎉👍🎉👍🎉👍,14,presidente bernardo arévalo presidente pueblo guatemala rata president apoyo presidente bernardo arévalo,219,12,True,NEU,0.3917611241340637,0.1406998634338379,0.4675390422344208,0.25106126070022583,0.4675390422344208,3–10
n8iP75gIpmw,UgwgoKatyznihVvDVVd4AaABAg,Qué rico come tu diputado,Quorum,UCE4rsXcgDb6e1-a9iTbWzfg,@OsvaldoAguirre-l3i,UCCaYwkkbQGcvFoUmothVdQQ,Cuando los agarran con la manos en la masa ya ni Allan que decir estos buenos para nada! Solo para comer de gratis son buenos a que hijos de la gran patria! De Guatemala. Mantenidos estos corruptos solo para wuabiar son bueno.,@quorumgt/videos,channel,quorum_complete_comments.csv | youtube_guatemala_plus_comments.csv,@OsvaldoAguirre-l3i,hace 2 años, ,0,False,,,True,0,Cuando los agarran con la manos en la masa ya ni Allan que decir estos buenos para nada! Solo para comer de gratis son buenos a que hijos de la gran patria! De Guatemala. Mantenidos estos corruptos solo para wuabiar son bueno.,0,agarrar mano masa allar comer gratis hijo patria guatemala mantenido corrupto wuabiar,226,12,True,NEG,0.011604482308030128,0.9539276361465454,0.03446787968277931,-0.9423231538385153,0.9539276361465454,0
n8iP75gIpmw,UgwguqWom06c5opgpiF4AaABAg,Qué rico come tu diputado,Quorum,UCE4rsXcgDb6e1-a9iTbWzfg,@oscarnavas9996,UCQgYjVngJRfPHDLGB5X6ZjA,Sin vergüenza. Que no se vuelva a lanzar para diputado ladrón,@quorumgt/videos,channel,quorum_complete_comments.csv | youtube_guatemala_plus_comments.csv,@oscarnavas9996,hace 2 años, ,0,False,,,True,0,Sin vergüenza. Que no se vuelva a lanzar para diputado ladrón,0,vergüenza volver lanzar diputado ladrón,61,5,True,NEG,0.030871691182255745,0.8495969176292419,0.11953140795230865,-0.8187252264469862,0.8495969176292419,0
PjmxCj-a9Hg,UgwhphOY9n46ofElDut4AaABAg,Conferencia de Prensa del Gobierno de Guatemala. #LaRondaGt,Gobierno de la República de Guatemala,UC-ZtFBHzgkYFh7whZkuR_Ag,@danielantoniogonzalezflore4901,UCN2N_wYOw6fMwCeSzdXLPIw,Mejor saque a guatemala del parlacen y dejen de hablar de tsnta babosadas o ustedes van s ir avrefujiase al parlacen cuando salgan ese dinero que pagamos invertirlo en meducina sehan realustas por sus acciones nadie cree ya en nadie de ver que los gobiernos solo sirven para enriqueserse ya vasta,@GobiernodeGuatemala,topic,PjmxCj-a9Hg_out_comments.csv | youtube_guatemala_plus_comments.csv,@danielantoniogonzalezflore4901,hace 1 año, ,0,False,,,True,0,Mejor saque a guatemala del parlacen y dejen de hablar de tsnta babosadas o ustedes van s ir avrefujiase al parlacen cuando salgan ese dinero que pagamos invertirlo en meducina sehan realustas por sus acciones nadie cree ya en nadie de ver que los gobiernos solo sirven para enriqueserse ya vasta,0,saque guatemala parlacen dejen hablar tsnta babosada avrefujiar parlacir salir dinero pagar invertir meducina sehaber realusta acción creer gobierno servir enriqueser vasta,296,22,True,NEG,0.004036257043480873,0.9688194990158081,0.02714431658387184,-0.9647832419723272,0.9688194990158081,0
n8iP75gIpmw,UgwiGxmosawIyTVTjnB4AaABAg,Qué rico come tu diputado,Quorum,UCE4rsXcgDb6e1-a9iTbWzfg,@ErvinLeonardoCarreraLatín,UC9vMq1YF-e7C-VO0SHkbUTA,19:27 Basuras de diputados  artense  porque los que sufrieron  hambre serán saciados y los que se saciaron a costillas de los demás tendrán hambre y sed  de todo,@quorumgt/videos,channel,quorum_complete_comments.csv | youtube_guatemala_plus_comments.csv,@ErvinLeonardoCarreraLatín,hace 2 años (editado), ,0,False,,,True,0,19:27 Basuras de diputados  artense  porque los que sufrieron  hambre serán saciados y los que se saciaron a costillas de los demás tendrán hambre y sed  de todo,0,basura diputado artense sufrir hambre saciar saciar costilla hambre sed,161,10,True,NEG,0.013432445004582405,0.8959922194480896,0.09057536721229553,-0.8825597744435072,0.8959922194480896,0
n8iP75gIpmw,Ugwih8O9PeaJ_zd7FWV4AaABAg,Qué rico come tu diputado,Quorum,UCE4rsXcgDb6e1-a9iTbWzfg,@carmenr6311,UC8F2V63KZ4ZEay6opX2hAQw,"Los alimentos tienen k pagarlos d su sueldo como cualquier otro ciudadano k a pesar de el salario miserable pagan sus alimentos, segun entiendo ese señor  kiere k el pueblo le siga pagando ,si el trabaja haciéndose el pendejo como muchos otros k solo llegan a ocupar la silla y a bla bla hasta el momento no se ve k se trabaje en algo bueno para el pueblo a ese fulano k no esta contento con el alto sueldo k tienen por hacer nada ,k renuncie y k empleen a personas k realmente kieren hacer algo por el hambriento pueblo, braaavo seño por recordarle a ese inepto.,ellos ganan Q25,000 0 mas cuanto gana un médico, una enfermera,una profesora y esos siii trabajan especialmente los médicos.",@quorumgt/videos,channel,quorum_complete_comments.csv | youtube_guatemala_plus_comments.csv,@carmenr6311,hace 2 años, ,0,False,,,True,0,"Los alimentos tienen k pagarlos d su sueldo como cualquier otro ciudadano k a pesar de el salario miserable pagan sus alimentos, segun entiendo ese señor  kiere k el pueblo le siga pagando ,si el trabaja haciéndose el pendejo como muchos otros k solo llegan a ocupar la silla y a bla bla hasta el momento no se ve k se trabaje en algo bueno para el pueblo a ese fulano k no esta contento con el alto sueldo k tienen por hacer nada ,k renuncie y k empleen a personas k realmente kieren hacer algo por el hambriento pueblo, braaavo seño por recordarle a ese inepto.,ellos ganan Q25,000 0 mas cuanto gana un médico, una enfermera,una profesora y esos siii trabajan especialmente los médicos.",0,alimento pagarlo sueldo ciudadano salario miserable pagar alimento enteir señor kiere pueblo seguir pagar trabajar pendejo llegar ocupar silla bla bla momento trabaje pueblo fulano contento alto sueldo renuncie emplear persona realmente kierir hambriento pueblo braavo seño recordar inepto ganar q25 ganar médico enfermera profesora sii trabajar especialmente médico,688,49,True,NEG,0.00359170394949615,0.9758647084236145,0.020543579012155533,-0.9722730044741184,0.9758647084236145,0
6W4u8sGEnGM,Ugwije36G_n35mshRfp4AaABAg,Inician los trabajos de recuperación del Puente Belice II.,Gobierno de la República de Guatemala,UC-ZtFBHzgkYFh7whZkuR_Ag,@rosaoliva9389,UCheEJ5GZuIvV0fj-nXyVwXw,Gracias por concluir lo q otros empiezan y no terminan,Gobierno de la República de Guatemala,topic,youtube_guatemala_plus_comments.csv | youtube_lab_targets_small_comments.csv,@rosaoliva9389,hace 2 días, ,0,False,,,True,0,Gracias por concluir lo q otros empiezan y no terminan,0,gracias concluir empezar terminar,54,4,True,NEU,0.28518274426460266,0.14882950484752655,0.565987765789032,0.1363532394170761,0.565987765789032,0
n8iP75gIpmw,UgwjKxflp7TiD0e7_494AaABAg,Qué rico come tu diputado,Quorum,UCE4rsXcgDb6e1-a9iTbWzfg,@victorarturoruanobautista7588,UCujPF2nBgsTD62nWE3lcpIg,Que se les quite todos los privilegios lo que pasa no les gusta,@quorumgt/videos,channel,quorum_complete_comments.csv | youtube_guatemala_plus_comments.csv,@victorarturoruanobautista7588,hace 1 año, ,0,False,,,True,0,Que se les quite todos los privilegios lo que pasa no les gusta,0,quitar privilegio pasar gustar,63,4,True,NEG,0.014017992652952671,0.9009566903114319,0.0850253477692604,-0.8869386976584792,0.9009566903114319,0
n8iP75gIpmw,Ugwjtq_DUb6ISU-ppsh4AaABAg,Qué rico come tu diputado,Quorum,UCE4rsXcgDb6e1-a9iTbWzfg,@byronpontaza,UChs3tU2BcKOT0CezykvAsGw,"Estoy seguro que si a los conductores los envían a hacer un trabajo a un departamento y les dan viáticos, buscan Buenos restaurantes para ir a comer y no se van al mercado",@quorumgt/videos,channel,quorum_complete_comments.csv | youtube_guatemala_plus_comments.csv,@byronpontaza,hace 2 años,1,0,False,,1,False,1,"Estoy seguro que si a los conductores los envían a hacer un trabajo a un departamento y les dan viáticos, buscan Buenos restaurantes para ir a comer y no se van al mercado",0,seguro conductor envir trabajo departamento viático buscar restaurante comer mercado,171,10,True,POS,0.576367974281311,0.021481916308403015,0.40215015411376953,0.554886057972908,0.576367974281311,1–2
n8iP75gIpmw,UgwkiP4fW1xfpXbZcV14AaABAg,Qué rico come tu diputado,Quorum,UCE4rsXcgDb6e1-a9iTbWzfg,@BenjaminLarios-jd8nk,UCV0iizTBoOfdAFX_thfI9BA,Lo que este diputado ase por el paiz es robarle  al paiz   porque otro beneficio que tiene el paiz  con ellos nada,@quorumgt/videos,channel,quorum_complete_comments.csv | youtube_guatemala_plus_comments.csv,@BenjaminLarios-jd8nk,hace 2 años, ,0,False,,,True,0,Lo que este diputado ase por el paiz es robarle  al paiz   porque otro beneficio que tiene el paiz  con ellos nada,0,diputado paiz robar paiz beneficio paiz,114,6,True,NEG,0.004651506431400776,0.963775098323822,0.03157336637377739,-0.9591235918924212,0.963775098323822,0
6W4u8sGEnGM,Ugwm9VajlW3ydbsf-BJ4AaABAg,Inician los trabajos de recuperación del Puente Belice II.,Gobierno de la República de Guatemala,UC-ZtFBHzgkYFh7whZkuR_Ag,@robertoescobar5507,UCp29O_C7cchZV8IxV7Crdag,Excelente.,Gobierno de la República de Guatemala,topic,youtube_guatemala_plus_comments.csv | youtube_lab_targets_small_comments.csv,@robertoescobar5507,hace 3 días, ,0,False,,,True,0,Excelente.,0,excelente,10,1,True,POS,0.8433811664581299,0.02871806174516678,0.12790076434612274,0.8146631047129631,0.8433811664581299,0
yLZS3JiEBg8,UgwmvtMMEFg5rWbrmtV4AaABAg,Arroz con pollo a la MONOPOLIO,Quorum,UCE4rsXcgDb6e1-a9iTbWzfg,@11223344An,UCkxdJ_yGN2gghOMo2ybQtXQ,Y no olvidemos y quizá el más cruel. Las farmacéuticas con las medicinas,@quorumgt/videos,channel,quorum_complete_comments.csv | youtube_guatemala_plus_comments.csv,@11223344An,hace 2 años,1,0,False,,1,False,1,Y no olvidemos y quizá el más cruel. Las farmacéuticas con las medicinas,0,olvidar cruel farmacéutico medicina,72,4,True,NEG,0.007102622650563717,0.910822331905365,0.08207502961158752,-0.9037197092548013,0.910822331905365,1–2
6W4u8sGEnGM,UgwnCwptihjhFCfQK_l4AaABAg,Inician los trabajos de recuperación del Puente Belice II.,Gobierno de la República de Guatemala,UC-ZtFBHzgkYFh7whZkuR_Ag,@franciscoflores3120,UCjZgFEowMBrsjodqfovzdKw,Pero  sería bueno que  le cambien  nombre,Gobierno de la República de Guatemala,topic,youtube_guatemala_plus_comments.csv | youtube_lab_targets_small_comments.csv,@franciscoflores3120,hace 4 días, ,0,False,,,True,0,Pero  sería bueno que  le cambien  nombre,0,cambiar nombre,41,2,True,NEU,0.12581291794776917,0.14077170193195343,0.7334153056144714,-0.014958783984184265,0.7334153056144714,0
n8iP75gIpmw,UgwopmNYOXxE5kyT7fF4AaABAg,Qué rico come tu diputado,Quorum,UCE4rsXcgDb6e1-a9iTbWzfg,@hugoasencio7764,UC4wq3DcbfaG6dtCqn8Oyu3w,Ya viste Nery más de lo mismo.,@quorumgt/videos,channel,quorum_complete_comments.csv | youtube_guatemala_plus_comments.csv,@hugoasencio7764,hace 2 años,1,0,False,,1,False,1,Ya viste Nery más de lo mismo.,0,viste nery,30,2,True,NEG,0.01627270132303238,0.8228859305381775,0.16084131598472595,-0.8066132292151451,0.8228859305381775,1–2
ndAZjHqzzT8,UgwovhZaCiV0r6XOH_R4AaABAg,Internet: escoger el menos malo,Quorum,UCE4rsXcgDb6e1-a9iTbWzfg,@rwdm76,UCVC2QugcI1G4RvlCiUqd1aQ,excelente,@quorumgt/videos,channel,quorum_complete_comments.csv | youtube_guatemala_plus_comments.csv,@rwdm76,hace 1 año, ,0,False,,,True,0,excelente,0,excelente,9,1,True,NEU,0.3187231123447418,0.2034144401550293,0.4778623580932617,0.11530867218971252,0.4778623580932617,0
yLZS3JiEBg8,UgwoyDvqZ6NlBCvXB7t4AaABAg,Arroz con pollo a la MONOPOLIO,Quorum,UCE4rsXcgDb6e1-a9iTbWzfg,@herminiasaquimux7565,UCXVLc8CmAO813ubM-fLvCDw,"Ahora comprendí porque los cañeros y grupo cacif, estan contra la ley de competencia y siguen tratando de impedir su discusión en el legislativo.",@quorumgt/videos,channel,quorum_complete_comments.csv | youtube_guatemala_plus_comments.csv,@herminiasaquimux7565,hace 2 años,7,0,False,,7,False,7,"Ahora comprendí porque los cañeros y grupo cacif, estan contra la ley de competencia y siguen tratando de impedir su discusión en el legislativo.",0,comprendí cañero grupo cacif ley competencia seguir tratar impedir discusión legislativo,145,11,True,NEG,0.004483040887862444,0.96089106798172,0.03462589904665947,-0.9564080270938575,0.96089106798172,3–10
n8iP75gIpmw,Ugwp1SacIqA0qS_netd4AaABAg,Qué rico come tu diputado,Quorum,UCE4rsXcgDb6e1-a9iTbWzfg,@TeresaLucero-b5o,UCwW2OFy95P7ZBkOPxWkpvYg,No se justifica nada... es su obligación trabajar...,@quorumgt/videos,channel,quorum_complete_comments.csv | youtube_guatemala_plus_comments.csv,@TeresaLucero-b5o,hace 2 años,1,0,False,,1,False,1,No se justifica nada... es su obligación trabajar...,0,justificar obligacion trabajar,52,3,True,NEG,0.020201997831463814,0.7505591511726379,0.2292388677597046,-0.7303571533411741,0.7505591511726379,1–2
n8iP75gIpmw,UgwpY9PE_PBfwa2_g_N4AaABAg,Qué rico come tu diputado,Quorum,UCE4rsXcgDb6e1-a9iTbWzfg,@marioajset4283,UC3XTwHxygNCgjndsg-UiCQA,"Repito como siempre, cuantas horas hombre de trabajo se pagan por el cansancio y fatiga del pueblo que hacen productivo al país y que generan renta gravada para los contribuyentes, solo para que estos infelices se den estos gustos.",@quorumgt/videos,channel,quorum_complete_comments.csv | youtube_guatemala_plus_comments.csv,@marioajset4283,hace 2 años,1,0,False,,1,False,1,"Repito como siempre, cuantas horas hombre de trabajo se pagan por el cansancio y fatiga del pueblo que hacen productivo al país y que generan renta gravada para los contribuyentes, solo para que estos infelices se den estos gustos.",0,repito hora hombre trabajo pagar cansancio fatiga pueblo productivo generar renta gravado contribuyente infeliz gusto,231,15,True,NEG,0.002695899223908782,0.9817752838134766,0.015528823249042034,-0.9790793845895678,0.9817752838134766,1–2
j43HgwYFKfk,Ugwqsca_nj4eGguiyTJ4AaABAg,La cooptación de Walter Mazariegos en la USAC,Quorum,UCE4rsXcgDb6e1-a9iTbWzfg,@marlenareano-h4t,UCgQw_Sbq3ugruDUKsq1e0-A,"buen reportaje, tristeza da q la USAC este coptada por esos corruptos.",@quorumgt,topic,j43HgwYFKfk_out_comments.csv | quorum_complete_comments.csv | youtube_guatemala_plus_comments.csv,@marlenareano-h4t,hace 6 meses, ,0,False,,,True,0,"buen reportaje, tristeza da q la USAC este coptada por esos corruptos.",0,reportaje tristeza usac coptado corrupto,70,5,True,NEG,0.005018673371523619,0.9800505042076111,0.014930793084204197,-0.9750318308360875,0.9800505042076111,0
n8iP75gIpmw,UgwrIvqGid-S983oU9J4AaABAg,Qué rico come tu diputado,Quorum,UCE4rsXcgDb6e1-a9iTbWzfg,@raquelprado3643,UCL13XhnRzbGokEkCkEOb0-g,Por querer justificarse le sacaron a luz sus artadas a costillas del pobre pueblo de Guatemala,@quorumgt/videos,channel,quorum_complete_comments.csv | youtube_guatemala_plus_comments.csv,@raquelprado3643,hace 2 años,1,0,False,,1,False,1,Por querer justificarse le sacaron a luz sus artadas a costillas del pobre pueblo de Guatemala,0,justificar sacar luz artada costilla pobre pueblo guatemala,94,8,True,NEG,0.013756590895354748,0.9381493926048279,0.04809395223855972,-0.9243928017094731,0.9381493926048279,1–2
n8iP75gIpmw,UgwsCWap2Jq1pNrLOWl4AaABAg,Qué rico come tu diputado,Quorum,UCE4rsXcgDb6e1-a9iTbWzfg,@MacarioMartinezruiz,UCQtSFINs1h6GHkpg9o5kMvg,Lo felicito  periodista de alto valor por decirle la verdad al diputado Rodas,@quorumgt/videos,channel,quorum_complete_comments.csv | youtube_guatemala_plus_comments.csv,@MacarioMartinezruiz,hace 2 años,12,0,False,,12,False,12,Lo felicito  periodista de alto valor por decirle la verdad al diputado Rodas,0,felicito periodista alto valor diputado roda,77,6,True,POS,0.9162347316741943,0.021509885787963867,0.06225544214248657,0.8947248458862305,0.9162347316741943,11–50
06mFNPU0aB8,UgwtcR5U0FAkeZsiVVt4AaABAg,Capturan a presuntos delincuentes disfrazados de mujer señalados de cometer asalto,Noti7,UCVpSRoZgngfSL03Nlbjtq9A,@juliohernandez7438,UC2ngpd8UBQu4gcUYy0goAtg,Metanlos a la carcel y como se bisten de mujer que les echen chuso por maricones,guatemala noticias,topic,youtube_guatemala_comments.csv | youtube_guatemala_plus_comments.csv,@juliohernandez7438,hace 2 semanas, ,0,False,,,True,0,Metanlos a la carcel y como se bisten de mujer que les echen chuso por maricones,0,metan cárcel bistar mujer echar chuso maricón,80,7,True,NEG,0.02205837517976761,0.8489303588867188,0.12901131808757782,-0.8268719837069511,0.8489303588867188,0
PjmxCj-a9Hg,Ugwvm2HYh08HI1HkcXV4AaABAg,Conferencia de Prensa del Gobierno de Guatemala. #LaRondaGt,Gobierno de la República de Guatemala,UC-ZtFBHzgkYFh7whZkuR_Ag,@Burgos68,UC7IMsCxfZyWN7YQo8-JYa6Q,"Muchísimas gracias Sr. y excelentísimo Presidente Constitucional de la República de Guatemala,  por trabajar enormemente por todos los ciudadanos y también por unir sus esfuerzos con el Gobierno de los Estados Unidos Mexicanos,  porque el Turismo va hacer el mejor puente para incrementar la economía de todas aquellas personas al rededor del mundo, que quieran conocer más de esta cultura Maya compartida y la cual nos hace sentirnos hermanos con ese gran país. MÉXICO Y GUATEMALA UNIDOS POR SIEMPRE 💕",@GobiernodeGuatemala,topic,PjmxCj-a9Hg_out_comments.csv | youtube_guatemala_plus_comments.csv,@Burgos68,hace 1 año (editado),1,0,False,,1,False,1,"Muchísimas gracias Sr. y excelentísimo Presidente Constitucional de la República de Guatemala,  por trabajar enormemente por todos los ciudadanos y también por unir sus esfuerzos con el Gobierno de los Estados Unidos Mexicanos,  porque el Turismo va hacer el mejor puente para incrementar la economía de todas aquellas personas al rededor del mundo, que quieran conocer más de esta cultura Maya compartida y la cual nos hace sentirnos hermanos con ese gran país. MÉXICO Y GUATEMALA UNIDOS POR SIEMPRE 💕",1,muchísimo gracias excelentísimo presidente constitucional república guatemala trabajar enormemente ciudadano unir esfuerzo gobierno unido mexicano turismo puente incrementar economía persona rededor mundo cultura maya compartido sentir hermano méxico guatemala unido,502,30,True,POS,0.9539861083030701,0.00700868247076869,0.03900514170527458,0.9469774258323014,0.9539861083030701,1–2
n8iP75gIpmw,UgwvvK1L0aLOhCMUzfN4AaABAg,Qué rico come tu diputado,Quorum,UCE4rsXcgDb6e1-a9iTbWzfg,@GilmarMaldonado-q9m,UCzSfZlOVxBSs5ObD25ywxDQ,Y haci vienen corriéndo para que él pueblo voté por ustedes no piensan en él pueblo que está sufriendo por un sueldo minusioso partida de ladrones corruptos hijos de la fiscal nietos de giamatey hijastros de Miguel Martínez sinó gana en el congreso renuncien también aprueben la ley para sacar ala fiscal aganlo,@quorumgt/videos,channel,quorum_complete_comments.csv | youtube_guatemala_plus_comments.csv,@GilmarMaldonado-q9m,hace 2 años, ,0,False,,,True,0,Y haci vienen corriéndo para que él pueblo voté por ustedes no piensan en él pueblo que está sufriendo por un sueldo minusioso partida de ladrones corruptos hijos de la fiscal nietos de giamatey hijastros de Miguel Martínez sinó gana en el congreso renuncien también aprueben la ley para sacar ala fiscal aganlo,0,haci venir corriéndo pueblo voté pensar pueblo sufrir sueldo minusioso partida ladrón corrupto hijo fiscal nieto giamatey hijastro miguel martínez sinar ganar congreso renuncien apruebir ley sacar ala fiscal aganlo,311,30,True,NEG,0.004704922903329134,0.9671024680137634,0.02819269336760044,-0.9623975451104343,0.9671024680137634,0
n8iP75gIpmw,UgwwH4OIcVCCN6SbBX14AaABAg,Qué rico come tu diputado,Quorum,UCE4rsXcgDb6e1-a9iTbWzfg,@kanterra4584,UCLFdHr9BEbXHkoJopbEPLZw,"Deberían ir a comer al mercado central les queda cerca, llegan a pie y contribuyen con la pequeña empresa.
Ir a donde van y pagar con dinero de los tributos es lujurioso e insulta al pueblo soberano.",@quorumgt/videos,channel,quorum_complete_comments.csv | youtube_guatemala_plus_comments.csv,@kanterra4584,hace 2 años,13,0,False,,13,False,13,"Deberían ir a comer al mercado central les queda cerca, llegan a pie y contribuyen con la pequeña empresa.
Ir a donde van y pagar con dinero de los tributos es lujurioso e insulta al pueblo soberano.",0,deber comer mercado central quedar cerca llegar pie contribuir pequeño empresa pagar dinero tributo lujurioso insulta pueblo soberano,199,18,True,NEG,0.00722145102918148,0.9619882702827454,0.030790213495492935,-0.9547668192535639,0.9619882702827454,11–50
n8iP75gIpmw,UgwwKfLmhHVU-Oxzqtl4AaABAg,Qué rico come tu diputado,Quorum,UCE4rsXcgDb6e1-a9iTbWzfg,@vanigomez492,UCNkcuy42zEwddwEcOd_HpnA,"No justifico lo del diputado, pero quisiera ver una entrevista similar en la administración anterior, ahí no! Porq tambien a los d con criterio les salpicaba la corrupción",@quorumgt/videos,channel,quorum_complete_comments.csv | youtube_guatemala_plus_comments.csv,@vanigomez492,hace 2 años,3,0,False,,3,False,3,"No justifico lo del diputado, pero quisiera ver una entrevista similar en la administración anterior, ahí no! Porq tambien a los d con criterio les salpicaba la corrupción",0,justifico diputado entrevista similar administración porq criterio salpicar corrupción,171,9,True,NEG,0.012368655763566494,0.8561898469924927,0.13144153356552124,-0.8438211912289262,0.8561898469924927,3–10
ndAZjHqzzT8,UgwwPrhCy2levkb6TRd4AaABAg,Internet: escoger el menos malo,Quorum,UCE4rsXcgDb6e1-a9iTbWzfg,@ULJoshmg2011,UCJp3OrVYcBorC94sKwdch_A,"Otro detalle muy interesante es para la mayoría que usamos líneas prepago; hay muchos abusos por parte de las empresas, una de ellas por ejemplo te roba el saldo cuando haces una recarga sin haberte asignado ningún paquete; aluden a que sino te asignas un paquete el consumo del saldo corre si usas internet; una recarga de Q100 se consume en 5 min.  Esto no está regulado  la verdad en Guate; la otra compañía es más legal en esto; almenos no te permite navegar sino has asignado paquete. El monopolio nunca será nada bueno, en mi caso opté por quitar cable y servicios asociados tuve demasiados abusos, cobros anticipados,  costos  muy altos y final quedas indefenso. Solo opté por un prepago para Internet lo mínimo necesario, para poder ver YouTube. No consumimos nada más, dejamos de ver TV desde la pandemia, es mejor leer y escuchar la radio, no hay que darles gusto a estas empresas que abusan y roban.  Los que puedan tener internet satelital los felicito es mejor que la corrupcion de las dos empresas  actuales.",@quorumgt/videos,channel,quorum_complete_comments.csv | youtube_guatemala_plus_comments.csv,@ULJoshmg2011,hace 1 año, ,0,False,,,True,0,"Otro detalle muy interesante es para la mayoría que usamos líneas prepago; hay muchos abusos por parte de las empresas, una de ellas por ejemplo te roba el saldo cuando haces una recarga sin haberte asignado ningún paquete; aluden a que sino te asignas un paquete el consumo del saldo corre si usas internet; una recarga de Q100 se consume en 5 min.  Esto no está regulado  la verdad en Guate; la otra compañía es más legal en esto; almenos no te permite navegar sino has asignado paquete. El monopolio nunca será nada bueno, en mi caso opté por quitar cable y servicios asociados tuve demasiados abusos, cobros anticipados,  costos  muy altos y final quedas indefenso. Solo opté por un prepago para Internet lo mínimo necesario, para poder ver YouTube. No consumimos nada más, dejamos de ver TV desde la pandemia, es mejor leer y escuchar la radio, no hay que darles gusto a estas empresas que abusan y roban.  Los que puedan tener internet satelital los felicito es mejor que la corrupcion de las dos empresas  actuales.",0,detalle interesante mayoría línea prepago abuso empresa ejemplo robar saldo recarga haberte asignar paquete aludir asignar paquete consumo saldo correr internet recarga q100 consumir min regulado guate compañía legal almeno permitir navegar asignar paquetir monopolio caso optar quitar cable servicio asociado abuso cobro anticipado costo alto queda indefenso optar prepago internet mínimo necesario youtube consumir dejar pandemia leer escuchar radio gusto empresa abusar robar internet satelital felicito corrupción empresa actual,1022,70,True,NEG,0.0022853456903249025,0.9671952128410339,0.030519401654601097,-0.964909867150709,0.9671952128410339,0
is3Mk5oC19g,UgwxjmtBoAozs0ZUAcd4AaABAg,Capturan a ladrón que había quedado grabado mientras robaba en una parroquia de Retalhuleu,TN23 Guatemala,UCt5Dw7ePnn0AqPqRF8Xpjkw,@MarcosCarillo-b1r,UCdFlugHJJa4l3YqWuNRmvXw,Al que tienen que enjuiciar es al comparator por comparator obgwtos robados,guatemala noticias,topic,youtube_guatemala_comments.csv | youtube_guatemala_plus_comments.csv,@MarcosCarillo-b1r,hace 1 día, ,1,False,,,True,0,Al que tienen que enjuiciar es al comparator por comparator obgwtos robados,0,enjuiciar comparator comparator obgwto robado,75,5,True,NEG,0.014349768869578838,0.9079324007034302,0.07771782577037811,-0.8935826318338513,0.9079324007034302,0
is3Mk5oC19g,UgwxjmtBoAozs0ZUAcd4AaABAg.AaAbqoGVGipAaAjNG9oPRN,Capturan a ladrón que había quedado grabado mientras robaba en una parroquia de Retalhuleu,TN23 Guatemala,UCt5Dw7ePnn0AqPqRF8Xpjkw,@JoelReynoso-d4r,UCLh1Kde4_vI1sTZBkTNP7RQ,que?,guatemala noticias,topic,youtube_guatemala_comments.csv | youtube_guatemala_plus_comments.csv,@JoelReynoso-d4r,hace 1 día, ,0,False,,,True,0,que?,0,,4,0,False,NEU,0.1996537148952484,0.21427427232265472,0.5860720276832581,-0.014620557427406311,0.5860720276832581,0
n8iP75gIpmw,UgwypjUeZBU45DrrW0d4AaABAg,Qué rico come tu diputado,Quorum,UCE4rsXcgDb6e1-a9iTbWzfg,@thelmamoran8565,UCThW2XNsAaBKme5PUt7n-Zg,Yo no entiendo por qué están ahorita con todas estas cosas por qué no lo hacían cuando estaban los corruptos Alvaro Arzú Alan Rodríguez. La señora está evangélica que acaba de salir no entiendo por qué no les decían eso a ellos porque tiene que ser hasta ahora es tonto,@quorumgt/videos,channel,quorum_complete_comments.csv | youtube_guatemala_plus_comments.csv,@thelmamoran8565,hace 2 años, ,0,False,,,True,0,Yo no entiendo por qué están ahorita con todas estas cosas por qué no lo hacían cuando estaban los corruptos Alvaro Arzú Alan Rodríguez. La señora está evangélica que acaba de salir no entiendo por qué no les decían eso a ellos porque tiene que ser hasta ahora es tonto,0,entender ahoritar corrupto alvaro arzú alan rodríguez señora evangélico acabar salir entender tonto,269,13,True,NEG,0.003037131391465664,0.9675392508506775,0.029423590749502182,-0.9645021194592118,0.9675392508506775,0
n8iP75gIpmw,Ugwz_6qtdDTbTWEUQQ94AaABAg,Qué rico come tu diputado,Quorum,UCE4rsXcgDb6e1-a9iTbWzfg,@maxwellsales885,UC6YSZqL0vEcI-niPKIMUGfw,"Ni el mismo lo cree, estos son sinverguenzas y se pasan de pija, cómo se sentirá la familia tener a alguien mañoso, mafioso, sin vergüenza como marido y como padre, es triste",@quorumgt/videos,channel,quorum_complete_comments.csv | youtube_guatemala_plus_comments.csv,@maxwellsales885,hace 2 años,2,0,False,,2,False,2,"Ni el mismo lo cree, estos son sinverguenzas y se pasan de pija, cómo se sentirá la familia tener a alguien mañoso, mafioso, sin vergüenza como marido y como padre, es triste",0,creer sinverguenza pasar pija sentir familia alguien mañoso mafioso vergüenza marido padre triste,174,13,True,NEG,0.0035041270311921835,0.9856871962547302,0.010808602906763554,-0.982183069223538,0.9856871962547302,1–2
n8iP75gIpmw,Ugx-G2kCu5aSwh3IR5l4AaABAg,Qué rico come tu diputado,Quorum,UCE4rsXcgDb6e1-a9iTbWzfg,@LE_A22,UCNBnKqWf4d-rS4HwJRQljmQ,"Y CUANDO VAN HABLAR DE LOS GASTOS DEL PRESIDENTE? La carne la bomba de la piscina los salarios exagerados,los aumentos incluso el nepotismo? ó a él no? De él no se puede hablar? Los regañan?",@quorumgt/videos,channel,quorum_complete_comments.csv | youtube_guatemala_plus_comments.csv,@LE_A22,hace 2 años,1,0,False,,1,False,1,"Y CUANDO VAN HABLAR DE LOS GASTOS DEL PRESIDENTE? La carne la bomba de la piscina los salarios exagerados,los aumentos incluso el nepotismo? ó a él no? De él no se puede hablar? Los regañan?",0,hablar gasto presidente carne bomba piscina salario exagerado aumento nepotismo hablar regañar,190,12,True,NEG,0.0028849600348621607,0.9523075819015503,0.04480748623609543,-0.9494226218666881,0.9523075819015503,1–2
06mFNPU0aB8,Ugx-cQ3Wf3whk_hssDR4AaABAg,Capturan a presuntos delincuentes disfrazados de mujer señalados de cometer asalto,Noti7,UCVpSRoZgngfSL03Nlbjtq9A,@elsalvador3605,UCO0zwwLWGyDgQmWPJ5Qrr1w,Por qué siempre tapan la cara de los delincuentes,guatemala noticias,topic,youtube_guatemala_comments.csv | youtube_guatemala_plus_comments.csv,@elsalvador3605,hace 2 semanas,3,0,False,,3,False,3,Por qué siempre tapan la cara de los delincuentes,0,tapar cara delincuente,49,3,True,NEG,0.008109699003398418,0.9158504605293274,0.07603978365659714,-0.907740761525929,0.9158504605293274,3–10
j43HgwYFKfk,Ugx-hH6Ysw9sdv3kHPN4AaABAg,La cooptación de Walter Mazariegos en la USAC,Quorum,UCE4rsXcgDb6e1-a9iTbWzfg,@Silviazea,UCwjUvRseNtJoItylIyIez7Q,¡Fuera esa basura de mazariegos!,@quorumgt/videos,channel,quorum_complete_comments.csv | youtube_guatemala_plus_comments.csv,@Silviazea,hace 1 año, ,0,False,,,True,0,¡Fuera esa basura de mazariegos!,0,basura mazariego,32,2,True,NEG,0.03500721976161003,0.8668217658996582,0.09817102551460266,-0.8318145461380482,0.8668217658996582,0
n8iP75gIpmw,Ugx1reCoIQcnK3ii2GR4AaABAg,Qué rico come tu diputado,Quorum,UCE4rsXcgDb6e1-a9iTbWzfg,@SuperVictor2005,UCTwSut16JyAg3mX6LVUNGqA,"Que gasten todo lo que les pegue la regalada gana, siempre y cuando que lo paguen con su mismo sueldo o dinero como cualquier empleado público, lo que no es admisible es  que estas ratas solo se recetan estos mega gastos por un almuerzo, porque ellos mismos se los permiten.
Ya basta!!! Asi como estos diputados, PNC de la capital, entre otros empleados públicos selectos tengan privilegios de esta naturaleza, mientras que otros tienen que costear transporte, alimentación, internet, entre otras cosas con su propio sueldo o dinero.",@quorumgt/videos,channel,quorum_complete_comments.csv | youtube_guatemala_plus_comments.csv,@SuperVictor2005,hace 2 años, ,0,False,,,True,0,"Que gasten todo lo que les pegue la regalada gana, siempre y cuando que lo paguen con su mismo sueldo o dinero como cualquier empleado público, lo que no es admisible es  que estas ratas solo se recetan estos mega gastos por un almuerzo, porque ellos mismos se los permiten.
Ya basta!!! Asi como estos diputados, PNC de la capital, entre otros empleados públicos selectos tengan privilegios de esta naturaleza, mientras que otros tienen que costear transporte, alimentación, internet, entre otras cosas con su propio sueldo o dinero.",0,gastar pegar regalada ganar pagar sueldo dinero empleado público admisible rata recetar megar gasto almuerzo permitir bastar diputado pnc capital empleado público selecto privilegio naturaleza costear transporte alimentación internet sueldo dinero,533,31,True,NEG,0.004518184810876846,0.9651616811752319,0.030320215970277786,-0.9606434963643551,0.9651616811752319,0
n8iP75gIpmw,Ugx2ApaAMqe4ca4SCYx4AaABAg,Qué rico come tu diputado,Quorum,UCE4rsXcgDb6e1-a9iTbWzfg,@guillermogonzalez5153,UCLggDc_a5HriXv7I1h02sOA,"Hablemos de cosas relevantes,,,,y No de lo irrelevantes......jajajajaja",@quorumgt/videos,channel,quorum_complete_comments.csv | youtube_guatemala_plus_comments.csv,@guillermogonzalez5153,hace 2 años,3,0,False,,3,False,3,"Hablemos de cosas relevantes,,,,y No de lo irrelevantes......jajajajaja",0,habl relevante irrelevante jajajajajar,71,4,True,NEU,0.1254727840423584,0.14927755296230316,0.725249707698822,-0.023804768919944763,0.725249707698822,3–10
n8iP75gIpmw,Ugx2LwWBVc3mFGJAinB4AaABAg,Qué rico come tu diputado,Quorum,UCE4rsXcgDb6e1-a9iTbWzfg,@ManuelEdran,UC5H8ASmMC9WrURmzeB4ySog,Ya es calor...jejej,@quorumgt/videos,channel,quorum_complete_comments.csv | youtube_guatemala_plus_comments.csv,@ManuelEdran,hace 2 años,2,0,False,,2,False,2,Ya es calor...jejej,0,calor jejej,19,2,True,NEU,0.41930365562438965,0.02524913102388382,0.5554472804069519,0.39405452460050583,0.5554472804069519,1–2
n8iP75gIpmw,Ugx2byJzZBZkDMQMUqV4AaABAg,Qué rico come tu diputado,Quorum,UCE4rsXcgDb6e1-a9iTbWzfg,@ricardofigueroa5720,UCwO2SXr0ggzwg6QWWrr01nQ,No se le cree nada a ese diputransa,@quorumgt/videos,channel,quorum_complete_comments.csv | youtube_guatemala_plus_comments.csv,@ricardofigueroa5720,hace 2 años,11,0,False,,11,False,11,No se le cree nada a ese diputransa,0,creer diputransa,35,2,True,NEG,0.01950671710073948,0.9095709323883057,0.07092232257127762,-0.8900642152875662,0.9095709323883057,11–50
j43HgwYFKfk,Ugx3uDgmZQhx3Z3VOzt4AaABAg,La cooptación de Walter Mazariegos en la USAC,Quorum,UCE4rsXcgDb6e1-a9iTbWzfg,@ingenieroar,UC816IGbFCZinfYS1LRDaaHg,mapa de poder USAC,@quorumgt/videos,channel,quorum_complete_comments.csv | youtube_guatemala_plus_comments.csv,@ingenieroar,hace 1 año,1,0,False,,1,False,1,mapa de poder USAC,0,mapa usac,18,2,True,NEU,0.11292628198862076,0.12774057686328888,0.7593331336975098,-0.014814294874668121,0.7593331336975098,1–2
n8iP75gIpmw,Ugx3yIUZXGeiOVESIEl4AaABAg,Qué rico come tu diputado,Quorum,UCE4rsXcgDb6e1-a9iTbWzfg,@VICTOREST19,UC3qn1yJA5PeW9rkGPatQxiw,Que ese diputado que muestre la factura donde diga que de su bolsillo fue pagado??,@quorumgt/videos,channel,quorum_complete_comments.csv | youtube_guatemala_plus_comments.csv,@VICTOREST19,hace 2 años,7,0,False,,7,False,7,Que ese diputado que muestre la factura donde diga que de su bolsillo fue pagado??,0,diputado mostrar factura bolsillo pagar,82,5,True,NEU,0.031881365925073624,0.3575275242328644,0.6105911731719971,-0.32564615830779076,0.6105911731719971,3–10
6W4u8sGEnGM,Ugx4dn4xlUl9Jp9QJeJ4AaABAg,Inician los trabajos de recuperación del Puente Belice II.,Gobierno de la República de Guatemala,UC-ZtFBHzgkYFh7whZkuR_Ag,@elmilenial4064,UCaT4saRcyqCLE657Rq2hhZQ,Tio berny presidente 2032😁,Gobierno de la República de Guatemala,topic,youtube_guatemala_plus_comments.csv | youtube_lab_targets_small_comments.csv,@elmilenial4064,hace 5 días (editado), ,0,False,,,True,0,Tio berny presidente 2032😁,1,tío berny presidente,26,3,True,POS,0.5722038745880127,0.011543232016265392,0.41625291109085083,0.5606606425717473,0.5722038745880127,0
yLZS3JiEBg8,Ugx6Wjc02tqpQUBf4NJ4AaABAg,Arroz con pollo a la MONOPOLIO,Quorum,UCE4rsXcgDb6e1-a9iTbWzfg,@rockyscarlet,UCc_F88PzGWtA1OPNUEASulA,Los hipócritas de la ufm todavía alaban a Milei. Lo primero que haría sería quitar todas las trabas que impiden el libre mercado.,@quorumgt/videos,channel,quorum_complete_comments.csv | youtube_guatemala_plus_comments.csv,@rockyscarlet,hace 2 años, ,0,False,,,True,0,Los hipócritas de la ufm todavía alaban a Milei. Lo primero que haría sería quitar todas las trabas que impiden el libre mercado.,0,hipócrita ufm alar milei quitar traba impedir libre mercado,129,9,True,NEG,0.010860203765332699,0.9372140169143677,0.051925819367170334,-0.926353813149035,0.9372140169143677,0
n8iP75gIpmw,Ugx74OPnWkWaFjpFuA94AaABAg,Qué rico come tu diputado,Quorum,UCE4rsXcgDb6e1-a9iTbWzfg,@dorisl.garciaroche7763,UCErZPJpHmLCsXs8ZWkAUupQ,"Y será que si ya no se diera esa facilidad de efectivo para gastos de ese tipo, les interesaría seguir siendo diputados. O es por ese estilo de vida lo que les llama la atención ser diputados.",@quorumgt/videos,channel,quorum_complete_comments.csv | youtube_guatemala_plus_comments.csv,@dorisl.garciaroche7763,hace 2 años,2,1,False,,2,False,2,"Y será que si ya no se diera esa facilidad de efectivo para gastos de ese tipo, les interesaría seguir siendo diputados. O es por ese estilo de vida lo que les llama la atención ser diputados.",0,facilidad efectivo gasto tipo interesar seguir diputado estilo vida llamar atención diputado,192,12,True,NEG,0.012542154639959335,0.6596583724021912,0.32779940962791443,-0.6471162177622318,0.6596583724021912,1–2
n8iP75gIpmw,Ugx74OPnWkWaFjpFuA94AaABAg.A7ki-1ED5b2A7nIcG2_svP,Qué rico come tu diputado,Quorum,UCE4rsXcgDb6e1-a9iTbWzfg,@HaroldoCastillo-rh9iw,UCFjudnPLoaSL1BaRuLahyHg,Cierto.,@quorumgt/videos,channel,quorum_complete_comments.csv | youtube_guatemala_plus_comments.csv,@HaroldoCastillo-rh9iw,hace 2 años,1,0,False,,1,False,1,Cierto.,0,,7,0,False,NEU,0.27802029252052307,0.24235108494758606,0.4796285927295685,0.03566920757293701,0.4796285927295685,1–2
lj983NWyAQY,Ugx7Gvgflw7nQKqoR094AaABAg,Plan 2032 Ciudad de Guatemala,Municipalidad de Guatemala,UCXa6LVjBzUtmcM3cwbd9e2w,@arielsarc09,UCFOxCyF926Y9eHhMeVoWLzw,"De todo corazon espero que se cumplan todos estos proyectos por el bien de mi gente linda, Dios bendiga a Guatemala.",Municipalidad de Guatemala,topic,lj983NWyAQY_out_comments.csv | youtube_guatemala_plus_comments.csv,@arielsarc09,hace 6 años (editado),3,0,False,,3,False,3,"De todo corazon espero que se cumplan todos estos proyectos por el bien de mi gente linda, Dios bendiga a Guatemala.",0,corazón esperar cumplir proyecto gente lindo dios bendigar guatemala,116,9,True,POS,0.931983470916748,0.005754457321017981,0.062262117862701416,0.9262290135957301,0.931983470916748,3–10
n8iP75gIpmw,Ugx7ezRwB-DpY3VQt754AaABAg,Qué rico come tu diputado,Quorum,UCE4rsXcgDb6e1-a9iTbWzfg,@ManuelEdran,UC5H8ASmMC9WrURmzeB4ySog,Minusiosas pero a la larga se vuelve millonarios. . Paguen sus almuerzos no se aprovechen del pueblo... casaka.,@quorumgt/videos,channel,quorum_complete_comments.csv | youtube_guatemala_plus_comments.csv,@ManuelEdran,hace 2 años,1,0,False,,1,False,1,Minusiosas pero a la larga se vuelve millonarios. . Paguen sus almuerzos no se aprovechen del pueblo... casaka.,0,minusiosa larga volver millonario pagar almuerzo aprovechar pueblo casaka,111,9,True,NEU,0.03792626038193703,0.43467649817466736,0.5273972153663635,-0.39675023779273033,0.5273972153663635,1–2
n8iP75gIpmw,Ugx7j6oWhgfonHPJCdR4AaABAg,Qué rico come tu diputado,Quorum,UCE4rsXcgDb6e1-a9iTbWzfg,@osmanmorales3012,UC72gBAtyb_VXQlYDcFrh6oQ,Para que participo si el reclama y que a echo por el pais nada,@quorumgt/videos,channel,quorum_complete_comments.csv | youtube_guatemala_plus_comments.csv,@osmanmorales3012,hace 2 años,3,0,False,,3,False,3,Para que participo si el reclama y que a echo por el pais nada,0,participar reclama echo,62,3,True,NEG,0.013555928133428097,0.8767415881156921,0.10970254242420197,-0.863185659982264,0.8767415881156921,3–10
n8iP75gIpmw,Ugx8FxDKPAY-M_JhRgd4AaABAg,Qué rico come tu diputado,Quorum,UCE4rsXcgDb6e1-a9iTbWzfg,@davidisraelesquitsaquil,UCi1b_TRQfgO1Z9O2gNGGWNA,"Ahora se destapo la CORRUPCION Q EXISTIA Y AHORA SE CONTAMINO despues de ampliacion ahora DEUDAS a la Comunidad Internacional por PRESTAMOS para carreteras, ademas CONCESIONES A AEROPUERTOS, PUERTOS, LAS MISMAS CARRETERAS, todos millonario, EUROBONOS, vender al pais y CANASTA BASICA A Q10,000 todo lo van hacer PERO ESE DINERO QUE OBTENGAN SERA REGALO DEL 👹👹👹 Xq DIOS dara justicia en su momento la JUSTICIA DE DIOS con sus hijitos sera IMPLACABLE y omnipotente🇬🇹🇬🇹🇬🇹🇬🇹",@quorumgt/videos,channel,quorum_complete_comments.csv | youtube_guatemala_plus_comments.csv,@davidisraelesquitsaquil,hace 2 años, ,0,False,,,True,0,"Ahora se destapo la CORRUPCION Q EXISTIA Y AHORA SE CONTAMINO despues de ampliacion ahora DEUDAS a la Comunidad Internacional por PRESTAMOS para carreteras, ademas CONCESIONES A AEROPUERTOS, PUERTOS, LAS MISMAS CARRETERAS, todos millonario, EUROBONOS, vender al pais y CANASTA BASICA A Q10,000 todo lo van hacer PERO ESE DINERO QUE OBTENGAN SERA REGALO DEL 👹👹👹 Xq DIOS dara justicia en su momento la JUSTICIA DE DIOS con sus hijitos sera IMPLACABLE y omnipotente🇬🇹🇬🇹🇬🇹🇬🇹",11,destapo corrupción existia contaminar ampliacion deuda comunidad internacional prestamo carretera concesión aeropuertos puerto carretera millonario eurobono vender canasta básico q10 dinero obtengar regalo dios justicia momento justicia dios hijito implacable omnipotente,470,31,True,NEG,0.01399317942559719,0.8053440451622009,0.1806628257036209,-0.7913508657366037,0.8053440451622009,0
WIUZtitfLRw,Ugx8vuWdqsWZslsS9R14AaABAg,Caminar en una ciudad hecha para carros,Quorum,UCE4rsXcgDb6e1-a9iTbWzfg,@hashojea7348,UCvcu1kR8xMYy_I1Ty-2mV2Q,Excelente nota,@quorumgt/videos,channel,quorum_complete_comments.csv | youtube_guatemala_plus_comments.csv,@hashojea7348,hace 1 año, ,0,False,,,True,0,Excelente nota,0,excelente nota,14,2,True,NEU,0.3296203315258026,0.1732599437236786,0.4971197247505188,0.15636038780212402,0.4971197247505188,0
OkXlHx0hx-8,Ugx90cmhNaRBNDou1BR4AaABAg,EE.UU. envía a mexicanos deportados a Guatemala antes de su regreso a México | Noticias Telemundo,Noticias Telemundo,UCRwA1NUcUnwsly35ikGhp0A,@rosadiaz6945,UCBlm80VQ4YoV3bUJR_XhkaQ,Miserables el departamento de seguridad de USA,guatemala noticias,topic,youtube_guatemala_comments.csv | youtube_guatemala_plus_comments.csv,@rosadiaz6945,hace 1 día, ,3,False,,,True,0,Miserables el departamento de seguridad de USA,0,miserable departamento seguridad,46,3,True,NEG,0.04093893617391586,0.5452274084091187,0.4138336181640625,-0.5042884722352028,0.5452274084091187,0
OkXlHx0hx-8,Ugx90cmhNaRBNDou1BR4AaABAg.AaA5Ej9IqgQAaBaWPRQg7K,EE.UU. envía a mexicanos deportados a Guatemala antes de su regreso a México | Noticias Telemundo,Noticias Telemundo,UCRwA1NUcUnwsly35ikGhp0A,@eugeneramirez4405,UCi2KiZq63sRq8Mfbcp-MelQ,"There tired of fraud and corruption and lethal drugs. 
We AMERICANS HAVE VOTED!
you don't like our LAWS lezve!",guatemala noticias,topic,youtube_guatemala_comments.csv | youtube_guatemala_plus_comments.csv,@eugeneramirez4405,hace 20 horas, ,0,False,,,True,0,"There tired of fraud and corruption and lethal drugs. 
We AMERICANS HAVE VOTED!
you don't like our LAWS lezve!",0,therir tired fraud corruption lethal drugs americans have voted you don like our laws lezve,110,15,True,NEG,0.018746016547083855,0.9383435249328613,0.04291040822863579,-0.9195975083857775,0.9383435249328613,0
OkXlHx0hx-8,Ugx90cmhNaRBNDou1BR4AaABAg.AaA5Ej9IqgQAaCnVqXU5cy,EE.UU. envía a mexicanos deportados a Guatemala antes de su regreso a México | Noticias Telemundo,Noticias Telemundo,UCRwA1NUcUnwsly35ikGhp0A,@rosadiaz6945,UCBlm80VQ4YoV3bUJR_XhkaQ,"​ @eugeneramirez4405 
Go away, there's no way to prove you're American.",guatemala noticias,topic,youtube_guatemala_comments.csv | youtube_guatemala_plus_comments.csv,@rosadiaz6945,hace 9 horas, ,0,False,,,True,0,"​ @eugeneramirez4405 
Go away, there's no way to prove you're American.",0,away there way prove you americar,71,6,True,NEU,0.17279909551143646,0.35431548953056335,0.472885400056839,-0.1815163940191269,0.472885400056839,0
OkXlHx0hx-8,Ugx90cmhNaRBNDou1BR4AaABAg.AaA5Ej9IqgQAaCz3GqqPAJ,EE.UU. envía a mexicanos deportados a Guatemala antes de su regreso a México | Noticias Telemundo,Noticias Telemundo,UCRwA1NUcUnwsly35ikGhp0A,@eugeneramirez4405,UCi2KiZq63sRq8Mfbcp-MelQ,"​ @rosadiaz6945 
Sure 👌 
Whatever you say!",guatemala noticias,topic,youtube_guatemala_comments.csv | youtube_guatemala_plus_comments.csv,@eugeneramirez4405,hace 7 horas, ,0,False,,,True,0,"​ @rosadiaz6945 
Sure 👌 
Whatever you say!",1,sure whatever you say,42,4,True,NEU,0.3174283802509308,0.0366988405585289,0.6458728313446045,0.2807295396924019,0.6458728313446045,0
j43HgwYFKfk,UgxCKgaQSm13r2z9hFd4AaABAg,La cooptación de Walter Mazariegos en la USAC,Quorum,UCE4rsXcgDb6e1-a9iTbWzfg,@quijotachapina1,UColMq7LmaoY3MT6aIDGrGvA,"Escuché que solo fingen que las reuniones son virtuales, pero las hacen en un hôtel y encima liquidan los gastos generados 😡",@quorumgt/videos,channel,quorum_complete_comments.csv | youtube_guatemala_plus_comments.csv,@quijotachapina1,hace 1 año, ,0,False,,,True,0,"Escuché que solo fingen que las reuniones son virtuales, pero las hacen en un hôtel y encima liquidan los gastos generados 😡",1,escuché fingen reunión virtual hôtel liquidar gasto generado,124,8,True,NEG,0.0021407457534223795,0.967146635055542,0.030712679028511047,-0.9650058893021196,0.967146635055542,0
OkXlHx0hx-8,UgxCT5F3jO763e2aO-t4AaABAg,EE.UU. envía a mexicanos deportados a Guatemala antes de su regreso a México | Noticias Telemundo,Noticias Telemundo,UCRwA1NUcUnwsly35ikGhp0A,@DoraSalas-j5o,UCat2qkYvqmtDNEmo2PVuhXw,Dicen quelos van a mandar a africa cuidao paisas,guatemala noticias,topic,youtube_guatemala_comments.csv | youtube_guatemala_plus_comments.csv,@DoraSalas-j5o,hace 1 día,1,0,False,,1,False,1,Dicen quelos van a mandar a africa cuidao paisas,0,quelo mandar áfrica cuidao paisa,48,5,True,NEG,0.05156951770186424,0.4778706729412079,0.47055983543395996,-0.42630115523934364,0.4778706729412079,1–2
lj983NWyAQY,UgxCjFHfuFk1jUGvoIB4AaABAg,Plan 2032 Ciudad de Guatemala,Municipalidad de Guatemala,UCXa6LVjBzUtmcM3cwbd9e2w,@TheAlexX_C,UCSTAUWVc1_82DHYeqOsqEFA,"Que bella es la Ciudad de Guatemala, unica en su clase. 
Saludos desde El Salvador 😸",Municipalidad de Guatemala,topic,lj983NWyAQY_out_comments.csv | youtube_guatemala_plus_comments.csv,@TheAlexX_C,hace 7 años,191,2,False,,191,False,191,"Que bella es la Ciudad de Guatemala, unica en su clase. 
Saludos desde El Salvador 😸",1,bella ciudad guatemala único clase saludo salvador,84,7,True,POS,0.9455225467681885,0.004337556194514036,0.05013994500041008,0.9411849905736744,0.9455225467681885,>50
yLZS3JiEBg8,UgxD16VX3BhREOtsuhJ4AaABAg,Arroz con pollo a la MONOPOLIO,Quorum,UCE4rsXcgDb6e1-a9iTbWzfg,@DenisRMC,UCcFIBN-rtC3d3hXeuN5TfWw,"Excelente explicación 
Te falto incluir la harina que al final es el mismo dueño de las pastas...eso se llama MONOPOLIO...y tiene nombre
Contra ellos no se puede..hasta este dueño del monopolio hasta apoyo al actual presidente..
Raro..??",@quorumgt/videos,channel,quorum_complete_comments.csv | youtube_guatemala_plus_comments.csv,@DenisRMC,hace 2 años, ,0,False,,,True,0,"Excelente explicación 
Te falto incluir la harina que al final es el mismo dueño de las pastas...eso se llama MONOPOLIO...y tiene nombre
Contra ellos no se puede..hasta este dueño del monopolio hasta apoyo al actual presidente..
Raro..??",0,excelente explicación faltar incluir harina dueño pasta llamar monopolio nombre dueño monopolio apoyo actual presidente raro,237,16,True,NEG,0.006735762115567923,0.9496656060218811,0.043598722666502,-0.9429298439063132,0.9496656060218811,0
j43HgwYFKfk,UgxDBhcq11EK83DqrSZ4AaABAg,La cooptación de Walter Mazariegos en la USAC,Quorum,UCE4rsXcgDb6e1-a9iTbWzfg,@genarodelgado3929,UCV0lM03g5fg5pbPj97-sAtA,"Excelente nota prensa!!
Compartan esta información para esos estudiantes ineptos y puedan conocer la realidad!!",@quorumgt,topic,j43HgwYFKfk_out_comments.csv | quorum_complete_comments.csv | youtube_guatemala_plus_comments.csv,@genarodelgado3929,hace 1 año,1,0,False,,1,False,1,"Excelente nota prensa!!
Compartan esta información para esos estudiantes ineptos y puedan conocer la realidad!!",0,excelente nota prenso compartar información estudiante inepto realidad,111,8,True,POS,0.8020390868186951,0.013792240060865879,0.18416865170001984,0.7882468467578292,0.8020390868186951,1–2
lj983NWyAQY,UgxDFo35bUo0APtZcd94AaABAg,Plan 2032 Ciudad de Guatemala,Municipalidad de Guatemala,UCXa6LVjBzUtmcM3cwbd9e2w,@ChRiStOpHeR7969,UC_ljZ1hZXR9pzexFz87P5ZA,"balgame  DIOS   QUE  TAN  ATRASADOS  ESTAN   Y  CUANTO  TIEMPO  PARA  ESTAR  EN  LA  MODERNIDAD OJALA  Y  LO  LOGREN  ,  POR  CUANTOS  PRECIDENTES  TIENE  QUE  PASAR  Y  CONVENSER  PARA  QUE  ESTO  SEA  UNA  REALIDAD",Municipalidad de Guatemala,topic,lj983NWyAQY_out_comments.csv | youtube_guatemala_plus_comments.csv,@ChRiStOpHeR7969,hace 4 años, ,0,False,,,True,0,"balgame  DIOS   QUE  TAN  ATRASADOS  ESTAN   Y  CUANTO  TIEMPO  PARA  ESTAR  EN  LA  MODERNIDAD OJALA  Y  LO  LOGREN  ,  POR  CUANTOS  PRECIDENTES  TIENE  QUE  PASAR  Y  CONVENSER  PARA  QUE  ESTO  SEA  UNA  REALIDAD",0,balgame dios atrasado tiempo modernidad ojalá lograr precident pasar convenser realidad,216,11,True,NEG,0.02130698971450329,0.8030843734741211,0.17560863494873047,-0.7817773837596178,0.8030843734741211,0
06mFNPU0aB8,UgxEE17R1iQyuDZebVF4AaABAg,Capturan a presuntos delincuentes disfrazados de mujer señalados de cometer asalto,Noti7,UCVpSRoZgngfSL03Nlbjtq9A,@jorgecifuentes-m5g,UCLXYp1Cvc5DLtq5UQL5D9vw,TransLadrones ?,guatemala noticias,topic,youtube_guatemala_comments.csv | youtube_guatemala_plus_comments.csv,@jorgecifuentes-m5g,hace 2 semanas,3,1,False,,3,False,3,TransLadrones ?,0,transladrón,15,1,True,NEU,0.060085296630859375,0.12275124341249466,0.8171634674072266,-0.06266594678163528,0.8171634674072266,3–10
06mFNPU0aB8,UgxEE17R1iQyuDZebVF4AaABAg.A_UFk_pMAbMA_VZ_0Vdu89,Capturan a presuntos delincuentes disfrazados de mujer señalados de cometer asalto,Noti7,UCVpSRoZgngfSL03Nlbjtq9A,@HonwayLee-z5g,UCfjhejO7LZy4doXURa7LZCQ,😂😂,guatemala noticias,topic,youtube_guatemala_comments.csv | youtube_guatemala_plus_comments.csv,@HonwayLee-z5g,hace 2 semanas, ,0,False,,,True,0,😂😂,2,,2,0,False,NEU,0.08833970129489899,0.1958657205104828,0.7157946228981018,-0.1075260192155838,0.7157946228981018,0
n8iP75gIpmw,UgxE_8DGgJmaHaV_WLJ4AaABAg,Qué rico come tu diputado,Quorum,UCE4rsXcgDb6e1-a9iTbWzfg,@romeolopezherrarte799,UCplrIQtaPj6au60_f2-mOYw,JAJAJAJA  SE METEN A HACER UN PROYECTO DE FERROCARRIL  A GUATEMALA LA DEJAN COMO ÁFRICA,@quorumgt/videos,channel,quorum_complete_comments.csv | youtube_guatemala_plus_comments.csv,@romeolopezherrarte799,hace 2 años, ,0,False,,,True,0,JAJAJAJA  SE METEN A HACER UN PROYECTO DE FERROCARRIL  A GUATEMALA LA DEJAN COMO ÁFRICA,0,metar proyecto ferrocarril guatemala dejar áfrica,87,6,True,NEG,0.010128702037036419,0.8431578874588013,0.14671340584754944,-0.8330291854217649,0.8431578874588013,0
6W4u8sGEnGM,UgxEsAK7q3l34wFdZ414AaABAg,Inician los trabajos de recuperación del Puente Belice II.,Gobierno de la República de Guatemala,UC-ZtFBHzgkYFh7whZkuR_Ag,@RolandoGonzalez-o7g,UCql1n3Ey6ULMSOACjMe-fxQ,"El Salvador que es un país tan pequeño está haciendo maravillas en su estructura su presidente.
  Y Guatemala que es un mega país, va tan atrasado como la  tortuga.",Gobierno de la República de Guatemala,topic,youtube_guatemala_plus_comments.csv | youtube_lab_targets_small_comments.csv,@RolandoGonzalez-o7g,hace 6 días,6,7,False,,6,False,6,"El Salvador que es un país tan pequeño está haciendo maravillas en su estructura su presidente.
  Y Guatemala que es un mega país, va tan atrasado como la  tortuga.",0,salvador pequeño maravilla estructura presidente guatemala mega atrasado tortuga,164,9,True,NEG,0.005037326365709305,0.9653481245040894,0.029614489525556564,-0.96031079813838,0.9653481245040894,3–10
6W4u8sGEnGM,UgxEsAK7q3l34wFdZ414AaABAg.A_zCnf5bSajA_zKDdWQaaO,Inician los trabajos de recuperación del Puente Belice II.,Gobierno de la República de Guatemala,UC-ZtFBHzgkYFh7whZkuR_Ag,@luisricardo9671,UCZFQwqh90apuL8eFhvRBkUg,"Nayib Bukele lleva 7 años como presidente de El Salvador teniendo todos los poderes del estado a su favor, y el de Guate con todas las trabas que le pusieron los 2 primeros años, y queres un mega pais en 3 años no jodas, ni un edificio de 15 niveles lo terminan en 4 años, no esperes que la corrupcion de 30 años la solucionen en un periodo de gobierno estan dejando simientos pero si seguimos poniendo presidentes como los antecesores de este olvidate que ese puente lo terminen y seguiras viendo el pais en ruinas.",Gobierno de la República de Guatemala,topic,youtube_guatemala_plus_comments.csv | youtube_lab_targets_small_comments.csv,@luisricardo9671,hace 6 días,9,0,False,,9,False,9,"Nayib Bukele lleva 7 años como presidente de El Salvador teniendo todos los poderes del estado a su favor, y el de Guate con todas las trabas que le pusieron los 2 primeros años, y queres un mega pais en 3 años no jodas, ni un edificio de 15 niveles lo terminan en 4 años, no esperes que la corrupcion de 30 años la solucionen en un periodo de gobierno estan dejando simientos pero si seguimos poniendo presidentes como los antecesores de este olvidate que ese puente lo terminen y seguiras viendo el pais en ruinas.",0,nayib bukele presidente salvador favor guate traba quer mega joda edificio nivel terminar esper corrupción solucionar periodo gobierno dejar simiento seguir president antecesor olvidate puente terminir seguira ruina,516,28,True,NEG,0.005980991292744875,0.9545396566390991,0.0394793264567852,-0.9485586653463542,0.9545396566390991,3–10
6W4u8sGEnGM,UgxEsAK7q3l34wFdZ414AaABAg.A_zCnf5bSajA_zMcZPgoSk,Inician los trabajos de recuperación del Puente Belice II.,Gobierno de la República de Guatemala,UC-ZtFBHzgkYFh7whZkuR_Ag,@Israel-u5i7i,UCoGdCoJg2Lh0OX_jv6cG16g,​ @luisricardo9671 comentario bien acertado saludos amigo🧐🧐🧐,Gobierno de la República de Guatemala,topic,youtube_guatemala_plus_comments.csv | youtube_lab_targets_small_comments.csv,@Israel-u5i7i,hace 6 días,2,0,False,,2,False,2,​ @luisricardo9671 comentario bien acertado saludos amigo🧐🧐🧐,3,comentario acertado saludo amigo,60,4,True,NEU,0.4534858465194702,0.0342358760535717,0.5122782588005066,0.4192499704658985,0.5122782588005066,1–2
6W4u8sGEnGM,UgxEsAK7q3l34wFdZ414AaABAg.A_zCnf5bSajA_zX0eQk5DZ,Inician los trabajos de recuperación del Puente Belice II.,Gobierno de la República de Guatemala,UC-ZtFBHzgkYFh7whZkuR_Ag,@Murmullodelbarrio,UCyJhqmMbsvjpoarBBStA2kg,"Vos risa das lagarto h..... e p....... a
Ya quisieras que esto lo tuvieras en el Salvador 
A chngr a su madre a su país agrandado de m.....",Gobierno de la República de Guatemala,topic,youtube_guatemala_plus_comments.csv | youtube_lab_targets_small_comments.csv,@Murmullodelbarrio,hace 6 días, ,0,False,,,True,0,"Vos risa das lagarto h..... e p....... a
Ya quisieras que esto lo tuvieras en el Salvador 
A chngr a su madre a su país agrandado de m.....",0,risa lagarto quisiera tuvierar salvador chngr madre agrandado,139,8,True,NEG,0.013300786726176739,0.9607275724411011,0.02597162500023842,-0.9474267857149243,0.9607275724411011,0
6W4u8sGEnGM,UgxEsAK7q3l34wFdZ414AaABAg.A_zCnf5bSajA_zXHoAX3hj,Inician los trabajos de recuperación del Puente Belice II.,Gobierno de la República de Guatemala,UC-ZtFBHzgkYFh7whZkuR_Ag,@Murmullodelbarrio,UCyJhqmMbsvjpoarBBStA2kg,"​ @luisricardo9671 
Y ni así ha hecho algo similar el Bujele
Solo en seguridad ya se terminó toda la economía de el Pulgarcito y ya no tiene ni quien le preste más dinero",Gobierno de la República de Guatemala,topic,youtube_guatemala_plus_comments.csv | youtube_lab_targets_small_comments.csv,@Murmullodelbarrio,hace 6 días,3,0,False,,3,False,3,"​ @luisricardo9671 
Y ni así ha hecho algo similar el Bujele
Solo en seguridad ya se terminó toda la economía de el Pulgarcito y ya no tiene ni quien le preste más dinero",0,similar bujele seguridad terminar economía pulgarcito prestir dinero,170,8,True,NEG,0.004191668704152107,0.9771748185157776,0.018633529543876648,-0.9729831498116255,0.9771748185157776,3–10
6W4u8sGEnGM,UgxEsAK7q3l34wFdZ414AaABAg.A_zCnf5bSajA_zXUuRIq0q,Inician los trabajos de recuperación del Puente Belice II.,Gobierno de la República de Guatemala,UC-ZtFBHzgkYFh7whZkuR_Ag,@Murmullodelbarrio,UCyJhqmMbsvjpoarBBStA2kg,"Vos Rolando
Tu Bujele lleva 7 años con la cuesta los chorros y ni eso puede terminar
Ja jaaaaaaaaa viva Guatemala",Gobierno de la República de Guatemala,topic,youtube_guatemala_plus_comments.csv | youtube_lab_targets_small_comments.csv,@Murmullodelbarrio,hace 6 días,4,0,False,,4,False,4,"Vos Rolando
Tu Bujele lleva 7 años con la cuesta los chorros y ni eso puede terminar
Ja jaaaaaaaaa viva Guatemala",0,rolar bujele cuesta chorro terminar jaa vivo guatemala,113,8,True,NEG,0.038192518055438995,0.7638128399848938,0.1979946792125702,-0.7256203219294548,0.7638128399848938,3–10
6W4u8sGEnGM,UgxEsAK7q3l34wFdZ414AaABAg.A_zCnf5bSajA_znUL05zze,Inician los trabajos de recuperación del Puente Belice II.,Gobierno de la República de Guatemala,UC-ZtFBHzgkYFh7whZkuR_Ag,@AbigailRodas-w2r,UC63tFvbQ_hJhGDi2nbjssjw,Que fácil te dejas engañar al parecer todas se las crees a Bukeli,Gobierno de la República de Guatemala,topic,youtube_guatemala_plus_comments.csv | youtube_lab_targets_small_comments.csv,@AbigailRodas-w2r,hace 6 días,2,0,False,,2,False,2,Que fácil te dejas engañar al parecer todas se las crees a Bukeli,0,fácil dejar engañar parecer crees bukeli,65,6,True,NEG,0.010375875048339367,0.9121988415718079,0.0774252861738205,-0.9018229665234685,0.9121988415718079,1–2
6W4u8sGEnGM,UgxEsAK7q3l34wFdZ414AaABAg.A_zCnf5bSajAa0q77b9a3F,Inician los trabajos de recuperación del Puente Belice II.,Gobierno de la República de Guatemala,UC-ZtFBHzgkYFh7whZkuR_Ag,@carlosgranados9875,UCtCtts20bW6F9CSohau51Iw,"Y cual mega maravillas de guanacolandia, un estadio chino, un metro cable de 3 kilometros de distancia y un via llamada los chorros que lleva como 5 años y nunca lo terminan. Por favor investiga un poco antes de abrir la bocota. Haaa¡ y se me olvidaba  la gran deuda externa que tienen.☝️🧐🇬🇹🇬🇹🇬🇹🇬🇹",Gobierno de la República de Guatemala,topic,youtube_guatemala_plus_comments.csv | youtube_lab_targets_small_comments.csv,@carlosgranados9875,hace 5 días, ,0,False,,,True,0,"Y cual mega maravillas de guanacolandia, un estadio chino, un metro cable de 3 kilometros de distancia y un via llamada los chorros que lleva como 5 años y nunca lo terminan. Por favor investiga un poco antes de abrir la bocota. Haaa¡ y se me olvidaba  la gran deuda externa que tienen.☝️🧐🇬🇹🇬🇹🇬🇹🇬🇹",11,megar maravilla guanacolandia estadio chino metro cable kilómetro distancia vía llamado chorro terminar favor investigar abrir bocota haa olvidar deuda externo,297,21,True,NEG,0.01356550119817257,0.8130666017532349,0.1733679175376892,-0.7995011005550623,0.8130666017532349,0
6W4u8sGEnGM,UgxEsAK7q3l34wFdZ414AaABAg.A_zCnf5bSajAa0qEPC8tJc,Inician los trabajos de recuperación del Puente Belice II.,Gobierno de la República de Guatemala,UC-ZtFBHzgkYFh7whZkuR_Ag,@carlosgranados9875,UCtCtts20bW6F9CSohau51Iw,​ @Murmullodelbarrio 👍🇬🇹,Gobierno de la República de Guatemala,topic,youtube_guatemala_plus_comments.csv | youtube_lab_targets_small_comments.csv,@carlosgranados9875,hace 5 días, ,0,False,,,True,0,​ @Murmullodelbarrio 👍🇬🇹,3,,24,0,False,NEU,0.1220855638384819,0.07826487720012665,0.7996495962142944,0.043820686638355255,0.7996495962142944,0
6W4u8sGEnGM,UgxEsAK7q3l34wFdZ414AaABAg.A_zCnf5bSajAa41uU3Anhg,Inician los trabajos de recuperación del Puente Belice II.,Gobierno de la República de Guatemala,UC-ZtFBHzgkYFh7whZkuR_Ag,@hectormaaz5523,UCWaRixDdpgllTBf4V0jPnKQ,Por que votas por los payasos ledrones pollo roncos que han robado el pais trata de arrepentirte y no volver apoyar a sus amigos que ae estan preparando para buscar y pagar votantes,Gobierno de la República de Guatemala,topic,youtube_guatemala_plus_comments.csv | youtube_lab_targets_small_comments.csv,@hectormaaz5523,hace 4 días, ,0,False,,,True,0,Por que votas por los payasos ledrones pollo roncos que han robado el pais trata de arrepentirte y no volver apoyar a sus amigos que ae estan preparando para buscar y pagar votantes,0,vota payaso ledrón pollo ronco robar arrepentirte volver apoyar amigo preparar buscar pagar votante,181,14,True,NEG,0.005970529280602932,0.9607798457145691,0.0332496352493763,-0.9548093164339662,0.9607798457145691,0
n8iP75gIpmw,UgxFOJmnMHqi2dpDaZd4AaABAg,Qué rico come tu diputado,Quorum,UCE4rsXcgDb6e1-a9iTbWzfg,@RolandoRaguay,UCcfdg8crmMJwEuLUsAhV7yg,"Creo que no entienden los Sres periodistas, la comida de trabajo que se hace con personas ajenas del congreso se debe de pagar con dinero del pueblo, más no como antes que en las reuniones del congreso comían gratis todos los diputados",@quorumgt/videos,channel,quorum_complete_comments.csv | youtube_guatemala_plus_comments.csv,@RolandoRaguay,hace 2 años,1,0,False,,1,False,1,"Creo que no entienden los Sres periodistas, la comida de trabajo que se hace con personas ajenas del congreso se debe de pagar con dinero del pueblo, más no como antes que en las reuniones del congreso comían gratis todos los diputados",0,entender periodista comida trabajo persona ajeno congreso pagar dinero pueblo reunión congreso comer gratis diputado,235,15,True,NEG,0.011558123864233494,0.8848000764846802,0.10364183783531189,-0.8732419526204467,0.8848000764846802,1–2
j43HgwYFKfk,UgxFzCyhju6zPSl4zwZ4AaABAg,La cooptación de Walter Mazariegos en la USAC,Quorum,UCE4rsXcgDb6e1-a9iTbWzfg,@alfredoortega9264,UC6Uj1FT5JjDSF8vudvDxPAA,Bendiciones a la licenciada periodista Vásquez que Dios proteja su camino y la guarde siempre durante su trabajo en pos de la universidad 🙏,@quorumgt/videos,channel,quorum_complete_comments.csv | youtube_guatemala_plus_comments.csv,@alfredoortega9264,hace 1 año,1,0,False,,1,False,1,Bendiciones a la licenciada periodista Vásquez que Dios proteja su camino y la guarde siempre durante su trabajo en pos de la universidad 🙏,1,bendición licenciada periodista vásquez dios protejar camino guarde trabajo pos universidad,139,11,True,POS,0.6654018759727478,0.027046523988246918,0.3075515627861023,0.6383553519845009,0.6654018759727478,1–2
n8iP75gIpmw,UgxHqBlwo8Dpvv-2P5d4AaABAg,Qué rico come tu diputado,Quorum,UCE4rsXcgDb6e1-a9iTbWzfg,@anaaguirre8985,UCj-LL25XJnjxepPKCc3NGog,"Es claro nesecitan fondos=caja chica estos recursos deben ser canalizados e implementado  material utilizado las comidas podría ser en fondo general si tuviesen invitados en una sesión extendida, tener un piso por persona. (No comprar lujos)
Esperemos ver otras facturas de diferentes bancadas.
Y apoyo toda fiscalización",@quorumgt/videos,channel,quorum_complete_comments.csv | youtube_guatemala_plus_comments.csv,@anaaguirre8985,hace 2 años,1,0,False,,1,False,1,"Es claro nesecitan fondos=caja chica estos recursos deben ser canalizados e implementado  material utilizado las comidas podría ser en fondo general si tuviesen invitados en una sesión extendida, tener un piso por persona. (No comprar lujos)
Esperemos ver otras facturas de diferentes bancadas.
Y apoyo toda fiscalización",0,nesecitar fondo cajar chico recurso canalizar implementar material utilizado comida fondo general invitado sesión extendido piso persona comprar lujo esperar factura bancada apoyo fiscalización,321,24,True,NEU,0.04967156797647476,0.08842366188764572,0.8619047999382019,-0.03875209391117096,0.8619047999382019,1–2
j43HgwYFKfk,UgxJQfg5iHA6vRWS0El4AaABAg,La cooptación de Walter Mazariegos en la USAC,Quorum,UCE4rsXcgDb6e1-a9iTbWzfg,@HectorCarranza-u4j4o,UC1DpqK6vaPEkBOMNvypsKYg,se tiene unir el pueblo y zacar a este corrupto y.criminal xq el pueblo manda no es este mafioso xq este wualter masariego esta sin visa x tramposo es aliado al.pacto de.corruptos y.fe todos los terriristas,@quorumgt/videos,channel,quorum_complete_comments.csv | youtube_guatemala_plus_comments.csv,@HectorCarranza-u4j4o,hace 6 meses, ,0,False,,,True,0,se tiene unir el pueblo y zacar a este corrupto y.criminal xq el pueblo manda no es este mafioso xq este wualter masariego esta sin visa x tramposo es aliado al.pacto de.corruptos y.fe todos los terriristas,0,unir pueblo zacar corrupto criminal pueblo manda mafioso wualter masariego visa tramposo aliar pacto corrupto fir terrirista,206,17,True,NEG,0.01346659753471613,0.9249417781829834,0.06159156560897827,-0.9114751806482673,0.9249417781829834,0
ndAZjHqzzT8,UgxK5IJwWigmJ56Xp7p4AaABAg,Internet: escoger el menos malo,Quorum,UCE4rsXcgDb6e1-a9iTbWzfg,@inge_vergueta,UCpsKOkt5iWTbenzeuq7dsmQ,Magistral información. Que debería ser viral y llegar a toda la población...,@quorumgt/videos,channel,quorum_complete_comments.csv | youtube_guatemala_plus_comments.csv,@inge_vergueta,hace 2 años,1,0,False,,1,False,1,Magistral información. Que debería ser viral y llegar a toda la población...,0,magistral información deber viral llegar población,76,6,True,POS,0.7389490604400635,0.03116094134747982,0.22989003360271454,0.7077881190925837,0.7389490604400635,1–2
n8iP75gIpmw,UgxKfM_nJMsGTkKkM8V4AaABAg,Qué rico come tu diputado,Quorum,UCE4rsXcgDb6e1-a9iTbWzfg,@luisgpacheco5858,UCDftMWXQoJ6nONfY7GVOVjg,"Diga hasta misa diputado hambriento, cualquier justificación es pretexto y deje de buscar protagonismo en un trabajo que no hace eficientemente, ojalá la gente sensata nunca más vuelva a dar un voto en una planilla en donde figuren tipos de esta vil calaña.",@quorumgt/videos,channel,quorum_complete_comments.csv | youtube_guatemala_plus_comments.csv,@luisgpacheco5858,hace 2 años, ,0,False,,,True,0,"Diga hasta misa diputado hambriento, cualquier justificación es pretexto y deje de buscar protagonismo en un trabajo que no hace eficientemente, ojalá la gente sensata nunca más vuelva a dar un voto en una planilla en donde figuren tipos de esta vil calaña.",0,misa diputado hambriento justificación pretexto deje buscar protagonismo trabajo eficientemente ojalá gente sensato volver voto planilla figurir tipo vil calaño,257,20,True,NEG,0.00559169240295887,0.9731692671775818,0.021239029243588448,-0.9675775747746229,0.9731692671775818,0
n8iP75gIpmw,UgxLNf6Xy3xngPFLs594AaABAg,Qué rico come tu diputado,Quorum,UCE4rsXcgDb6e1-a9iTbWzfg,@beneficioelcaminovillacana8540,UCYwpX26TrCxq8TvbKGRYLXA,Sr diputado si ud sabe cuales son las condiciones del funcionamiento y sus consecuencias de ser diputado. Por qué se mete a ser diputado cual es su objetivo q le motiva  ser funcionario político. O acaso lo obligaron ?,@quorumgt/videos,channel,quorum_complete_comments.csv | youtube_guatemala_plus_comments.csv,@beneficioelcaminovillacana8540,hace 2 años,3,0,False,,3,False,3,Sr diputado si ud sabe cuales son las condiciones del funcionamiento y sus consecuencias de ser diputado. Por qué se mete a ser diputado cual es su objetivo q le motiva  ser funcionario político. O acaso lo obligaron ?,0,diputado condición funcionamiento consecuencia diputado meter diputado objetivo motivar funcionario político acaso obligar,218,13,True,NEG,0.0061120237223804,0.8505210280418396,0.1433669775724411,-0.8444090043194592,0.8505210280418396,3–10
n8iP75gIpmw,UgxLSZD8ZrNFmd10RKR4AaABAg,Qué rico come tu diputado,Quorum,UCE4rsXcgDb6e1-a9iTbWzfg,@gorrarota,UCUIIIPTVDVHAXqhC_5V6lPA,"Que desgraciado ese dipurrata, justificando lo injustificable... no sólo se reunen para planear sus transas si no que además pagamos la factura de esas reuniones y cuidado que menciona a Arévago con una de las transas que pretende hacer con lo de ""tecnología"" que dice es su trabajo como legislador.",@quorumgt/videos,channel,quorum_complete_comments.csv | youtube_guatemala_plus_comments.csv,@gorrarota,hace 2 años, ,0,False,,,True,0,"Que desgraciado ese dipurrata, justificando lo injustificable... no sólo se reunen para planear sus transas si no que además pagamos la factura de esas reuniones y cuidado que menciona a Arévago con una de las transas que pretende hacer con lo de ""tecnología"" que dice es su trabajo como legislador.",0,desgraciar dipurrata justificar injustificable reunir planear transa pagar factura reunión cuidado mencionar arévago transa pretender tecnología trabajo legislador,299,18,True,NEG,0.004995712079107761,0.9717497229576111,0.02325458638370037,-0.9667540108785033,0.9717497229576111,0
6W4u8sGEnGM,UgxNSGVebHMGSFI8zX94AaABAg,Inician los trabajos de recuperación del Puente Belice II.,Gobierno de la República de Guatemala,UC-ZtFBHzgkYFh7whZkuR_Ag,@josegil3813,UCzZ6dDCEsLMXbc5pCFXIprw,"tendra' una vista maravillosa , pero lo feo sera' la vista del rio aguas negras muy negativo para el turismo internacional.-",Gobierno de la República de Guatemala,topic,youtube_guatemala_plus_comments.csv | youtube_lab_targets_small_comments.csv,@josegil3813,hace 6 días, ,0,False,,,True,0,"tendra' una vista maravillosa , pero lo feo sera' la vista del rio aguas negras muy negativo para el turismo internacional.-",0,tendrar vista maravilloso feo vista río agua negro negativo turismo internacional,124,11,True,NEG,0.01830347627401352,0.8930359482765198,0.08866060525178909,-0.8747324720025063,0.8930359482765198,0
PjmxCj-a9Hg,UgxNgFkGSE6nct4PF3V4AaABAg,Conferencia de Prensa del Gobierno de Guatemala. #LaRondaGt,Gobierno de la República de Guatemala,UC-ZtFBHzgkYFh7whZkuR_Ag,@juandeleon9060,UCNIeXbV_mEwpa412h1aqUWw,Regresa. Y. Bas de buelta. Ala carsel....,@GobiernodeGuatemala,topic,PjmxCj-a9Hg_out_comments.csv | youtube_guatemala_plus_comments.csv,@juandeleon9060,hace 1 año, ,0,False,,,True,0,Regresa. Y. Bas de buelta. Ala carsel....,0,regresar bas buelta ala carsel,41,5,True,NEU,0.12756027281284332,0.1262689232826233,0.746170699596405,0.0012913495302200317,0.746170699596405,0
ndAZjHqzzT8,UgxOO0LIkZP1WvhR1U54AaABAg,Internet: escoger el menos malo,Quorum,UCE4rsXcgDb6e1-a9iTbWzfg,@imrcp5694,UC_6KbBY1bsYXz9fwFS0eQRg,Exelente 👌,@quorumgt/videos,channel,quorum_complete_comments.csv | youtube_guatemala_plus_comments.csv,@imrcp5694,hace 2 años, ,0,False,,,True,0,Exelente 👌,1,exelente,10,1,True,POS,0.9513741135597229,0.005033500492572784,0.043592412024736404,0.9463406130671501,0.9513741135597229,0
6W4u8sGEnGM,UgxPHo503SIH-EmlR-t4AaABAg,Inician los trabajos de recuperación del Puente Belice II.,Gobierno de la República de Guatemala,UC-ZtFBHzgkYFh7whZkuR_Ag,@albertoshernandez5251,UCV3fr-YOixFKCZBbJP1-X4w,"EL PRESIDENTE BERNARDO AREVALO TIENE QUE DAR SEGUNDA BUELTA COMO PRESIDENTE PARA QUE TERMINE TODOS LOS PROYECTOS QUE LOS ANTERIORES PRESINTES LADRONES NO FINALISARON .,EL PRESIDENTE BERNARDO AREVALO TIENE QUE DAR SEGUNDA BUELTA PORQUE SE VE MUY BIÉN QUE SI ESTA HACIENDO MUCHAS COSAS BUENAS EN GUATEMALA 👍.",Gobierno de la República de Guatemala,topic,youtube_guatemala_plus_comments.csv | youtube_lab_targets_small_comments.csv,@albertoshernandez5251,hace 6 días,2,0,False,,2,False,2,"EL PRESIDENTE BERNARDO AREVALO TIENE QUE DAR SEGUNDA BUELTA COMO PRESIDENTE PARA QUE TERMINE TODOS LOS PROYECTOS QUE LOS ANTERIORES PRESINTES LADRONES NO FINALISARON .,EL PRESIDENTE BERNARDO AREVALO TIENE QUE DAR SEGUNDA BUELTA PORQUE SE VE MUY BIÉN QUE SI ESTA HACIENDO MUCHAS COSAS BUENAS EN GUATEMALA 👍.",1,presidente bernardo arévalo buelta presidente terminar proyecto presint ladrón finalisar presidente bernardo arévalo buelta guatemala,306,15,True,POS,0.7971941232681274,0.03246060013771057,0.17034529149532318,0.7647335231304169,0.7971941232681274,1–2
n8iP75gIpmw,UgxPRaGm9MdlK4U6VPt4AaABAg,Qué rico come tu diputado,Quorum,UCE4rsXcgDb6e1-a9iTbWzfg,@federicosaquimux1933,UCDQaQv0hr2SS_PO-CMEwVHg,"Bueno, si lo tienen más que ""merecido"" por el trabajo por la patria, hay menús más baratos. Aunque lo justifica y lo rejustifica, no es merecido con tanta desnutrición y costo de la canasta básica.

Por honestidad, se puede reintegrar.",@quorumgt/videos,channel,quorum_complete_comments.csv | youtube_guatemala_plus_comments.csv,@federicosaquimux1933,hace 2 años (editado),1,0,False,,1,False,1,"Bueno, si lo tienen más que ""merecido"" por el trabajo por la patria, hay menús más baratos. Aunque lo justifica y lo rejustifica, no es merecido con tanta desnutrición y costo de la canasta básica.

Por honestidad, se puede reintegrar.",0,merecer trabajo patria menú barato justificar rejustifica merecer desnutrición costo canasta básico honestidad reintegrar,235,14,True,NEG,0.04412141814827919,0.6716203093528748,0.28425833582878113,-0.6274988912045956,0.6716203093528748,1–2
yLZS3JiEBg8,UgxQC-ejR063rkAb1VB4AaABAg,Arroz con pollo a la MONOPOLIO,Quorum,UCE4rsXcgDb6e1-a9iTbWzfg,@jabriz8152,UCefAH1MbvADWUjE9WVcB9EQ,"Y no hay manera de aprobar la ley de libre competencia, Guatepeor, aranceles, trabas a importaciones, suministros, hasta cuando",@quorumgt/videos,channel,quorum_complete_comments.csv | youtube_guatemala_plus_comments.csv,@jabriz8152,hace 2 años (editado), ,0,False,,,True,0,"Y no hay manera de aprobar la ley de libre competencia, Guatepeor, aranceles, trabas a importaciones, suministros, hasta cuando",0,aprobar ley libre competencia guatepeor arancel traba importación suministro,127,9,True,NEG,0.0028330020140856504,0.9801211357116699,0.017045868560671806,-0.9772881336975843,0.9801211357116699,0
n8iP75gIpmw,UgxR0AXNH_3DGn-T1494AaABAg,Qué rico come tu diputado,Quorum,UCE4rsXcgDb6e1-a9iTbWzfg,@osmanmorales3012,UC72gBAtyb_VXQlYDcFrh6oQ,Y para que participan si por el sueldo no es sino por robar,@quorumgt/videos,channel,quorum_complete_comments.csv | youtube_guatemala_plus_comments.csv,@osmanmorales3012,hace 2 años,15,0,False,,15,False,15,Y para que participan si por el sueldo no es sino por robar,0,participar sueldo robar,59,3,True,NEG,0.012759520672261715,0.7736867666244507,0.21355372667312622,-0.760927245952189,0.7736867666244507,11–50
6W4u8sGEnGM,UgxR1eqvFSEtPNShD8x4AaABAg,Inician los trabajos de recuperación del Puente Belice II.,Gobierno de la República de Guatemala,UC-ZtFBHzgkYFh7whZkuR_Ag,@anibalg47,UCEHXl4VvvVpq-_4xC5tsbhg,SEÑORES ESTE ES UN MEGA PROYECTO. DEBEMOS TRABAJAR Y PENSAR EN EL FUTURO DE GUATEMALA.AVANCEMOS HACIA ADELANTE.  DELANTE...,Gobierno de la República de Guatemala,topic,youtube_guatemala_plus_comments.csv | youtube_lab_targets_small_comments.csv,@anibalg47,hace 6 días,7,0,False,,7,False,7,SEÑORES ESTE ES UN MEGA PROYECTO. DEBEMOS TRABAJAR Y PENSAR EN EL FUTURO DE GUATEMALA.AVANCEMOS HACIA ADELANTE.  DELANTE...,0,señor mega proyecto deber trabajar pensar futuro guatemala avancemo,123,9,True,POS,0.7659199237823486,0.022129319608211517,0.21195068955421448,0.7437906041741371,0.7659199237823486,3–10
6W4u8sGEnGM,UgxS0pN-vg0fjeNSLeJ4AaABAg,Inician los trabajos de recuperación del Puente Belice II.,Gobierno de la República de Guatemala,UC-ZtFBHzgkYFh7whZkuR_Ag,@franciscojuarez9223,UCeQk-WfEA-cJRq4EKeE7TOw,lamento arruinarles la fiesta pero dudo que esto logren materializarlo y si se logra que soporte un fuerte sismo... lo dudo... desde ya es un reto para el nivel de corrupción en el que vivimos y que se termine esta obra que si beneficiara a miles,Gobierno de la República de Guatemala,topic,youtube_guatemala_plus_comments.csv | youtube_lab_targets_small_comments.csv,@franciscojuarez9223,hace 6 días, ,0,False,,,True,0,lamento arruinarles la fiesta pero dudo que esto logren materializarlo y si se logra que soporte un fuerte sismo... lo dudo... desde ya es un reto para el nivel de corrupción en el que vivimos y que se termine esta obra que si beneficiara a miles,0,lamento arruinarl fiesta dudo lograr materializar lograr soporte fuerte sismo dudo reto nivel corrupción vivir terminar obra beneficiar mil,246,19,True,NEG,0.00424661161378026,0.970958411693573,0.02479485794901848,-0.9667118000797927,0.970958411693573,0
n8iP75gIpmw,UgxTjz0jSJkZW5dGnSp4AaABAg,Qué rico come tu diputado,Quorum,UCE4rsXcgDb6e1-a9iTbWzfg,@ARGELIATELON,UCkd9W714-947dEE6ZOEBATA,"Nomás se sientan en el cargo de diputados y ministros y....les crecen ""los cachetes"" hasta les brillan y la barriga. Ej. Benito (tamaletas), Sinibaldi y otros. Y nuestros niños desnutridos....les viene del aire.",@quorumgt/videos,channel,quorum_complete_comments.csv | youtube_guatemala_plus_comments.csv,@ARGELIATELON,hace 2 años, ,0,False,,,True,0,"Nomás se sientan en el cargo de diputados y ministros y....les crecen ""los cachetes"" hasta les brillan y la barriga. Ej. Benito (tamaletas), Sinibaldi y otros. Y nuestros niños desnutridos....les viene del aire.",0,nomás sentar cargo diputado ministro crecer cachet brillan barriga benito tamaleta sinibaldi niño desnutrido venir aire,211,16,True,NEG,0.0057358392514288425,0.9631775617599487,0.031086590141057968,-0.9574417225085199,0.9631775617599487,0
n8iP75gIpmw,UgxVUS-jkZU2DAjmNjR4AaABAg,Qué rico come tu diputado,Quorum,UCE4rsXcgDb6e1-a9iTbWzfg,@hectorcarranza3777,UCljDbleJul41G1TzOjOZAVA,x eso es que estan bravos todos esos sinverguenzas xq ya no pueden hacer sus cochinadas ahora con don vernardo arevalo antes asian amedia noche a escondidas del pueblo ahora seles termino todo que verguenza que el pueblo sufriendo muchos problemas y eyos gosando de buenas dietas,@quorumgt/videos,channel,quorum_complete_comments.csv | youtube_guatemala_plus_comments.csv,@hectorcarranza3777,hace 2 años,1,0,False,,1,False,1,x eso es que estan bravos todos esos sinverguenzas xq ya no pueden hacer sus cochinadas ahora con don vernardo arevalo antes asian amedia noche a escondidas del pueblo ahora seles termino todo que verguenza que el pueblo sufriendo muchos problemas y eyos gosando de buenas dietas,0,bravo sinverguenza cochinada don vernardo arévalo asiar amediar noche escondidas pueblo sel termino verguenzar pueblo sufrir problema eyo gosar dieta,279,20,True,NEG,0.004060451406985521,0.9683577418327332,0.027581792324781418,-0.9642972904257476,0.9683577418327332,1–2
j43HgwYFKfk,UgxW0ZnTohConSPgOpp4AaABAg,La cooptación de Walter Mazariegos en la USAC,Quorum,UCE4rsXcgDb6e1-a9iTbWzfg,@karensussetteleonvargas9794,UCGGHbtfbbe0o68etrOf0qxw,Exelente,@quorumgt/videos,channel,quorum_complete_comments.csv | youtube_guatemala_plus_comments.csv,@karensussetteleonvargas9794,hace 6 meses, ,0,False,,,True,0,Exelente,0,exelente,8,1,True,POS,0.944557785987854,0.007246185559779406,0.04819609597325325,0.9373116004280746,0.944557785987854,0
OkXlHx0hx-8,UgxWzoHDeFfVC7jrjzF4AaABAg,EE.UU. envía a mexicanos deportados a Guatemala antes de su regreso a México | Noticias Telemundo,Noticias Telemundo,UCRwA1NUcUnwsly35ikGhp0A,@aurahernandez5646,UCVdjCrh4tQoX3haNAZv-n5A,Dios los bendiga y disfruten su familia Dios sabe lo que hace bendiciones para todos.,guatemala noticias,topic,youtube_guatemala_comments.csv | youtube_guatemala_plus_comments.csv,@aurahernandez5646,hace 1 día,3,1,False,,3,False,3,Dios los bendiga y disfruten su familia Dios sabe lo que hace bendiciones para todos.,0,bendiga disfrutir familia bendición,85,4,True,POS,0.9514159560203552,0.004176653455942869,0.04440734162926674,0.9472393025644124,0.9514159560203552,3–10
OkXlHx0hx-8,UgxWzoHDeFfVC7jrjzF4AaABAg.Aa9DdH5avRRAaB_gLYRAuw,EE.UU. envía a mexicanos deportados a Guatemala antes de su regreso a México | Noticias Telemundo,Noticias Telemundo,UCRwA1NUcUnwsly35ikGhp0A,@eugeneramirez4405,UCi2KiZq63sRq8Mfbcp-MelQ,If you're not a citizen you cannot stay!,guatemala noticias,topic,youtube_guatemala_comments.csv | youtube_guatemala_plus_comments.csv,@eugeneramirez4405,hace 20 horas, ,0,False,,,True,0,If you're not a citizen you cannot stay!,0,you not citizen you cannot stay,40,6,True,NEG,0.06432119011878967,0.6682215332984924,0.2674572169780731,-0.6039003431797028,0.6682215332984924,0
j43HgwYFKfk,UgxXGkvxY-TdtPROWcV4AaABAg,La cooptación de Walter Mazariegos en la USAC,Quorum,UCE4rsXcgDb6e1-a9iTbWzfg,@mariocordon8873,UCZeIIQrGAedW8tCbKWmGY-A,No cabe duda que es el reflejo de la cooptacion que el pacto de corruptos a echo en todas las instituciones del pais.,@quorumgt,topic,j43HgwYFKfk_out_comments.csv | quorum_complete_comments.csv | youtube_guatemala_plus_comments.csv,@mariocordon8873,hace 1 año,9,0,False,,9,False,9,No cabe duda que es el reflejo de la cooptacion que el pacto de corruptos a echo en todas las instituciones del pais.,0,caber duda reflejo cooptación pacto corrupto echo institución,117,8,True,NEG,0.011030553840100765,0.9457165598869324,0.043252866715192795,-0.9346860060468316,0.9457165598869324,3–10
ndAZjHqzzT8,UgxXy9CurqMBEjFnVwF4AaABAg,Internet: escoger el menos malo,Quorum,UCE4rsXcgDb6e1-a9iTbWzfg,@hashojea7348,UCvcu1kR8xMYy_I1Ty-2mV2Q,"Excelente video, me acabo de suscribir al canal y ahora a ver los demás videos.",@quorumgt/videos,channel,quorum_complete_comments.csv | youtube_guatemala_plus_comments.csv,@hashojea7348,hace 2 años, ,0,False,,,True,0,"Excelente video, me acabo de suscribir al canal y ahora a ver los demás videos.",0,excelente video acabar suscribir canal video,79,6,True,POS,0.9603642821311951,0.0027395954821258783,0.03689614683389664,0.9576246866490692,0.9603642821311951,0
n8iP75gIpmw,UgxZFzh6jzOX7Avhk1h4AaABAg,Qué rico come tu diputado,Quorum,UCE4rsXcgDb6e1-a9iTbWzfg,@allanmunoz7410,UCFUuDARXdmmIrLppEqf-rFg,"Es con criterio, no le podemos exigir mucho.",@quorumgt/videos,channel,quorum_complete_comments.csv | youtube_guatemala_plus_comments.csv,@allanmunoz7410,hace 2 años, ,0,False,,,True,0,"Es con criterio, no le podemos exigir mucho.",0,criterio exigir,44,2,True,NEU,0.08256199210882187,0.3446090519428253,0.5728289484977722,-0.26204705983400345,0.5728289484977722,0
yLZS3JiEBg8,Ugx_gjcVH5SlIKBNTGh4AaABAg,Arroz con pollo a la MONOPOLIO,Quorum,UCE4rsXcgDb6e1-a9iTbWzfg,@alhvi,UCCUmP4PlbwgikVFpYwbtRTg,"Excelente trabajo. Sigan haciendo más vídeos así, explicando con lenguaje sencillo. Quisiera apoyarles más, pero les dejo mi like, comentario y comparto.",@quorumgt/videos,channel,quorum_complete_comments.csv | youtube_guatemala_plus_comments.csv,@alhvi,hace 2 años,3,0,False,,3,False,3,"Excelente trabajo. Sigan haciendo más vídeos así, explicando con lenguaje sencillo. Quisiera apoyarles más, pero les dejo mi like, comentario y comparto.",0,excelente trabajo seguir video explicar lenguaje sencillo apoyarl dejar like comentario comparto,153,12,True,POS,0.9245619773864746,0.004576226230710745,0.0708618238568306,0.9199857511557639,0.9245619773864746,3–10
06mFNPU0aB8,Ugxb-sknzjBr3wecCw94AaABAg,Capturan a presuntos delincuentes disfrazados de mujer señalados de cometer asalto,Noti7,UCVpSRoZgngfSL03Nlbjtq9A,@MariaSantos-c8y3h,UCfXykdbSU97rj987LDUGfvg,Por q no dan la cara,guatemala noticias,topic,youtube_guatemala_comments.csv | youtube_guatemala_plus_comments.csv,@MariaSantos-c8y3h,hace 2 semanas,1,0,False,,1,False,1,Por q no dan la cara,0,cara,20,1,True,NEG,0.008299879729747772,0.926661491394043,0.06503856927156448,-0.9183616116642952,0.926661491394043,1–2
j43HgwYFKfk,Ugxb1xcC9SSJ_5vSArF4AaABAg,La cooptación de Walter Mazariegos en la USAC,Quorum,UCE4rsXcgDb6e1-a9iTbWzfg,@davidlima1348,UC4Avya4kmR4Q0FrfFdBozSQ,"Urge estudiantes y catedráticos con lucha social,en recuperar la autonomía universitaria,es urgente fiscalizar los bienes de quienes estuvieron apoyando a este rector,revisar viajesitos a muchos estudiantes que se vendieron urge una A.E.U. que ame la sancarlos y nuestro bendito país,urgente fiscalizarlos",@quorumgt,topic,j43HgwYFKfk_out_comments.csv | quorum_complete_comments.csv | youtube_guatemala_plus_comments.csv,@davidlima1348,hace 1 año,11,0,False,,11,False,11,"Urge estudiantes y catedráticos con lucha social,en recuperar la autonomía universitaria,es urgente fiscalizar los bienes de quienes estuvieron apoyando a este rector,revisar viajesitos a muchos estudiantes que se vendieron urge una A.E.U. que ame la sancarlos y nuestro bendito país,urgente fiscalizarlos",0,urge estudiante catedrático lucha social recuperar autonomía universitario urgente fiscalizar apoyar rector revisar viajesito estudiante vendar urge amir sancar bendito urgente fiscalizar,305,22,True,NEU,0.13875074684619904,0.3630000054836273,0.49824923276901245,-0.22424925863742828,0.49824923276901245,11–50
n8iP75gIpmw,Ugxbz7-04jLwadBMK_p4AaABAg,Qué rico come tu diputado,Quorum,UCE4rsXcgDb6e1-a9iTbWzfg,@carlosaguilar-kz7ml,UChep9kVb5gQmpodEEl10Xlg,2000 quetzales todo una quincena se hartaron en un solo dia. Que joyitas estas que no piensan en el pueblo.,@quorumgt/videos,channel,quorum_complete_comments.csv | youtube_guatemala_plus_comments.csv,@carlosaguilar-kz7ml,hace 2 años, ,0,False,,,True,0,2000 quetzales todo una quincena se hartaron en un solo dia. Que joyitas estas que no piensan en el pueblo.,0,quetza quincena hartar joyita pensar pueblo,107,6,True,NEG,0.00883958674967289,0.9538968205451965,0.03726349398493767,-0.9450572337955236,0.9538968205451965,0
6W4u8sGEnGM,UgxcBa2IQb3I0JZcFax4AaABAg,Inician los trabajos de recuperación del Puente Belice II.,Gobierno de la República de Guatemala,UC-ZtFBHzgkYFh7whZkuR_Ag,@AlejandroPérez-b6r,UCtsxPYw8VUsH_FfnKg-0lmw,Lo del nombre es lo de menos ojala que si lo terminen esta vez,Gobierno de la República de Guatemala,topic,youtube_guatemala_plus_comments.csv | youtube_lab_targets_small_comments.csv,@AlejandroPérez-b6r,hace 6 días,2,0,False,,2,False,2,Lo del nombre es lo de menos ojala que si lo terminen esta vez,0,nombre ojalá terminir,62,3,True,NEU,0.048164691776037216,0.45334094762802124,0.49849435687065125,-0.405176255851984,0.49849435687065125,1–2
n8iP75gIpmw,UgxcGV8-rD83ACvM0954AaABAg,Qué rico come tu diputado,Quorum,UCE4rsXcgDb6e1-a9iTbWzfg,@ronyarana8849,UCRlCV9zSn7avAWh-9_XFWqQ,"No es un buen salario 25,000.00 quetzales dice entonces q puedo hacer yo con 3,000.00 tristes quetzales",@quorumgt/videos,channel,quorum_complete_comments.csv | youtube_guatemala_plus_comments.csv,@ronyarana8849,hace 2 años,1,0,False,,1,False,1,"No es un buen salario 25,000.00 quetzales dice entonces q puedo hacer yo con 3,000.00 tristes quetzales",0,salario quetzales trist quetzal,103,4,True,NEG,0.009575110860168934,0.8563533425331116,0.13407154381275177,-0.8467782316729426,0.8563533425331116,1–2
n8iP75gIpmw,UgxctiUZJriWwsE0a6J4AaABAg,Qué rico come tu diputado,Quorum,UCE4rsXcgDb6e1-a9iTbWzfg,@yeniferaguirre4498,UCut6b9S98nv84cVX89PmKzA,Échale un cuento completo este diputado y toda la bola de inservibles que fueron a comerse dinero del pueblo hasta sanguijuelas Oiga bien Dice que Cómo en el erario público y el gobierno como empresa donde una empresa produce dinero ellos gastan dinero desde una empresa no le da un bocado de comida a nadie si no produce ellos no producen ellos son los gastan,@quorumgt/videos,channel,quorum_complete_comments.csv | youtube_guatemala_plus_comments.csv,@yeniferaguirre4498,hace 2 años, ,0,False,,,True,0,Échale un cuento completo este diputado y toda la bola de inservibles que fueron a comerse dinero del pueblo hasta sanguijuelas Oiga bien Dice que Cómo en el erario público y el gobierno como empresa donde una empresa produce dinero ellos gastan dinero desde una empresa no le da un bocado de comida a nadie si no produce ellos no producen ellos son los gastan,0,échalir cuento completo diputado bola inservibl comer dinero pueblo sanguijuela oigar erario público gobierno empresa empresa producir dinero gastar dinero empresa bocado comida producir producir gastar,360,26,True,NEG,0.00579071743413806,0.9674016833305359,0.026807643473148346,-0.9616109658963978,0.9674016833305359,0
6W4u8sGEnGM,Ugxd8fn-MEnc3SKPtid4AaABAg,Inician los trabajos de recuperación del Puente Belice II.,Gobierno de la República de Guatemala,UC-ZtFBHzgkYFh7whZkuR_Ag,@lara11roberto,UCfo_yUPzy1f1POwwZxhZ06Q,"Otto Pérez Leal dejó tirado un paso a desnivel en Molino Las Flores y Neto Bran ni se ha molestado en retomar. 
Hay diferencias de políticos. Arévalo, el tiempo le dará la razón.
La paciencia es una virtud.",Gobierno de la República de Guatemala,topic,youtube_guatemala_plus_comments.csv | youtube_lab_targets_small_comments.csv,@lara11roberto,hace 6 días,1,0,False,,1,False,1,"Otto Pérez Leal dejó tirado un paso a desnivel en Molino Las Flores y Neto Bran ni se ha molestado en retomar. 
Hay diferencias de políticos. Arévalo, el tiempo le dará la razón.
La paciencia es una virtud.",0,otto pérez leal tirado paso desnivel molino flor neto brar molestar retomar diferencia político arévalo tiempo razón paciencia virtud,206,19,True,NEG,0.05800214409828186,0.6604188084602356,0.2815791070461273,-0.6024166643619537,0.6604188084602356,1–2
6W4u8sGEnGM,UgxdfjiT5_VBaeADj7h4AaABAg,Inician los trabajos de recuperación del Puente Belice II.,Gobierno de la República de Guatemala,UC-ZtFBHzgkYFh7whZkuR_Ag,@albertoshernandez5251,UCV3fr-YOixFKCZBbJP1-X4w,TODO EL APOYO PARA EL PRESIDENTE BERNARDO AREVALO 👏🎉👏🎉👏🎉👏,Gobierno de la República de Guatemala,topic,youtube_guatemala_plus_comments.csv | youtube_lab_targets_small_comments.csv,@albertoshernandez5251,hace 6 días,4,0,False,,4,False,4,TODO EL APOYO PARA EL PRESIDENTE BERNARDO AREVALO 👏🎉👏🎉👏🎉👏,7,apoyo presidente bernardo arévalo,57,4,True,NEU,0.3870060443878174,0.07937842607498169,0.5336155891418457,0.3076276183128357,0.5336155891418457,3–10
n8iP75gIpmw,Ugxe0MXeW4ziwUMTfF54AaABAg,Qué rico come tu diputado,Quorum,UCE4rsXcgDb6e1-a9iTbWzfg,@edwingeovanymarroquinmarro6684,UCTylKrsqkrBKIqubMu_5N0Q,Jejejejejkee porque nosotros vivos con el minimo jejeje,@quorumgt/videos,channel,quorum_complete_comments.csv | youtube_guatemala_plus_comments.csv,@edwingeovanymarroquinmarro6684,hace 2 años,1,0,False,,1,False,1,Jejejejejkee porque nosotros vivos con el minimo jejeje,0,jejejejejkee vivo mínimo jejeje,55,4,True,NEU,0.13839834928512573,0.0698179081082344,0.7917836904525757,0.06858044117689133,0.7917836904525757,1–2
j43HgwYFKfk,UgxeJQgzDc124jVv7Fx4AaABAg,La cooptación de Walter Mazariegos en la USAC,Quorum,UCE4rsXcgDb6e1-a9iTbWzfg,@leonelsantizo5281,UC5hvEnRUzI4Kfvwnyi4QxqQ,Más claro imposible! Usac sigan en su lucha! Mientras comparto su video para que más personas se informen,@quorumgt,topic,j43HgwYFKfk_out_comments.csv | quorum_complete_comments.csv | youtube_guatemala_plus_comments.csv,@leonelsantizo5281,hace 1 año,2,0,False,,2,False,2,Más claro imposible! Usac sigan en su lucha! Mientras comparto su video para que más personas se informen,0,imposible usac seguir lucha compartir video persona informar,105,8,True,POS,0.7412018179893494,0.013987305574119091,0.24481083452701569,0.7272145124152303,0.7412018179893494,1–2
WIUZtitfLRw,Ugxf6gnAtXKqV1Q_zRd4AaABAg,Caminar en una ciudad hecha para carros,Quorum,UCE4rsXcgDb6e1-a9iTbWzfg,@blogarteplus,UCVhif9eV0f8plICen2DnpKA,"Excelente reportaje. Les comparto algo que escribí en mi blog sobre mi experiencia siendo peatón en la cabecera departamental de Jutiapa, acá en Guatemala. 
https://mrmannoticias.blogspot.com/2018/04/el-indomito-peaton-de-jutiapa.html",@quorumgt/videos,channel,quorum_complete_comments.csv | youtube_guatemala_plus_comments.csv,@blogarteplus,hace 1 año, ,0,False,,,True,0,"Excelente reportaje. Les comparto algo que escribí en mi blog sobre mi experiencia siendo peatón en la cabecera departamental de Jutiapa, acá en Guatemala. 
https://mrmannoticias.blogspot.com/2018/04/el-indomito-peaton-de-jutiapa.html",0,excelente reportaje compartir escribir blog experiencia peatón cabecera departamental jutiapa guatemala,234,11,True,NEU,0.3732507526874542,0.07347354292869568,0.5532756447792053,0.29977720975875854,0.5532756447792053,0
n8iP75gIpmw,UgxfUxJfY_pjvu9318Z4AaABAg,Qué rico come tu diputado,Quorum,UCE4rsXcgDb6e1-a9iTbWzfg,@JoseSimilox-p6e,UC1vr9aaMI2crB0NvwFHUeoQ,Ese diputado es mañoso y abusivo como todos solo de artar no hacen nada bueno por el pueblo ladrones el pueblo le paga de Ai tiene que pagar su almuerzo,@quorumgt/videos,channel,quorum_complete_comments.csv | youtube_guatemala_plus_comments.csv,@JoseSimilox-p6e,hace 1 año, ,0,False,,,True,0,Ese diputado es mañoso y abusivo como todos solo de artar no hacen nada bueno por el pueblo ladrones el pueblo le paga de Ai tiene que pagar su almuerzo,0,diputado mañoso abusivo artar pueblo ladronser pueblo pagar pagar almuerzo,152,10,True,NEG,0.005265160463750362,0.97584468126297,0.01889004185795784,-0.9705795207992196,0.97584468126297,0
n8iP75gIpmw,UgxfnbtuhVQuDILnXj14AaABAg,Qué rico come tu diputado,Quorum,UCE4rsXcgDb6e1-a9iTbWzfg,@ArielRodas-g5y,UCEgEQmRbtL5fwr9_DqAC--g,Que no justifique. Trabajo es trabajo y tiene que haser algo,@quorumgt/videos,channel,quorum_complete_comments.csv | youtube_guatemala_plus_comments.csv,@ArielRodas-g5y,hace 2 años,2,0,False,,2,False,2,Que no justifique. Trabajo es trabajo y tiene que haser algo,0,justifique trabajo trabajo haser,60,4,True,NEU,0.12434683740139008,0.17079691588878632,0.7048562169075012,-0.04645007848739624,0.7048562169075012,1–2
lj983NWyAQY,Ugxgxziq7k4s9WwmauB4AaABAg,Plan 2032 Ciudad de Guatemala,Municipalidad de Guatemala,UCXa6LVjBzUtmcM3cwbd9e2w,@jeanmorales1677,UCIUhbSCy3-SGRe5UtqM4fzQ,Es problema es el exceso de vehículos y eso nadie lo podrá resolver sin contar la falta de educación vial que genera bastante tráfico ya q todos quieren pasar al mismo tiempo. Pero son buenos proyectos.,Municipalidad de Guatemala,topic,lj983NWyAQY_out_comments.csv | youtube_guatemala_plus_comments.csv,@jeanmorales1677,hace 4 años,1,0,False,,1,False,1,Es problema es el exceso de vehículos y eso nadie lo podrá resolver sin contar la falta de educación vial que genera bastante tráfico ya q todos quieren pasar al mismo tiempo. Pero son buenos proyectos.,0,problema exceso vehículo resolver contar falta educación vial generar tráfico pasar tiempo proyecto,202,13,True,NEG,0.006929309573024511,0.9381411075592041,0.054929669946432114,-0.9312117979861796,0.9381411075592041,1–2
OkXlHx0hx-8,UgxiEgXuexKPtHEwAQJ4AaABAg,EE.UU. envía a mexicanos deportados a Guatemala antes de su regreso a México | Noticias Telemundo,Noticias Telemundo,UCRwA1NUcUnwsly35ikGhp0A,@jesusguzman2321,UCozFYHN0e_-vlQbX3wQGOug,Esa son la noticia de univision y Telemundo  no dan otra positiva al gobierno  ya lo estamos desenmascarando  su manipulación,guatemala noticias,topic,youtube_guatemala_comments.csv | youtube_guatemala_plus_comments.csv,@jesusguzman2321,hace 1 día,5,2,False,,5,False,5,Esa son la noticia de univision y Telemundo  no dan otra positiva al gobierno  ya lo estamos desenmascarando  su manipulación,0,noticia univision telemundo positiva gobierno desenmascarar manipulación,125,7,True,NEG,0.004924618173390627,0.9598484635353088,0.03522688150405884,-0.9549238453619182,0.9598484635353088,3–10
OkXlHx0hx-8,UgxiEgXuexKPtHEwAQJ4AaABAg.Aa9HLCNywwKAa9OgyseDes,EE.UU. envía a mexicanos deportados a Guatemala antes de su regreso a México | Noticias Telemundo,Noticias Telemundo,UCRwA1NUcUnwsly35ikGhp0A,@Ripped-Yoda,UCQMMuADgqWUOcJpLwHOzC-g,Bajo el crimen y la oferta de casas crecio en Texas…..lastima por tamto ilegal,guatemala noticias,topic,youtube_guatemala_comments.csv | youtube_guatemala_plus_comments.csv,@Ripped-Yoda,hace 1 día, ,0,False,,,True,0,Bajo el crimen y la oferta de casas crecio en Texas…..lastima por tamto ilegal,0,crimen oferta casa crecio texas lastima tamto ilegal,78,8,True,NEG,0.0053039295598864555,0.9323515295982361,0.06234457343816757,-0.9270476000383496,0.9323515295982361,0
OkXlHx0hx-8,UgxiEgXuexKPtHEwAQJ4AaABAg.Aa9HLCNywwKAa9ZeEQh7n7,EE.UU. envía a mexicanos deportados a Guatemala antes de su regreso a México | Noticias Telemundo,Noticias Telemundo,UCRwA1NUcUnwsly35ikGhp0A,@mariaalexander427,UC-QOpE7GOxlXcHZ8b7HbQKA,💯Correcto.  Unicoyote y Telementiras ya jartan con la misma novela y teatro todos los dias.,guatemala noticias,topic,youtube_guatemala_comments.csv | youtube_guatemala_plus_comments.csv,@mariaalexander427,hace 1 día, ,0,False,,,True,0,💯Correcto.  Unicoyote y Telementiras ya jartan con la misma novela y teatro todos los dias.,1,correcto unicoyote telementira jartar novela teatrir,91,6,True,NEG,0.020831076428294182,0.8376865983009338,0.14148229360580444,-0.8168555218726397,0.8376865983009338,0
lj983NWyAQY,Ugxj76_NAyOnh_vsgMV4AaABAg,Plan 2032 Ciudad de Guatemala,Municipalidad de Guatemala,UCXa6LVjBzUtmcM3cwbd9e2w,@sabinamarinaguerra3248,UC0RpuMwkDKJYqgKHtsJRuWQ,Se ve moderna Y bella la ciudad de Guatemala .......Saludos desde Ecuador,Municipalidad de Guatemala,topic,lj983NWyAQY_out_comments.csv | youtube_guatemala_plus_comments.csv,@sabinamarinaguerra3248,hace 7 años,113,1,False,,113,False,113,Se ve moderna Y bella la ciudad de Guatemala .......Saludos desde Ecuador,0,moderno bello ciudad guatemala saludo ecuador,73,6,True,POS,0.9740417003631592,0.0024241351056843996,0.02353411167860031,0.9716175652574748,0.9740417003631592,>50
6W4u8sGEnGM,UgxkcFai5KbeHyhGbnF4AaABAg,Inician los trabajos de recuperación del Puente Belice II.,Gobierno de la República de Guatemala,UC-ZtFBHzgkYFh7whZkuR_Ag,@JorgeMunoz-gd9et,UC-HeUTT6_g-VoiWds2a4H-w,Señor presidente enfoque se en combatir la delincuencia y usted será recordado como el mejor presidente de Guatemala,Gobierno de la República de Guatemala,topic,youtube_guatemala_plus_comments.csv | youtube_lab_targets_small_comments.csv,@JorgeMunoz-gd9et,hace 6 días, ,0,False,,,True,0,Señor presidente enfoque se en combatir la delincuencia y usted será recordado como el mejor presidente de Guatemala,0,señor presidente enfoque combatir delincuencia recordar presidente guatemala,116,8,True,POS,0.5711533427238464,0.12240280956029892,0.30644381046295166,0.4487505331635475,0.5711533427238464,0
n8iP75gIpmw,Ugxl5bLZ1llR9fV0V0l4AaABAg,Qué rico come tu diputado,Quorum,UCE4rsXcgDb6e1-a9iTbWzfg,@alfonsomorales2653,UC2Y_EHWQKevubk4vOEBBFxw,"Demos Like y comentemos en este tipo de contenido, asi mas gente se entera de estos tranzas 
Risa dá que pida que hanlen de lo que ""hace bien""..... Es su trabajo pedazo de M",@quorumgt/videos,channel,quorum_complete_comments.csv | youtube_guatemala_plus_comments.csv,@alfonsomorales2653,hace 2 años,1,0,False,,1,False,1,"Demos Like y comentemos en este tipo de contenido, asi mas gente se entera de estos tranzas 
Risa dá que pida que hanlen de lo que ""hace bien""..... Es su trabajo pedazo de M",0,demo like coment tipo contenido gente entera tranzas risa pedir hanlar trabajo pedazo,173,13,True,NEG,0.02908538468182087,0.8663549423217773,0.1045597717165947,-0.8372695576399565,0.8663549423217773,1–2
j43HgwYFKfk,UgxoLjEjkngSVGZvO1N4AaABAg,La cooptación de Walter Mazariegos en la USAC,Quorum,UCE4rsXcgDb6e1-a9iTbWzfg,@inge_vergueta,UCpsKOkt5iWTbenzeuq7dsmQ,👏👏👏👏👏👏,@quorumgt,topic,j43HgwYFKfk_out_comments.csv | quorum_complete_comments.csv | youtube_guatemala_plus_comments.csv,@inge_vergueta,hace 1 año,2,0,False,,2,False,2,👏👏👏👏👏👏,6,,6,0,False,NEU,0.25388896465301514,0.1744927316904068,0.5716182589530945,0.07939623296260834,0.5716182589530945,1–2
n8iP75gIpmw,Ugxoc10_rBva4f6IW2N4AaABAg,Qué rico come tu diputado,Quorum,UCE4rsXcgDb6e1-a9iTbWzfg,@TeresaLucero-b5o,UCwW2OFy95P7ZBkOPxWkpvYg,Que devuelvan el pisto ...,@quorumgt/videos,channel,quorum_complete_comments.csv | youtube_guatemala_plus_comments.csv,@TeresaLucero-b5o,hace 2 años,1,0,False,,1,False,1,Que devuelvan el pisto ...,0,devolver pisto,26,2,True,NEU,0.08384569734334946,0.23845990002155304,0.6776944398880005,-0.15461420267820358,0.6776944398880005,1–2
yLZS3JiEBg8,UgxovP0Yh3_qrKdrKrp4AaABAg,Arroz con pollo a la MONOPOLIO,Quorum,UCE4rsXcgDb6e1-a9iTbWzfg,@marioramirez299,UCwEe1RKlEv1UpNWmWYfSh4w,"Primera contradicción ¿Cómo le van a poner un conjunto de reglas a un ""libre mercado"". Al hacer la ley ya no será un libre mercado.

El problema no es la falta de ley. El problema es el sistema capitalista. No hay que darle tanta vuelta",@quorumgt/videos,channel,quorum_complete_comments.csv | youtube_guatemala_plus_comments.csv,@marioramirez299,hace 2 años, ,0,False,,,True,0,"Primera contradicción ¿Cómo le van a poner un conjunto de reglas a un ""libre mercado"". Al hacer la ley ya no será un libre mercado.

El problema no es la falta de ley. El problema es el sistema capitalista. No hay que darle tanta vuelta",0,contradicción conjunto regla libre mercado ley libre mercado problema falta ley problema sistema capitalista vuelta,236,15,True,NEG,0.006109161302447319,0.9032518863677979,0.09063886851072311,-0.8971427250653505,0.9032518863677979,0
n8iP75gIpmw,UgxpFKbiejsVGSNIcTh4AaABAg,Qué rico come tu diputado,Quorum,UCE4rsXcgDb6e1-a9iTbWzfg,@nestormendez6216,UCQtICyzWmhC5woCtbNgaSmg,Esa bancada Cabal y otros siguen en la terquedad de gastar en comida. A nadie le deben pagar su comida. A nadie. NADIE.,@quorumgt/videos,channel,quorum_complete_comments.csv | youtube_guatemala_plus_comments.csv,@nestormendez6216,hace 2 años, ,0,False,,,True,0,Esa bancada Cabal y otros siguen en la terquedad de gastar en comida. A nadie le deben pagar su comida. A nadie. NADIE.,0,bancado cabal seguir terquedad gastar comida pagar comida,119,8,True,NEG,0.006583109963685274,0.9473000168800354,0.04611683264374733,-0.9407169069163501,0.9473000168800354,0
n8iP75gIpmw,UgxqEChOyWebtVaqy-V4AaABAg,Qué rico come tu diputado,Quorum,UCE4rsXcgDb6e1-a9iTbWzfg,@cuabatzjj5924,UCDlr1VadSucIZgZ171pRBjQ,Soy yo vi Cua Batz,@quorumgt/videos,channel,quorum_complete_comments.csv | youtube_guatemala_plus_comments.csv,@cuabatzjj5924,hace 2 años, ,0,False,,,True,0,Soy yo vi Cua Batz,0,cua batz,18,2,True,NEU,0.22369974851608276,0.20198974013328552,0.5743105411529541,0.02171000838279724,0.5743105411529541,0
n8iP75gIpmw,UgxqSfWMWvqMX8tiC5x4AaABAg,Qué rico come tu diputado,Quorum,UCE4rsXcgDb6e1-a9iTbWzfg,@fredymendez1786,UCHhHUjaMAZ8SiXdCUCj9DkQ,"me imagino que en los horarios que deberian de estar trabajando estan durmiendo por eso aparecen , dicen que trabajando pero es es solamente haciendo carnitas asadas y cerveciando.",@quorumgt/videos,channel,quorum_complete_comments.csv | youtube_guatemala_plus_comments.csv,@fredymendez1786,hace 2 años,2,0,False,,2,False,2,"me imagino que en los horarios que deberian de estar trabajando estan durmiendo por eso aparecen , dicen que trabajando pero es es solamente haciendo carnitas asadas y cerveciando.",0,imaginar horario deberiar trabajar dormir aparecer trabajar carnita asada cerveciar,180,10,True,NEG,0.02106700837612152,0.5992347598075867,0.3796982765197754,-0.5781677514314651,0.5992347598075867,1–2
lj983NWyAQY,UgxrZBO3MtEqcgXAIEN4AaABAg,Plan 2032 Ciudad de Guatemala,Municipalidad de Guatemala,UCXa6LVjBzUtmcM3cwbd9e2w,@elenaluarca9377,UCxKR3RA8T-kxMgq_2WWhRcQ,"Que bueno que Guatemala sea una cuidad bonita y ojalá todos los proyectos sean realidad. Se los deseo con todo corazón de una salvadoreña que gusta mucho de la cuidad de Guatemala , donde me crie y viví por mucho tiempo y la considero mi segundo país, viva Guatemala y viva todo Centroamérica.",Municipalidad de Guatemala,topic,lj983NWyAQY_out_comments.csv | youtube_guatemala_plus_comments.csv,@elenaluarca9377,hace 7 años,329,5,False,,329,False,329,"Que bueno que Guatemala sea una cuidad bonita y ojalá todos los proyectos sean realidad. Se los deseo con todo corazón de una salvadoreña que gusta mucho de la cuidad de Guatemala , donde me crie y viví por mucho tiempo y la considero mi segundo país, viva Guatemala y viva todo Centroamérica.",0,guatemala cuidad bonito ojalá proyecto realidad desear corazón salvadoreño gustar cuidad guatemala crie viví tiempo vivo guatemala vivir centroamérico,293,19,True,POS,0.9760560989379883,0.002790503902360797,0.021153422072529793,0.9732655950356275,0.9760560989379883,>50
3Nfp9h5avBI,UgxswojCyw1a0RuHVEp4AaABAg,"Noticiero en Directo 1 pm, 28 de Agosto de 2026",Noticiero Guatevisión 13 Hrs.,UCdSVqHGHzyMTXSafUHY-e-w,@alfonsowilian9157,UCJxJC56BSAX-ArD0NAb9qnQ,La persona encargada del ecosistema que ayude a este problema.,guatemala noticias,topic,youtube_guatemala_comments.csv | youtube_guatemala_plus_comments.csv,@alfonsowilian9157,hace 22 horas, ,0,False,,,True,0,La persona encargada del ecosistema que ayude a este problema.,0,persona encargado ecosistema ayudar problema,62,5,True,NEU,0.062328606843948364,0.1458612084388733,0.791810154914856,-0.08353260159492493,0.791810154914856,0
lj983NWyAQY,UgxuO_1lX_-jTQfAzZx4AaABAg,Plan 2032 Ciudad de Guatemala,Municipalidad de Guatemala,UCXa6LVjBzUtmcM3cwbd9e2w,@rolandojuchuna484,UCqilIa8r7iek5sGYg_q6ofA,Sería  muy bueno construir el tren a nivel departamentales hacia la ciudad de Guatemala,Municipalidad de Guatemala,topic,lj983NWyAQY_out_comments.csv | youtube_guatemala_plus_comments.csv,@rolandojuchuna484,hace 7 años,52,1,False,,52,False,52,Sería  muy bueno construir el tren a nivel departamentales hacia la ciudad de Guatemala,0,construir tren nivel departamental ciudad guatemala,87,6,True,POS,0.8535271883010864,0.013281866908073425,0.13319090008735657,0.840245321393013,0.8535271883010864,>50
3Nfp9h5avBI,UgxudaO35O8XcM9Wu4t4AaABAg,"Noticiero en Directo 1 pm, 28 de Agosto de 2026",Noticiero Guatevisión 13 Hrs.,UCdSVqHGHzyMTXSafUHY-e-w,@MiguelJordan-n3g,UCyor0Mmm0ivLX2jIdyGp84Q,Q  recuerdos esta dejando semiya se pierden armas del estado la delincuencia no reduse,guatemala noticias,topic,youtube_guatemala_comments.csv | youtube_guatemala_plus_comments.csv,@MiguelJordan-n3g,hace 23 horas, ,0,False,,,True,0,Q  recuerdos esta dejando semiya se pierden armas del estado la delincuencia no reduse,0,recuerdo dejar semiya perder arma delincuencia reduse,86,7,True,NEG,0.006242654286324978,0.9613690972328186,0.032388266175985336,-0.9551264429464936,0.9613690972328186,0
j43HgwYFKfk,UgxvgdNqovIhqUZDxUx4AaABAg,La cooptación de Walter Mazariegos en la USAC,Quorum,UCE4rsXcgDb6e1-a9iTbWzfg,@carloslam5333,UCpe5jW3MIqkgTJ-PgkzvM6Q,Y los estudiantes de la usac que han echo?,@quorumgt/videos,channel,quorum_complete_comments.csv | youtube_guatemala_plus_comments.csv,@carloslam5333,hace 1 año,1,0,False,,1,False,1,Y los estudiantes de la usac que han echo?,0,estudiante usac acer,42,3,True,NEG,0.010244960896670818,0.6938778162002563,0.29587724804878235,-0.6836328553035855,0.6938778162002563,1–2
n8iP75gIpmw,UgxvmbFNm6tYRX6yfLN4AaABAg,Qué rico come tu diputado,Quorum,UCE4rsXcgDb6e1-a9iTbWzfg,@eusebiovasquez4385,UCz3gu01bmjNv0DpRq-K3XYg,Pero que trabajo ase este delincuente si sólo robar,@quorumgt/videos,channel,quorum_complete_comments.csv | youtube_guatemala_plus_comments.csv,@eusebiovasquez4385,hace 2 años,1,0,False,,1,False,1,Pero que trabajo ase este delincuente si sólo robar,0,trabajar delincuente robar,51,3,True,NEG,0.010606932453811169,0.9272072315216064,0.06218584254384041,-0.9166002990677953,0.9272072315216064,1–2
j43HgwYFKfk,Ugxvt0tvqY4UlDS2hoh4AaABAg,La cooptación de Walter Mazariegos en la USAC,Quorum,UCE4rsXcgDb6e1-a9iTbWzfg,@jorgeaguilar-bq3uj,UCuXmOjxC-htcprLgeVXz6Tg,"FUERA MAZARIEGOS DE LA USAC, TÍTERE DEL PACTO DE CORRUPTOS!!!
Guatemala necesita que CICIG vuelva y reinicie la lucha anti corrupción, el pacto de corruptos encabezado por la fundación contra el terrorismo ya tiene cooptadas todas las instituciones de justicia, especialmente el MP. 👍⚖️",@quorumgt/videos,channel,quorum_complete_comments.csv | youtube_guatemala_plus_comments.csv,@jorgeaguilar-bq3uj,hace 1 año,1,0,False,,1,False,1,"FUERA MAZARIEGOS DE LA USAC, TÍTERE DEL PACTO DE CORRUPTOS!!!
Guatemala necesita que CICIG vuelva y reinicie la lucha anti corrupción, el pacto de corruptos encabezado por la fundación contra el terrorismo ya tiene cooptadas todas las instituciones de justicia, especialmente el MP. 👍⚖️",3,mazariego usac títere pacto corrupto guatemala necesitar cicig volver reinicie lucha anti corrupción pacto corrupto encabezado fundación terrorismo cooptada institución justicia especialmente,286,22,True,NEG,0.01887839287519455,0.8233814835548401,0.15774019062519073,-0.8045030906796455,0.8233814835548401,1–2
PjmxCj-a9Hg,UgxvxNmPMdRuRDptJQN4AaABAg,Conferencia de Prensa del Gobierno de Guatemala. #LaRondaGt,Gobierno de la República de Guatemala,UC-ZtFBHzgkYFh7whZkuR_Ag,@juandeleon9060,UCNIeXbV_mEwpa412h1aqUWw,Porque. No salen. Acombatir LA seguridad. En las calles. Acombatir LA corruption. Policiacas...,@GobiernodeGuatemala,topic,PjmxCj-a9Hg_out_comments.csv | youtube_guatemala_plus_comments.csv,@juandeleon9060,hace 1 año,2,0,False,,2,False,2,Porque. No salen. Acombatir LA seguridad. En las calles. Acombatir LA corruption. Policiacas...,0,salir acombatir seguridad calle acombatir corruption policiaco,95,7,True,NEG,0.013742651790380478,0.8530574440956116,0.13319988548755646,-0.8393147923052311,0.8530574440956116,1–2
n8iP75gIpmw,Ugxw_1trnd8loD3302V4AaABAg,Qué rico come tu diputado,Quorum,UCE4rsXcgDb6e1-a9iTbWzfg,@dantesarti4351,UCySYJU5kUh7X8gVt9la2ISA,"Porque no hacen sus reuniones de ''trabajo'' en el comedor de doña Chonita, como dijo giammattei, almuerzos de Q25.00 y pagados con sus sueldos.",@quorumgt/videos,channel,quorum_complete_comments.csv | youtube_guatemala_plus_comments.csv,@dantesarti4351,hace 1 año, ,0,False,,,True,0,"Porque no hacen sus reuniones de ''trabajo'' en el comedor de doña Chonita, como dijo giammattei, almuerzos de Q25.00 y pagados con sus sueldos.",0,reunión trabajo comedor doña chonita giammattei almuerzo q25 pagado sueldo,144,10,True,NEG,0.009834854863584042,0.7945008277893066,0.19566428661346436,-0.7846659729257226,0.7945008277893066,0
n8iP75gIpmw,UgxxNu7QTJHuAgFaEYN4AaABAg,Qué rico come tu diputado,Quorum,UCE4rsXcgDb6e1-a9iTbWzfg,@virgiliogarcia3039,UCHTGCgY2l-DQJIvlA_cpa_Q,El pueblo ya estaba trankilo ya que segun decian les habian quitado el almuerzo a esos ladronasos pero me estoy dando cuenta que no el pueblo les estamos pagando un sueldo jugoso y todabia pagando sus comidas que desgracia que hase ese presidente del congreso y el del pais bernardo arebalo engañadores al pueblo que pasa Nery Ramos,@quorumgt/videos,channel,quorum_complete_comments.csv | youtube_guatemala_plus_comments.csv,@virgiliogarcia3039,hace 2 años, ,0,False,,,True,0,El pueblo ya estaba trankilo ya que segun decian les habian quitado el almuerzo a esos ladronasos pero me estoy dando cuenta que no el pueblo les estamos pagando un sueldo jugoso y todabia pagando sus comidas que desgracia que hase ese presidente del congreso y el del pais bernardo arebalo engañadores al pueblo que pasa Nery Ramos,0,pueblo trankilo deciar habiar quitar almuerzo ladronaso pueblo pagar sueldo jugoso todabio pagar comida desgraciar har presidente congreso bernardo arebalo engañador pueblo pasar nery rir,332,25,True,NEG,0.0030781093519181013,0.9751595258712769,0.021762385964393616,-0.9720814165193588,0.9751595258712769,0
OkXlHx0hx-8,UgxxdDS3FUc53KWN3KF4AaABAg,EE.UU. envía a mexicanos deportados a Guatemala antes de su regreso a México | Noticias Telemundo,Noticias Telemundo,UCRwA1NUcUnwsly35ikGhp0A,@BelkisRodriguezRamirez,UCPNXmbOBVeC4HS-xemvcPtQ,"Si alguien viene a mi casa sin invitación yo no lo dejo entrar y si entra a la fuerza se busca un problema,eso pasa con los inmigrantes que entraron ilegalmente.",guatemala noticias,topic,youtube_guatemala_comments.csv | youtube_guatemala_plus_comments.csv,@BelkisRodriguezRamirez,hace 1 día,2,3,False,,2,False,2,"Si alguien viene a mi casa sin invitación yo no lo dejo entrar y si entra a la fuerza se busca un problema,eso pasa con los inmigrantes que entraron ilegalmente.",0,alguien venir casa invitación dejar entrar entrar fuerza buscar problema pasar inmigrante entrar ilegalmente,161,14,True,NEG,0.00655314652249217,0.8377262949943542,0.15572060644626617,-0.8311731484718621,0.8377262949943542,1–2
n8iP75gIpmw,Ugxy4k7pO6jFtwyDyFp4AaABAg,Qué rico come tu diputado,Quorum,UCE4rsXcgDb6e1-a9iTbWzfg,@mdelcid01,UCtUR3_CAiE7fCoZHM6cMfyQ,Rodas se le olvida que reciven un jugoso salario por el trabajo que hacen.,@quorumgt/videos,channel,quorum_complete_comments.csv | youtube_guatemala_plus_comments.csv,@mdelcid01,hace 2 años,10,0,False,,10,False,10,Rodas se le olvida que reciven un jugoso salario por el trabajo que hacen.,0,roda olvidar recivar jugoso salario trabajo,74,6,True,NEG,0.009342504665255547,0.8759095668792725,0.11474789679050446,-0.8665670622140169,0.8759095668792725,3–10
WIUZtitfLRw,Ugxz9vnSvQJNt4YNbYV4AaABAg,Caminar en una ciudad hecha para carros,Quorum,UCE4rsXcgDb6e1-a9iTbWzfg,@juliogutierrez492,UCGj2v6Gl5bN8NSrzJMXS-CA,El respeto paso peatonal no existe en ningún lado y las personas tienen que esquivar a los carros por qué no respetan y las motos se pasan en rojo se lo pasan llevando a uno,@quorumgt/videos,channel,quorum_complete_comments.csv | youtube_guatemala_plus_comments.csv,@juliogutierrez492,hace 1 año, ,0,False,,,True,0,El respeto paso peatonal no existe en ningún lado y las personas tienen que esquivar a los carros por qué no respetan y las motos se pasan en rojo se lo pasan llevando a uno,0,respeto paso peatonal persona esquivar carro respetar moto pasar rojo pasar,173,11,True,NEG,0.003016380127519369,0.976106584072113,0.020877014845609665,-0.9730902039445937,0.976106584072113,0
yLZS3JiEBg8,UgxzETIqBajjXFTGd_R4AaABAg,Arroz con pollo a la MONOPOLIO,Quorum,UCE4rsXcgDb6e1-a9iTbWzfg,@Alejandro00710,UCbrtvygfRT6QXqWDNrOf-cA,"Y solo con esta información nos damos con la realidad del CACIF y sus intereses, estamos jodidos si no hacemos algo.",@quorumgt/videos,channel,quorum_complete_comments.csv | youtube_guatemala_plus_comments.csv,@Alejandro00710,hace 2 años, ,0,False,,,True,0,"Y solo con esta información nos damos con la realidad del CACIF y sus intereses, estamos jodidos si no hacemos algo.",0,información realidad cacif interés jodido,116,5,True,NEG,0.002309265546500683,0.9825757741928101,0.015115012414753437,-0.9802665086463094,0.9825757741928101,0
n8iP75gIpmw,UgxzN9_I9vkDCdX_8dN4AaABAg,Qué rico come tu diputado,Quorum,UCE4rsXcgDb6e1-a9iTbWzfg,@AndresMedina-v1s,UCOh6DaZC_x9HASnlRylEMfw,Si se reformarla ley de partidos políticos esos infelices jamás en la historia pondrian un pie En el congreso y muy probablemente terminarían en la carcel,@quorumgt/videos,channel,quorum_complete_comments.csv | youtube_guatemala_plus_comments.csv,@AndresMedina-v1s,hace 2 años, ,0,False,,,True,0,Si se reformarla ley de partidos políticos esos infelices jamás en la historia pondrian un pie En el congreso y muy probablemente terminarían en la carcel,0,reformar ley partido político infeliz jamás historia pondriar pie congreso probablemente terminarir cárcel,154,13,True,NEG,0.020062455907464027,0.853435754776001,0.12650176882743835,-0.833373298868537,0.853435754776001,0
n8iP75gIpmw,Ugy0LbKWrqUFhWPRoKN4AaABAg,Qué rico come tu diputado,Quorum,UCE4rsXcgDb6e1-a9iTbWzfg,@elmorodriguez6978,UCL1MT278vSaQ83ZDkVWn1gw,"Que estos diputados no se rían y burlen del pueblo desnutrido y muriéndose de hambre. Llegará el momento y no será muy tarde para nosotros que los pusimos los tengamos que sacar de su caja de oro y cuando el pueblo se levante y los saque de su chiquero van a arrepentirse de lo mal de sus acciones. Así será para los miembros de la CC,MP,CONGRESO,CSJ,OJ y otros que han apañado las burlas al pueblo. 48 cantones también vendrán a salvar al pueblo. Estamos artos de tanta corrupción.",@quorumgt/videos,channel,quorum_complete_comments.csv | youtube_guatemala_plus_comments.csv,@elmorodriguez6978,hace 2 años,20,0,False,,20,False,20,"Que estos diputados no se rían y burlen del pueblo desnutrido y muriéndose de hambre. Llegará el momento y no será muy tarde para nosotros que los pusimos los tengamos que sacar de su caja de oro y cuando el pueblo se levante y los saque de su chiquero van a arrepentirse de lo mal de sus acciones. Así será para los miembros de la CC,MP,CONGRESO,CSJ,OJ y otros que han apañado las burlas al pueblo. 48 cantones también vendrán a salvar al pueblo. Estamos artos de tanta corrupción.",0,diputado rir burlen pueblo desnutrido morir hambre llegar momento sacar caja oro pueblo levantar saque chiquero arrepentir acción miembro congreso csj apañar burla pueblo cantón venir salvar pueblo arto corrupción,482,30,True,NEG,0.009660224430263042,0.9247674345970154,0.06557241827249527,-0.9151072101667523,0.9247674345970154,11–50
n8iP75gIpmw,Ugy0LbKWrqUFhWPRoKN4AaABAg.A7epXgDRFjZA7f-Z-rKQOV,Qué rico come tu diputado,Quorum,UCE4rsXcgDb6e1-a9iTbWzfg,@luisparedes-pw6qt,UC8G5cJONY8L9voMyBW8Eoug,Ni en su casa habían comido esas viandas. Son unos sinverguenzas,@quorumgt/videos,channel,quorum_complete_comments.csv | youtube_guatemala_plus_comments.csv,@luisparedes-pw6qt,hace 2 años, ,0,False,,,True,0,Ni en su casa habían comido esas viandas. Son unos sinverguenzas,0,casa comer vianda sinverguenza,64,4,True,NEG,0.010355583392083645,0.9517723917961121,0.037871941924095154,-0.9414168084040284,0.9517723917961121,0
n8iP75gIpmw,Ugy0dVAcWghuyCdAVS54AaABAg,Qué rico come tu diputado,Quorum,UCE4rsXcgDb6e1-a9iTbWzfg,@LuisCastillo-oz4df,UC7VUuJr9cGh845CmTvf7TlQ,Está bien que se Arten asta ya no y los más pobres  muriendo de hambre pero si dices comes fuera de la hora es tu problema para que la  huesiaste pues,@quorumgt/videos,channel,quorum_complete_comments.csv | youtube_guatemala_plus_comments.csv,@LuisCastillo-oz4df,hace 2 años,1,0,False,,1,False,1,Está bien que se Arten asta ya no y los más pobres  muriendo de hambre pero si dices comes fuera de la hora es tu problema para que la  huesiaste pues,0,artir asta pobre morir hambre com hora problema huesiaste,150,9,True,NEG,0.006054555997252464,0.965833842754364,0.02811160869896412,-0.9597792867571115,0.965833842754364,1–2
n8iP75gIpmw,Ugy1neHHTJYO0umhgLt4AaABAg,Qué rico come tu diputado,Quorum,UCE4rsXcgDb6e1-a9iTbWzfg,@diegoalejandrolopezmendez205,UCFhxtoeARHPnXXPcDrOU3Xg,"Yo trabajé en joya negra 
Sandra jovel también llega mucho 
Y el profe Luis Fernando tena",@quorumgt/videos,channel,quorum_complete_comments.csv | youtube_guatemala_plus_comments.csv,@diegoalejandrolopezmendez205,hace 2 años,2,0,False,,2,False,2,"Yo trabajé en joya negra 
Sandra jovel también llega mucho 
Y el profe Luis Fernando tena",0,trabajer joya negro sandro jovel llegar profe luis fernando tena,89,10,True,POS,0.5556797981262207,0.014882458373904228,0.4294377863407135,0.5407973397523165,0.5556797981262207,1–2
n8iP75gIpmw,Ugy2FaeBadbmVJj7F714AaABAg,Qué rico come tu diputado,Quorum,UCE4rsXcgDb6e1-a9iTbWzfg,@carlossoto3252,UCAlzM_N6xBlMYmM8EBzX86Q,"😂Que disculpe el diputado Rodas. Cuando uno decide trabajar o ser trabajador del Estado y ser un funcionario de ese nivel no hay horarios. Si no le gusta y no está contento que renuncié. Los diputados son unos abusivos y son mediocres. Tantos asesores, para que? Lo que dice éste diputado es estúpido. Su trabajo  debe ser para el pueblo. Y comparto la investigación respecto a esto. Estos diputados cómo corderitos asistieron a la orden de la Fiscal del MP.",@quorumgt/videos,channel,quorum_complete_comments.csv | youtube_guatemala_plus_comments.csv,@carlossoto3252,hace 2 años,3,0,False,,3,False,3,"😂Que disculpe el diputado Rodas. Cuando uno decide trabajar o ser trabajador del Estado y ser un funcionario de ese nivel no hay horarios. Si no le gusta y no está contento que renuncié. Los diputados son unos abusivos y son mediocres. Tantos asesores, para que? Lo que dice éste diputado es estúpido. Su trabajo  debe ser para el pueblo. Y comparto la investigación respecto a esto. Estos diputados cómo corderitos asistieron a la orden de la Fiscal del MP.",1,disculpar diputado roda decidir trabajar trabajador funcionario nivel horario gustar contento renuncier diputado abusivo mediocre asesor diputado estúpir trabajo pueblo compartir investigación diputado corderito asistir orden fiscal,458,27,True,NEG,0.003813185729086399,0.9317322373390198,0.0644545778632164,-0.9279190516099334,0.9317322373390198,3–10
j43HgwYFKfk,Ugy4JA9MR8l_gkTNgWh4AaABAg,La cooptación de Walter Mazariegos en la USAC,Quorum,UCE4rsXcgDb6e1-a9iTbWzfg,@AndresLemus-k2d,UClqA491Xa5fQcXcJJa-vTWw,"Ya saquen A Ese corrupto 
Y Es un montón de políticos corruptos que 
Andan allí en todas las instituciones 
Montón de corruptos",@quorumgt,topic,j43HgwYFKfk_out_comments.csv | quorum_complete_comments.csv | youtube_guatemala_plus_comments.csv,@AndresLemus-k2d,hace 4 meses, ,0,False,,,True,0,"Ya saquen A Ese corrupto 
Y Es un montón de políticos corruptos que 
Andan allí en todas las instituciones 
Montón de corruptos",0,saquen corrupto montón político corrupto andar institución montón corrupto,127,9,True,NEG,0.00875265896320343,0.9646670818328857,0.026580283418297768,-0.9559144228696823,0.9646670818328857,0
n8iP75gIpmw,Ugy4ex02KEXL5UFGjw14AaABAg,Qué rico come tu diputado,Quorum,UCE4rsXcgDb6e1-a9iTbWzfg,@virgiliogarcia3039,UCHTGCgY2l-DQJIvlA_cpa_Q,Que trabajo hasen esos corruptos,@quorumgt/videos,channel,quorum_complete_comments.csv | youtube_guatemala_plus_comments.csv,@virgiliogarcia3039,hace 2 años,13,0,False,,13,False,13,Que trabajo hasen esos corruptos,0,trabajar har corrupto,32,3,True,NEG,0.019541798159480095,0.8977096080780029,0.08274859935045242,-0.8781678099185228,0.8977096080780029,11–50
n8iP75gIpmw,Ugy4utoHlyokVSeSi5h4AaABAg,Qué rico come tu diputado,Quorum,UCE4rsXcgDb6e1-a9iTbWzfg,@marioajset4283,UC3XTwHxygNCgjndsg-UiCQA,los niños guatemaltecos con Desnutrición crónica serán sus verdugos.,@quorumgt/videos,channel,quorum_complete_comments.csv | youtube_guatemala_plus_comments.csv,@marioajset4283,hace 2 años, ,0,False,,,True,0,los niños guatemaltecos con Desnutrición crónica serán sus verdugos.,0,niño guatemalteco desnutrición crónico verdugo,68,5,True,NEG,0.007921683602035046,0.9150927066802979,0.07698555290699005,-0.9071710230782628,0.9150927066802979,0
6W4u8sGEnGM,Ugy4x4u9e1_xRoppaMF4AaABAg,Inician los trabajos de recuperación del Puente Belice II.,Gobierno de la República de Guatemala,UC-ZtFBHzgkYFh7whZkuR_Ag,@cristianescobedo8296,UCvDwJBBY1mHK70aTEYl6rsA,"se espera que la obra se finalice en plazo de acuerdo a la programación del proyecto, de acuerdo a normas internacionales de construcción, que la contraloría audite  mes a mes y sobre todo que el proyecto no sea sobrevalorado o que tenga costos adicionales a lo ya pactado.",Gobierno de la República de Guatemala,topic,youtube_guatemala_plus_comments.csv | youtube_lab_targets_small_comments.csv,@cristianescobedo8296,hace 6 días,1,0,False,,1,False,1,"se espera que la obra se finalice en plazo de acuerdo a la programación del proyecto, de acuerdo a normas internacionales de construcción, que la contraloría audite  mes a mes y sobre todo que el proyecto no sea sobrevalorado o que tenga costos adicionales a lo ya pactado.",0,esperar obra finalizar plazo programación proyecto norma internacional construcción contraloer audite mes mes proyecto sobrevalorar costo adicional pactar,273,18,True,NEU,0.16587433218955994,0.06832991540431976,0.7657957673072815,0.09754441678524017,0.7657957673072815,1–2
n8iP75gIpmw,Ugy5j8gzaawBk-mw5et4AaABAg,Qué rico come tu diputado,Quorum,UCE4rsXcgDb6e1-a9iTbWzfg,@ARGELIATELON,UCkd9W714-947dEE6ZOEBATA,Me pregunto si antes de ser diputados les alcanzaba su dinero para comer esos almuercitos y en esos lugares? Pero como don pueblo paga....vengase el almuercito. La historia ni él se la cree. O sea.... la 3a. parte de su salario para un almuerzo???,@quorumgt/videos,channel,quorum_complete_comments.csv | youtube_guatemala_plus_comments.csv,@ARGELIATELON,hace 2 años (editado),3,0,False,,3,False,3,Me pregunto si antes de ser diputados les alcanzaba su dinero para comer esos almuercitos y en esos lugares? Pero como don pueblo paga....vengase el almuercito. La historia ni él se la cree. O sea.... la 3a. parte de su salario para un almuerzo???,0,preguntar diputado alcanzar dinero comer almuercito lugar don pueblo pagar vengar almuercito historia creer salario almuerzo,247,16,True,NEG,0.005468976218253374,0.9146068692207336,0.07992414385080338,-0.9091378930024803,0.9146068692207336,3–10
ndAZjHqzzT8,Ugy5lmf3RzzeJDUeqQd4AaABAg,Internet: escoger el menos malo,Quorum,UCE4rsXcgDb6e1-a9iTbWzfg,@Alejandro00710,UCbrtvygfRT6QXqWDNrOf-cA,"Eso sin mencionar el costo de sus servicios, la mala calidad del mismo, mientras no haya una ley de competencia nos van a seguir jodiendo, urge.",@quorumgt/videos,channel,quorum_complete_comments.csv | youtube_guatemala_plus_comments.csv,@Alejandro00710,hace 2 años, ,0,False,,,True,0,"Eso sin mencionar el costo de sus servicios, la mala calidad del mismo, mientras no haya una ley de competencia nos van a seguir jodiendo, urge.",0,mencionar costo servicio malo calidad ley competencia seguir jodeir urge,144,10,True,NEG,0.0030154124833643436,0.9826512932777405,0.01433330774307251,-0.9796358807943761,0.9826512932777405,0
6W4u8sGEnGM,Ugy6Qii72nfxIpYyuCR4AaABAg,Inician los trabajos de recuperación del Puente Belice II.,Gobierno de la República de Guatemala,UC-ZtFBHzgkYFh7whZkuR_Ag,@albertoshernandez5251,UCV3fr-YOixFKCZBbJP1-X4w,TODO EL APOYO PARA EL PRESIDENTE BERNARDO AREVALO 👍🇬🇹👍,Gobierno de la República de Guatemala,topic,youtube_guatemala_plus_comments.csv | youtube_lab_targets_small_comments.csv,@albertoshernandez5251,hace 6 días,5,0,False,,5,False,5,TODO EL APOYO PARA EL PRESIDENTE BERNARDO AREVALO 👍🇬🇹👍,4,apoyo presidente bernardo arévalo,54,4,True,NEU,0.20472969114780426,0.09180060774087906,0.7034697532653809,0.1129290834069252,0.7034697532653809,3–10
JkpVO1hx2f8,Ugy6isIL3n6cvYbJG-94AaABAg,10 Preguntas a un año del Paro Nacional,Quorum,UCE4rsXcgDb6e1-a9iTbWzfg,@ninettmartinez425,UCWWkebAekppaL5b5CNlppuw,Yo vi en  Semilla y Bernardo Arévalo  una oportunidad para que Guatemala saliera de la corrupción.,@quorumgt/videos,channel,quorum_complete_comments.csv | youtube_guatemala_plus_comments.csv,@ninettmartinez425,hace 1 año,3,0,False,,3,False,3,Yo vi en  Semilla y Bernardo Arévalo  una oportunidad para que Guatemala saliera de la corrupción.,0,semilla bernardo arévalo oportunidad guatemala salir corrupción,98,7,True,POS,0.5542646646499634,0.08434587717056274,0.36138951778411865,0.46991878747940063,0.5542646646499634,3–10
n8iP75gIpmw,Ugy6y6DL1AgyNzNpfMZ4AaABAg,Qué rico come tu diputado,Quorum,UCE4rsXcgDb6e1-a9iTbWzfg,@mynorrodas8591,UCjmPuazZJzscrwvk0QR9RVw,"😢que desgraciados estos sinvergüenzas porque no piden un almuerzo de Q30.00 no que  almuerzos  de millonarios  con la plata  del pueblo , si les gusta lo bueno que lo paguen con su dinero",@quorumgt/videos,channel,quorum_complete_comments.csv | youtube_guatemala_plus_comments.csv,@mynorrodas8591,hace 2 años,2,0,False,,2,False,2,"😢que desgraciados estos sinvergüenzas porque no piden un almuerzo de Q30.00 no que  almuerzos  de millonarios  con la plata  del pueblo , si les gusta lo bueno que lo paguen con su dinero",1,desgraciado sinverguenza pedir almuerzo q30 almuerzo millonario plata pueblo gustar pagar dinero,187,12,True,NEG,0.0031231280881911516,0.9736632108688354,0.02321368269622326,-0.9705400827806443,0.9736632108688354,1–2
n8iP75gIpmw,Ugy7-QbaMzLjAO_vJMB4AaABAg,Qué rico come tu diputado,Quorum,UCE4rsXcgDb6e1-a9iTbWzfg,@OseasSamayoa-ol5rz,UCipetjeiWj4CZB6EbyYziZg,Que paguen de su sueldo sus alimentos si el pueblo de la miseria que  las empresas nos pagan lo pagamos,@quorumgt/videos,channel,quorum_complete_comments.csv | youtube_guatemala_plus_comments.csv,@OseasSamayoa-ol5rz,hace 2 años, ,0,False,,,True,0,Que paguen de su sueldo sus alimentos si el pueblo de la miseria que  las empresas nos pagan lo pagamos,0,pagar sueldo alimento pueblo miseria empresa pagar pagar,103,8,True,NEG,0.0038551182951778173,0.9745690822601318,0.021575866267085075,-0.970713963964954,0.9745690822601318,0
n8iP75gIpmw,Ugy7Dk5SDB_d3RFlHU94AaABAg,Qué rico come tu diputado,Quorum,UCE4rsXcgDb6e1-a9iTbWzfg,@andyB5280,UCh5ESQvtzyHDhCA7XyekCFA,No quiere hablar de sus almuerzos se molesta . No le creo . que,@quorumgt/videos,channel,quorum_complete_comments.csv | youtube_guatemala_plus_comments.csv,@andyB5280,hace 2 años,1,0,False,,1,False,1,No quiere hablar de sus almuerzos se molesta . No le creo . que,0,hablar almuerzo molestar,63,3,True,NEG,0.0027898037806153297,0.933830738067627,0.06337948143482208,-0.9310409342870116,0.933830738067627,1–2
WIUZtitfLRw,Ugy7b0JTkHodE4sTU_54AaABAg,Caminar en una ciudad hecha para carros,Quorum,UCE4rsXcgDb6e1-a9iTbWzfg,@jorgegomez2237,UCZIQnb1fkwe39Iw2TAu-bGA,"Como dijo pia, casi no existen banquetas, solo hay un pedazo donde se puede medio caminar... Y aun quiere que le demos gracias... #IneptoBran",@quorumgt/videos,channel,quorum_complete_comments.csv | youtube_guatemala_plus_comments.csv,@jorgegomez2237,hace 1 año,1,0,False,,1,False,1,"Como dijo pia, casi no existen banquetas, solo hay un pedazo donde se puede medio caminar... Y aun quiere que le demos gracias... #IneptoBran",0,pio banqueta pedazo caminar gracios ineptobrar,141,6,True,NEG,0.011414235457777977,0.9241132140159607,0.06447260081768036,-0.9126989785581827,0.9241132140159607,1–2
n8iP75gIpmw,Ugy8csktFvR0eUZN4cp4AaABAg,Qué rico come tu diputado,Quorum,UCE4rsXcgDb6e1-a9iTbWzfg,@RobertoZelaya-x1v,UCTP3O0rMnc8z8v8jaDQwL0w,Señor Nery Ramos una empresa trabaja con capital propio con dinero del dueño de la empresa que le costado ganarcelo  usted  con el dinero del pueblo o cree que el estado es su empresa trabaje esfuersece  trabajen para tener una empresa no se coman lo del pueblo,@quorumgt/videos,channel,quorum_complete_comments.csv | youtube_guatemala_plus_comments.csv,@RobertoZelaya-x1v,hace 2 años,1,0,False,,1,False,1,Señor Nery Ramos una empresa trabaja con capital propio con dinero del dueño de la empresa que le costado ganarcelo  usted  con el dinero del pueblo o cree que el estado es su empresa trabaje esfuersece  trabajen para tener una empresa no se coman lo del pueblo,0,señor nery rir empresa trabajar capital dinero dueño empresa costado ganarcelo dinero pueblo creer empresa trabaje esfuersecir trabajen empresa comar pueblo,261,21,True,NEG,0.022081172093749046,0.7773975729942322,0.20052123069763184,-0.7553164009004831,0.7773975729942322,1–2
n8iP75gIpmw,UgyAcWsNSqIPesdI3nF4AaABAg,Qué rico come tu diputado,Quorum,UCE4rsXcgDb6e1-a9iTbWzfg,@moisesvaldez4043,UCsUCN0Yq_UyTvKjOJLmNrnQ,"para los Guatemaltecos mejor si no hacen nada, poque cuando los hacen es en contra del pueblo Guatemlateco",@quorumgt/videos,channel,quorum_complete_comments.csv | youtube_guatemala_plus_comments.csv,@moisesvaldez4043,hace 2 años, ,0,False,,,True,0,"para los Guatemaltecos mejor si no hacen nada, poque cuando los hacen es en contra del pueblo Guatemlateco",0,guatemalteco pocar pueblo guatemlateco,106,4,True,NEG,0.0068731545470654964,0.9464523792266846,0.04667448624968529,-0.9395792246796191,0.9464523792266846,0
j43HgwYFKfk,UgyB52GZe4-PXJ2TqYB4AaABAg,La cooptación de Walter Mazariegos en la USAC,Quorum,UCE4rsXcgDb6e1-a9iTbWzfg,@rosaelenaargueta79,UC3UVO7pTbeYvZ3ILEyRDskQ,Así debe informarse al pueblo sobre esta red de mafiosos!,@quorumgt,topic,j43HgwYFKfk_out_comments.csv | quorum_complete_comments.csv | youtube_guatemala_plus_comments.csv,@rosaelenaargueta79,hace 1 año,1,0,False,,1,False,1,Así debe informarse al pueblo sobre esta red de mafiosos!,0,informar pueblo red mafioso,57,4,True,NEG,0.07426866143941879,0.6127407550811768,0.31299054622650146,-0.538472093641758,0.6127407550811768,1–2
PjmxCj-a9Hg,UgyBhR2qUXgMe2NJjRN4AaABAg,Conferencia de Prensa del Gobierno de Guatemala. #LaRondaGt,Gobierno de la República de Guatemala,UC-ZtFBHzgkYFh7whZkuR_Ag,@herbertaguilar1387,UCuP4UK33HKtJE_S39ksmaTw,Con la corrupcion y narco gobierno de Morena en Mexico  Arevalo no deberia de hacer asociacion alguna . El pueblo de Mexico esta sufriendo .,@GobiernodeGuatemala,topic,PjmxCj-a9Hg_out_comments.csv | youtube_guatemala_plus_comments.csv,@herbertaguilar1387,hace 1 año, ,0,False,,,True,0,Con la corrupcion y narco gobierno de Morena en Mexico  Arevalo no deberia de hacer asociacion alguna . El pueblo de Mexico esta sufriendo .,0,corrupción narco gobierno morena méxico arévalo deberio asociación pueblo méxico sufrir,140,11,True,NEG,0.00550162885338068,0.9751647710800171,0.019333651289343834,-0.9696631422266364,0.9751647710800171,0
PjmxCj-a9Hg,UgyC45vItnUiq1QrUtd4AaABAg,Conferencia de Prensa del Gobierno de Guatemala. #LaRondaGt,Gobierno de la República de Guatemala,UC-ZtFBHzgkYFh7whZkuR_Ag,@ericapaz5406,UClsrFGJKWPxxw7MiaEdKLXw,Señor presidente? Enfóquese  en el crimen que está destrozado al país y también al turismo aga uso de su poder para implementar leyes que combatan el crimen en general por favor  mire a su país vecino como un joven si pudo terminar con el crimen.,@GobiernodeGuatemala,topic,PjmxCj-a9Hg_out_comments.csv | youtube_guatemala_plus_comments.csv,@ericapaz5406,hace 1 año,3,2,False,,3,False,3,Señor presidente? Enfóquese  en el crimen que está destrozado al país y también al turismo aga uso de su poder para implementar leyes que combatan el crimen en general por favor  mire a su país vecino como un joven si pudo terminar con el crimen.,0,señor presidente enfóquese crimen destrozado turismo agar implementar ley combatar crimen general favor mire vecino joven terminar crimen,246,18,True,NEG,0.013748985715210438,0.8986082077026367,0.0876428484916687,-0.8848592219874263,0.8986082077026367,3–10
PjmxCj-a9Hg,UgyC45vItnUiq1QrUtd4AaABAg.ALgn-KZ7p47ALgvLAMzZ1A,Conferencia de Prensa del Gobierno de Guatemala. #LaRondaGt,Gobierno de la República de Guatemala,UC-ZtFBHzgkYFh7whZkuR_Ag,@ErmePérez-q4s,UCg3eIfd7BrsLEqS0BLkftHA,Ni te equivoques ni a terminado siguen siendo Salvatruchas y mareros.,@GobiernodeGuatemala,topic,PjmxCj-a9Hg_out_comments.csv | youtube_guatemala_plus_comments.csv,@ErmePérez-q4s,hace 1 año, ,0,False,,,True,0,Ni te equivoques ni a terminado siguen siendo Salvatruchas y mareros.,0,equivoquser terminado seguir salvatrucha marero,69,5,True,NEG,0.09203731268644333,0.6204461455345154,0.2875165343284607,-0.528408832848072,0.6204461455345154,0
PjmxCj-a9Hg,UgyC45vItnUiq1QrUtd4AaABAg.ALgn-KZ7p47ALgwtbYMM1u,Conferencia de Prensa del Gobierno de Guatemala. #LaRondaGt,Gobierno de la República de Guatemala,UC-ZtFBHzgkYFh7whZkuR_Ag,@ErmePérez-q4s,UCg3eIfd7BrsLEqS0BLkftHA,"Y los  que fueron hacer los pandilleros del salvador en antigua que, siguen haviendo maras en el salvador y eso es un país de maras",@GobiernodeGuatemala,topic,PjmxCj-a9Hg_out_comments.csv | youtube_guatemala_plus_comments.csv,@ErmePérez-q4s,hace 1 año, ,0,False,,,True,0,"Y los  que fueron hacer los pandilleros del salvador en antigua que, siguen haviendo maras en el salvador y eso es un país de maras",0,pandillero salvador antiguo seguir haveir mara salvador mara,131,8,True,NEG,0.006473860237747431,0.901188313961029,0.09233783930540085,-0.8947144537232816,0.901188313961029,0
PjmxCj-a9Hg,UgyC45vItnUiq1QrUtd4AaABAg.ALgn-KZ7p47ALgx6SmnMen,Conferencia de Prensa del Gobierno de Guatemala. #LaRondaGt,Gobierno de la República de Guatemala,UC-ZtFBHzgkYFh7whZkuR_Ag,@ErmePérez-q4s,UCg3eIfd7BrsLEqS0BLkftHA,Y todo los que tienen tatuajes del salvador son pandilleros eso su dictador lo dijo. Así que no te venden humo 💨 todo lo que dicen del salvador.,@GobiernodeGuatemala,topic,PjmxCj-a9Hg_out_comments.csv | youtube_guatemala_plus_comments.csv,@ErmePérez-q4s,hace 1 año, ,0,False,,,True,0,Y todo los que tienen tatuajes del salvador son pandilleros eso su dictador lo dijo. Así que no te venden humo 💨 todo lo que dicen del salvador.,1,tatuaj salvador pandillero dictador vender humo salvador,144,7,True,NEG,0.02814989723265171,0.5800213813781738,0.3918286859989166,-0.5518714841455221,0.5800213813781738,0
06mFNPU0aB8,UgyC9HUMcvW-e_nFJK14AaABAg,Capturan a presuntos delincuentes disfrazados de mujer señalados de cometer asalto,Noti7,UCVpSRoZgngfSL03Nlbjtq9A,@ruddydepaz322,UCAxvOOHQk7dYPOajzFEVtbA,Así metan los al tambo con minifaldas allí no les ba a faltar la moronga.,guatemala noticias,topic,youtube_guatemala_comments.csv | youtube_guatemala_plus_comments.csv,@ruddydepaz322,hace 2 semanas, ,0,False,,,True,0,Así metan los al tambo con minifaldas allí no les ba a faltar la moronga.,0,metar tambo minifalda bar faltar moronga,73,6,True,NEU,0.12009307742118835,0.29059404134750366,0.5893128514289856,-0.1705009639263153,0.5893128514289856,0
06mFNPU0aB8,UgyCFEFtEmhDbi91yCF4AaABAg,Capturan a presuntos delincuentes disfrazados de mujer señalados de cometer asalto,Noti7,UCVpSRoZgngfSL03Nlbjtq9A,@MacoMorales-i2i2d,UCq3mDTTRZnUybct5M9OSXbg,Destreza dise😅,guatemala noticias,topic,youtube_guatemala_comments.csv | youtube_guatemala_plus_comments.csv,@MacoMorales-i2i2d,hace 2 semanas,1,0,False,,1,False,1,Destreza dise😅,1,destreza disar,14,2,True,NEU,0.040895238518714905,0.37136155366897583,0.5877432227134705,-0.3304663151502609,0.5877432227134705,1–2
n8iP75gIpmw,UgyCoulSuwV8jBnjbtN4AaABAg,Qué rico come tu diputado,Quorum,UCE4rsXcgDb6e1-a9iTbWzfg,@FidelZacarias-ph7dy,UCGzXwyCzMzGmjmCbH3Hg01Q,Ése señor entrevistador pertenece al PACTO DE CORRUPTOS....ATACA LA TRANSPARENCIA Y DEFIENDE A LOS CORRUPTOS.,@quorumgt/videos,channel,quorum_complete_comments.csv | youtube_guatemala_plus_comments.csv,@FidelZacarias-ph7dy,hace 2 años,2,0,False,,2,False,2,Ése señor entrevistador pertenece al PACTO DE CORRUPTOS....ATACA LA TRANSPARENCIA Y DEFIENDE A LOS CORRUPTOS.,0,señor entrevistador pertenecer pacto corrupto atacar transparencia defender corrupto,109,9,True,NEG,0.01008174754679203,0.9495489597320557,0.04036934673786163,-0.9394672121852636,0.9495489597320557,1–2
6W4u8sGEnGM,UgyD5CIXnbXNiM-a4VF4AaABAg,Inician los trabajos de recuperación del Puente Belice II.,Gobierno de la República de Guatemala,UC-ZtFBHzgkYFh7whZkuR_Ag,@OttoPalencia-b7r,UC0HvfEWozTHbwl_iEmJNvVA,Si el presidente ha sido un buen presidente pues hay que botar por el hay muchos que han hablado mal de él pero ellos no hacen nada por gustemala,Gobierno de la República de Guatemala,topic,youtube_guatemala_plus_comments.csv | youtube_lab_targets_small_comments.csv,@OttoPalencia-b7r,hace 5 días,3,0,False,,3,False,3,Si el presidente ha sido un buen presidente pues hay que botar por el hay muchos que han hablado mal de él pero ellos no hacen nada por gustemala,0,presidente presidente botar hablar gustemala,145,5,True,NEG,0.15892323851585388,0.5897340178489685,0.2513427734375,-0.4308107793331146,0.5897340178489685,3–10
6W4u8sGEnGM,UgyE6hk1g9jR7zB67lV4AaABAg,Inician los trabajos de recuperación del Puente Belice II.,Gobierno de la República de Guatemala,UC-ZtFBHzgkYFh7whZkuR_Ag,@megavision4488,UC14qlobYKqD-DO0j6b75lcA,seria bueno tambien hecharle mano a la ejecucion del puente  del rio la pasion que todoavia se esta utilizando ferry hay que hacer un puente rapido.,Gobierno de la República de Guatemala,topic,youtube_guatemala_plus_comments.csv | youtube_lab_targets_small_comments.csv,@megavision4488,hace 3 días, ,0,False,,,True,0,seria bueno tambien hecharle mano a la ejecucion del puente  del rio la pasion que todoavia se esta utilizando ferry hay que hacer un puente rapido.,0,seriar hechar mano ejecucion puente río pasión todoavia utilizar ferry puente rápido,148,12,True,NEU,0.271847665309906,0.11280583590269089,0.6153464913368225,0.15904182940721512,0.6153464913368225,0
n8iP75gIpmw,UgyEM7_iOGkWV0SbNuB4AaABAg,Qué rico come tu diputado,Quorum,UCE4rsXcgDb6e1-a9iTbWzfg,@edwinavila4876,UCiGRBf2RNF0WRKhRVT7zFoA,"Lamentablemente en nuestro país sigue la misma sinverguenzada. Este diputado quiere tapar el sol con un dedo. Qué pasaría si un profesor quisiera que le pagaran su comida aparte de su sueldo porque le está enseñando a
 dibujar a un niño.",@quorumgt/videos,channel,quorum_complete_comments.csv | youtube_guatemala_plus_comments.csv,@edwinavila4876,hace 2 años, ,0,False,,,True,0,"Lamentablemente en nuestro país sigue la misma sinverguenzada. Este diputado quiere tapar el sol con un dedo. Qué pasaría si un profesor quisiera que le pagaran su comida aparte de su sueldo porque le está enseñando a
 dibujar a un niño.",0,lamentablemente sinverguenzado diputado tapar sol dedo pasar profesor quisiero pagar comida aparte sueldo enseñar dibujar niño,237,16,True,NEG,0.0037110804114490747,0.9573125243186951,0.03897643834352493,-0.953601443907246,0.9573125243186951,0
6W4u8sGEnGM,UgyFSrjeDvPsB0fKUdp4AaABAg,Inician los trabajos de recuperación del Puente Belice II.,Gobierno de la República de Guatemala,UC-ZtFBHzgkYFh7whZkuR_Ag,@elsasalguero6914,UCa36MjQLoPAmgJo-R3G8WQA,Que Dios bendiga al gobierno de Guatemala,Gobierno de la República de Guatemala,topic,youtube_guatemala_plus_comments.csv | youtube_lab_targets_small_comments.csv,@elsasalguero6914,hace 6 días,3,0,False,,3,False,3,Que Dios bendiga al gobierno de Guatemala,0,dios bendigar gobierno guatemala,41,4,True,POS,0.8117349147796631,0.027172431349754333,0.16109266877174377,0.7845624834299088,0.8117349147796631,3–10
06mFNPU0aB8,UgyHHYcKhbzXr6xEjth4AaABAg,Capturan a presuntos delincuentes disfrazados de mujer señalados de cometer asalto,Noti7,UCVpSRoZgngfSL03Nlbjtq9A,@franciscoflores3120,UCjZgFEowMBrsjodqfovzdKw,Ay que  usarlos  como  mujeres,guatemala noticias,topic,youtube_guatemala_comments.csv | youtube_guatemala_plus_comments.csv,@franciscoflores3120,hace 2 semanas, ,0,False,,,True,0,Ay que  usarlos  como  mujeres,0,mujer,30,1,True,NEU,0.36719459295272827,0.15503709018230438,0.4777683615684509,0.2121575027704239,0.4777683615684509,0
6W4u8sGEnGM,UgyHIuxG8A2lYDRB6vh4AaABAg,Inician los trabajos de recuperación del Puente Belice II.,Gobierno de la República de Guatemala,UC-ZtFBHzgkYFh7whZkuR_Ag,@carmenfigueroa1232,UC3YpzAr7pcdKC7BVFEpYzog,"Pues como no si a Guatemala desbancaron lo anteriores presidentes han barrido con todo 
Primero Dios puedan terminar este proyecto antes que entre otr@ ladron y después busquen culpables",Gobierno de la República de Guatemala,topic,youtube_guatemala_plus_comments.csv | youtube_lab_targets_small_comments.csv,@carmenfigueroa1232,hace 6 días (editado),4,1,False,,4,False,4,"Pues como no si a Guatemala desbancaron lo anteriores presidentes han barrido con todo 
Primero Dios puedan terminar este proyecto antes que entre otr@ ladron y después busquen culpables",0,guatemala desbancar president barrer terminar proyecto otr ladrón buscar culpable,186,10,True,NEG,0.013670885004103184,0.9232843518257141,0.06304480880498886,-0.9096134668216109,0.9232843518257141,3–10
6W4u8sGEnGM,UgyHIuxG8A2lYDRB6vh4AaABAg.A_zEyCTHfWFA_zWovudn2B,Inician los trabajos de recuperación del Puente Belice II.,Gobierno de la República de Guatemala,UC-ZtFBHzgkYFh7whZkuR_Ag,@Murmullodelbarrio,UCyJhqmMbsvjpoarBBStA2kg,"Por eso mismo
No permítanos otro partido corrupto de los mismos de antes para salvar todo lo que hoy estamos mirando",Gobierno de la República de Guatemala,topic,youtube_guatemala_plus_comments.csv | youtube_lab_targets_small_comments.csv,@Murmullodelbarrio,hace 6 días,1,0,False,,1,False,1,"Por eso mismo
No permítanos otro partido corrupto de los mismos de antes para salvar todo lo que hoy estamos mirando",0,permítano partido corrupto salvar mirar,116,5,True,NEG,0.008667857386171818,0.9270396828651428,0.06429244577884674,-0.918371825478971,0.9270396828651428,1–2
j43HgwYFKfk,UgyHcSyWHx2SKCg6db14AaABAg,La cooptación de Walter Mazariegos en la USAC,Quorum,UCE4rsXcgDb6e1-a9iTbWzfg,@estuardoargueta137,UCQqlPPUGqAfWjd-FSh_qn7Q,"Esa universidad se debe privatizar, es la universidad mas cara de Guatemala por estudiante egresado, es una carga tributaria innecesaria.",@quorumgt/videos,channel,quorum_complete_comments.csv | youtube_guatemala_plus_comments.csv,@estuardoargueta137,hace 1 año, ,0,False,,,True,0,"Esa universidad se debe privatizar, es la universidad mas cara de Guatemala por estudiante egresado, es una carga tributaria innecesaria.",0,universidad privatizar universidad cara guatemala estudiante egresado carga tributario innecesario,137,10,True,NEG,0.004076934885233641,0.9720025062561035,0.023920511826872826,-0.9679255713708699,0.9720025062561035,0
n8iP75gIpmw,UgyIX1zx3bbc9DsK8VR4AaABAg,Qué rico come tu diputado,Quorum,UCE4rsXcgDb6e1-a9iTbWzfg,@cesaraugustomoralesmonroy6907,UC8r11yOugM2NuRfitQOxLLg,"Qué tristeza que extranjeros que vinieron como policías a una institución internacional impuesta por la ""comunidad internacional"" supuestamente para combatir la impunidad, se hayan quedado como ""analistas"" y periodistas en Guatemala, comentando temas nacionales. Es la nueva conquista.",@quorumgt/videos,channel,quorum_complete_comments.csv | youtube_guatemala_plus_comments.csv,@cesaraugustomoralesmonroy6907,hace 2 años,1,0,False,,1,False,1,"Qué tristeza que extranjeros que vinieron como policías a una institución internacional impuesta por la ""comunidad internacional"" supuestamente para combatir la impunidad, se hayan quedado como ""analistas"" y periodistas en Guatemala, comentando temas nacionales. Es la nueva conquista.",0,tristeza extranjero venir policía institución internacional impuesto comunidad internacional supuestamente combatir impunidad quedar analista periodista guatemala comentar tema nacional conquista,285,20,True,NEG,0.003168020863085985,0.9789384603500366,0.017893481999635696,-0.9757704394869506,0.9789384603500366,1–2
PjmxCj-a9Hg,UgyIfQ-oDt0uVFZIq9d4AaABAg,Conferencia de Prensa del Gobierno de Guatemala. #LaRondaGt,Gobierno de la República de Guatemala,UC-ZtFBHzgkYFh7whZkuR_Ag,@pablobarrios7931,UCusjriFsDHEc2AOjqk-p5ig,"Guate tambien tiene gobierno PROGRE, LOS Y LAS DIPUTADAS,  JAJAJA
CIUDADANOS Y CIUDADANAS JAJAJA
CHIQUILLOS Y CHIQUILLOS JAJAJA
Los gobiernos PROGRES son los que estan llevando  a la ruina auchoa paises,  principalmente en occidente.  
Estos PROGRESS que se pongan a trabajar de manera mas activa por el Pais y no solo bla bla bla.   Se nesesita tomar.accion YA y no bla bla bla.",@GobiernodeGuatemala,topic,PjmxCj-a9Hg_out_comments.csv | youtube_guatemala_plus_comments.csv,@pablobarrios7931,hace 1 año,2,0,False,,2,False,2,"Guate tambien tiene gobierno PROGRE, LOS Y LAS DIPUTADAS,  JAJAJA
CIUDADANOS Y CIUDADANAS JAJAJA
CHIQUILLOS Y CHIQUILLOS JAJAJA
Los gobiernos PROGRES son los que estan llevando  a la ruina auchoa paises,  principalmente en occidente.  
Estos PROGRESS que se pongan a trabajar de manera mas activa por el Pais y no solo bla bla bla.   Se nesesita tomar.accion YA y no bla bla bla.",0,guate gobierno prograr diputada ciudadano ciudadana chiquillo chiquillo gobierno progr ruina auchoo principalmente occidente progres trabajar activo bla bla bla nesesitar tomar acción bla bla bla,379,26,True,NEG,0.021577265113592148,0.8736497759819031,0.10477292537689209,-0.8520725108683109,0.8736497759819031,1–2
ndAZjHqzzT8,UgyIteBIiYe7DjUN3554AaABAg,Internet: escoger el menos malo,Quorum,UCE4rsXcgDb6e1-a9iTbWzfg,@rwdm76,UCVC2QugcI1G4RvlCiUqd1aQ,EXCELENTE,@quorumgt/videos,channel,quorum_complete_comments.csv | youtube_guatemala_plus_comments.csv,@rwdm76,hace 11 meses, ,0,False,,,True,0,EXCELENTE,0,excelente,9,1,True,NEU,0.3187231123447418,0.2034144401550293,0.4778623580932617,0.11530867218971252,0.4778623580932617,0
lj983NWyAQY,UgyJ7QRY-X3DsJC-t-p4AaABAg,Plan 2032 Ciudad de Guatemala,Municipalidad de Guatemala,UCXa6LVjBzUtmcM3cwbd9e2w,@isaidiaz2388,UC5fvhAfm89JH8eDFdvc0xYw,Guate es Classic 👍💯,Municipalidad de Guatemala,topic,lj983NWyAQY_out_comments.csv | youtube_guatemala_plus_comments.csv,@isaidiaz2388,hace 5 años, ,0,False,,,True,0,Guate es Classic 👍💯,2,guate classic,19,2,True,POS,0.5169399380683899,0.04641056805849075,0.4366494417190552,0.47052937000989914,0.5169399380683899,0
PjmxCj-a9Hg,UgyJnStLEHxVNbAfd0p4AaABAg,Conferencia de Prensa del Gobierno de Guatemala. #LaRondaGt,Gobierno de la República de Guatemala,UC-ZtFBHzgkYFh7whZkuR_Ag,@mariavail8998,UCAV7QIjYhbDJaycQycM_0eQ,No dejen que nuestros hermanos Guatemalatecos qué esten encerrados en esse lugar pir favor 🙏 Autoridades sun  nuestros prójimos gracias señores 🙏 🙌 👏,@GobiernodeGuatemala,topic,PjmxCj-a9Hg_out_comments.csv | youtube_guatemala_plus_comments.csv,@mariavail8998,hace 1 año,3,0,False,,3,False,3,No dejen que nuestros hermanos Guatemalatecos qué esten encerrados en esse lugar pir favor 🙏 Autoridades sun  nuestros prójimos gracias señores 🙏 🙌 👏,4,dejar hermano guatemalateco estir encerrado esse lugar pir favor autoridad sun prójir gracias señor,149,14,True,NEG,0.10358581691980362,0.4518211781978607,0.4445929527282715,-0.3482353612780571,0.4518211781978607,3–10
n8iP75gIpmw,UgyMRj1sNq6Xkrqepst4AaABAg,Qué rico come tu diputado,Quorum,UCE4rsXcgDb6e1-a9iTbWzfg,@EnnioAroche,UC3E9mAgP7VoAE5mZoAexl5g,"Son realmente estos diputados unos aprovechados, mientras los jubilados del igss  ,algunos reciben 300.00 quetzales al mes y no los an apoyado.",@quorumgt/videos,channel,quorum_complete_comments.csv | youtube_guatemala_plus_comments.csv,@EnnioAroche,hace 1 año, ,0,False,,,True,0,"Son realmente estos diputados unos aprovechados, mientras los jubilados del igss  ,algunos reciben 300.00 quetzales al mes y no los an apoyado.",0,realmente diputado aprovechado jubilado igss recibir quetzales mes apoyar,143,9,True,NEG,0.0042871469631791115,0.9760298728942871,0.019682984799146652,-0.971742725931108,0.9760298728942871,0
n8iP75gIpmw,UgyN-BmjI1Qyr5moi-x4AaABAg,Qué rico come tu diputado,Quorum,UCE4rsXcgDb6e1-a9iTbWzfg,@ernestogamboa8737,UCB5p8a5gklc80jJItP6xTHg,"Aunqué contradiga, ellos están acostumbrados a hacer esto, comiendo a costillas del pueblo,",@quorumgt/videos,channel,quorum_complete_comments.csv | youtube_guatemala_plus_comments.csv,@ernestogamboa8737,hace 2 años,6,0,False,,6,False,6,"Aunqué contradiga, ellos están acostumbrados a hacer esto, comiendo a costillas del pueblo,",0,contradigar acostumbrado comer costilla pueblo,91,5,True,NEG,0.03051201067864895,0.7800399661064148,0.18944811820983887,-0.7495279554277658,0.7800399661064148,3–10
6W4u8sGEnGM,UgyNuIQ1W1M3g8ut6314AaABAg,Inician los trabajos de recuperación del Puente Belice II.,Gobierno de la República de Guatemala,UC-ZtFBHzgkYFh7whZkuR_Ag,@BorisTebalán,UC1NiEdJ7gk6FlDexIalWnGg,"Las verdad si ya es un hecho si el presidente se merece mucho respeto porque está haciendo en tristes 4 años ese proyecto.
MIENTRAS LOS CORRUPTOS HDP SOLO SE HAN HUEVIADO LAS MILLONADAS DE DINERO EN MAS DE 60 AÑOS NO HICIERON
 NI PURA MIERDA. 😡
Pero la gente burra aun así pienso que vamos a regresar con los corruptos hdpm a ser gobernados. 
ESPERO EQUIVOCARME",Gobierno de la República de Guatemala,topic,youtube_guatemala_plus_comments.csv | youtube_lab_targets_small_comments.csv,@BorisTebalán,hace 5 días, ,0,False,,,True,0,"Las verdad si ya es un hecho si el presidente se merece mucho respeto porque está haciendo en tristes 4 años ese proyecto.
MIENTRAS LOS CORRUPTOS HDP SOLO SE HAN HUEVIADO LAS MILLONADAS DE DINERO EN MAS DE 60 AÑOS NO HICIERON
 NI PURA MIERDA. 😡
Pero la gente burra aun así pienso que vamos a regresar con los corruptos hdpm a ser gobernados. 
ESPERO EQUIVOCARME",1,presidente merecer respeto triste proyecto corrupto hdp hueviar millonada dinero pura mierda gente burra pensar regresar corrupto hdpm gobernado esperar equivocar,361,21,True,NEG,0.005789057817310095,0.9747357368469238,0.019475145265460014,-0.9689466790296137,0.9747357368469238,0
yLZS3JiEBg8,UgyOyo4VyMiMOhqOkGd4AaABAg,Arroz con pollo a la MONOPOLIO,Quorum,UCE4rsXcgDb6e1-a9iTbWzfg,@miguelbran1268,UCdQAuWwyC99MB7Y02Umj26Q,"Y todo se resume en la letra pequeña, suena bonito pero no es así de fácil, vos crees realmente que Dionisio va a estar de acuerdo con dejar que otros vendan pollo y huevos, lo siento mucho pero tenes que detallar más en la letra pequeña.
Dionisio nunca va a dejar que eso pase, y si el está de acuerdo entonces perdemos los consumidores. El león no es como lo pintan.",@quorumgt/videos,channel,quorum_complete_comments.csv | youtube_guatemala_plus_comments.csv,@miguelbran1268,hace 2 años, ,0,False,,,True,0,"Y todo se resume en la letra pequeña, suena bonito pero no es así de fácil, vos crees realmente que Dionisio va a estar de acuerdo con dejar que otros vendan pollo y huevos, lo siento mucho pero tenes que detallar más en la letra pequeña.
Dionisio nunca va a dejar que eso pase, y si el está de acuerdo entonces perdemos los consumidores. El león no es como lo pintan.",0,resumir letra pequeño sonar bonito fácil crees realmente dionisio dejar vender pollo huevo sentir tén detallar letra pequeño dionisio dejar pasar perder consumidor león pintir,368,25,True,NEG,0.010623909533023834,0.8110071420669556,0.17836891114711761,-0.8003832325339317,0.8110071420669556,0
TT4qJ5FXHYE,UgyPm-2rnRLPav43Bt14AaABAg,"I’x K’at: el primer equipo guatemalteco de pelota maya, conformado únicamente por mujeres.",Quorum,UCE4rsXcgDb6e1-a9iTbWzfg,@taniagabrielacelis8434,UCtowGNY2lnlg6O2CkwDgkLg,"¡Aplaudo y celebro su iniciativa! Desde Puebla, me enorgullece conocer un grupo femenino de Ulama 😊❤️.",@quorumgt/videos,channel,quorum_complete_comments.csv | youtube_guatemala_plus_comments.csv,@taniagabrielacelis8434,hace 3 años,2,0,False,,2,False,2,"¡Aplaudo y celebro su iniciativa! Desde Puebla, me enorgullece conocer un grupo femenino de Ulama 😊❤️.",3,aplaudo celebro iniciativa puebla enorgullecer grupo femenino ulama,102,8,True,POS,0.9634801149368286,0.00511669646948576,0.03140314295887947,0.9583634184673429,0.9634801149368286,1–2
OkXlHx0hx-8,UgyQQbXS_Q_JYcSefap4AaABAg,EE.UU. envía a mexicanos deportados a Guatemala antes de su regreso a México | Noticias Telemundo,Noticias Telemundo,UCRwA1NUcUnwsly35ikGhp0A,@MarioCortez-o6v,UCp_dAUfv8i3LW3zWc24dLaQ,Regresaron sin nada 😂😂,guatemala noticias,topic,youtube_guatemala_comments.csv | youtube_guatemala_plus_comments.csv,@MarioCortez-o6v,hace 1 día,1,0,False,,1,False,1,Regresaron sin nada 😂😂,2,regresar,22,1,True,NEU,0.03975498303771019,0.4231613278388977,0.5370837450027466,-0.3834063448011875,0.5370837450027466,1–2
UhL9y3KUl8E,UgyQxncw9dtHgZFgp014AaABAg,SHAI WA: la vecina queer de Casa Presidencial,Quorum,UCE4rsXcgDb6e1-a9iTbWzfg,@aditalissethevasquezrojas8039,UC_NRVt2UP88ZNTwzrZ66JSg,"Gracias por este video, que importante conocer este tipo de espacios.",@quorumgt/videos,channel,quorum_complete_comments.csv | youtube_guatemala_plus_comments.csv,@aditalissethevasquezrojas8039,hace 3 años,2,0,False,,2,False,2,"Gracias por este video, que importante conocer este tipo de espacios.",0,gracias video importante tipo espacio,69,5,True,POS,0.9743415117263794,0.002790754893794656,0.022867664694786072,0.9715507568325847,0.9743415117263794,1–2
j43HgwYFKfk,UgyRmKHMG-ygpot6nY14AaABAg,La cooptación de Walter Mazariegos en la USAC,Quorum,UCE4rsXcgDb6e1-a9iTbWzfg,@Jel.Awesh.M,UCylqlpsh8ENNM1LqgQ1KbxA,"Triste la realidad de la USAC, y buen video, ojalá saque más frecuentemente.",@quorumgt,topic,j43HgwYFKfk_out_comments.csv | quorum_complete_comments.csv | youtube_guatemala_plus_comments.csv,@Jel.Awesh.M,hace 1 año,1,0,False,,1,False,1,"Triste la realidad de la USAC, y buen video, ojalá saque más frecuentemente.",0,triste realidad usac video ojalá sacar frecuentemente,76,7,True,NEG,0.08636554330587387,0.6793707609176636,0.23426371812820435,-0.5930052176117897,0.6793707609176636,1–2
j43HgwYFKfk,UgyS31-ujtXB5VmjBRV4AaABAg,La cooptación de Walter Mazariegos en la USAC,Quorum,UCE4rsXcgDb6e1-a9iTbWzfg,@ligiaguerra3057,UCRvPToDkkumha7WJAfCDk1A,Que asco,@quorumgt/videos,channel,quorum_complete_comments.csv | youtube_guatemala_plus_comments.csv,@ligiaguerra3057,hace 1 año, ,0,False,,,True,0,Que asco,0,asco,8,1,True,NEG,0.028887292370200157,0.8485827445983887,0.1225300133228302,-0.8196954522281885,0.8485827445983887,0
PjmxCj-a9Hg,UgySlQlmZmrLAq5JsLx4AaABAg,Conferencia de Prensa del Gobierno de Guatemala. #LaRondaGt,Gobierno de la República de Guatemala,UC-ZtFBHzgkYFh7whZkuR_Ag,@kevinochoa3695,UCPZueDLrCS4BmTBRMA4q0fA,"Bienvenido el tren maya 🎉 como hay ineptos que se oponen a esta gran colaboración estamos hablando de desarrollo para nuestra frontera, desarrollo para el país en general acaso no saben cuantos turistas genera al año? imagínense de aquí a 10 años ya con el tren maya y todo nuestro país conectado logísticamente con trenes",@GobiernodeGuatemala,topic,PjmxCj-a9Hg_out_comments.csv | youtube_guatemala_plus_comments.csv,@kevinochoa3695,hace 1 año,1,1,False,,1,False,1,"Bienvenido el tren maya 🎉 como hay ineptos que se oponen a esta gran colaboración estamos hablando de desarrollo para nuestra frontera, desarrollo para el país en general acaso no saben cuantos turistas genera al año? imagínense de aquí a 10 años ya con el tren maya y todo nuestro país conectado logísticamente con trenes",1,bienvenir tren maya inepto oponer colaboración hablar desarrollo frontera desarrollo general acaso turista generar imagínense tren maya conectado logísticamente tren,322,20,True,NEG,0.06412286311388016,0.6556767821311951,0.280200332403183,-0.5915539190173149,0.6556767821311951,1–2
PjmxCj-a9Hg,UgySlQlmZmrLAq5JsLx4AaABAg.ALh5XYlqNufALhOuUP3UYB,Conferencia de Prensa del Gobierno de Guatemala. #LaRondaGt,Gobierno de la República de Guatemala,UC-ZtFBHzgkYFh7whZkuR_Ag,@Burgos68,UC7IMsCxfZyWN7YQo8-JYa6Q,"Me agrado lo que usted a dicho, es cierto hay muchas personas que no piensan en el desarrollo mutuo y en el lugar de hacer comentarios de felicitaciones al Gobierno por éste desarrollo solidario,  se ponen hablar estupideces.",@GobiernodeGuatemala,topic,PjmxCj-a9Hg_out_comments.csv | youtube_guatemala_plus_comments.csv,@Burgos68,hace 1 año, ,0,False,,,True,0,"Me agrado lo que usted a dicho, es cierto hay muchas personas que no piensan en el desarrollo mutuo y en el lugar de hacer comentarios de felicitaciones al Gobierno por éste desarrollo solidario,  se ponen hablar estupideces.",0,agrar persona pensar desarrollo mutuo lugar comentario felicitación gobierno desarrollo solidario hablar estupidez,225,13,True,NEG,0.008370330557227135,0.9636765718460083,0.027953065931797028,-0.9553062412887812,0.9636765718460083,0
lj983NWyAQY,UgySttznhywvGXZyF-N4AaABAg,Plan 2032 Ciudad de Guatemala,Municipalidad de Guatemala,UCXa6LVjBzUtmcM3cwbd9e2w,@crislexrubi4387,UCHMQ_lDhibZ-XZ_3fo6oxwg,Muy bello Guatemala. Saludos desde Honduras,Municipalidad de Guatemala,topic,lj983NWyAQY_out_comments.csv | youtube_guatemala_plus_comments.csv,@crislexrubi4387,hace 7 años,16,0,False,,16,False,16,Muy bello Guatemala. Saludos desde Honduras,0,bello guatemala saludo hondura,43,4,True,POS,0.9602110385894775,0.0054620797745883465,0.034326884895563126,0.9547489588148892,0.9602110385894775,11–50
n8iP75gIpmw,UgyVLVHQ4zNBKTTDxtp4AaABAg,Qué rico come tu diputado,Quorum,UCE4rsXcgDb6e1-a9iTbWzfg,@inge_vergueta,UCpsKOkt5iWTbenzeuq7dsmQ,Que se podía esperar de ese diputado que estuvo con Manuel Baldizon es otro delincuente. La gente tiene que aprender a votar por el congreso también porque solo meten lacras en el congreso 😷😷,@quorumgt/videos,channel,quorum_complete_comments.csv | youtube_guatemala_plus_comments.csv,@inge_vergueta,hace 2 años,1,0,False,,1,False,1,Que se podía esperar de ese diputado que estuvo con Manuel Baldizon es otro delincuente. La gente tiene que aprender a votar por el congreso también porque solo meten lacras en el congreso 😷😷,2,esperar diputado manuel baldizón delincuente gente aprender votar congreso metar lacra congreso,191,12,True,NEG,0.004869385622441769,0.9356070756912231,0.0595235601067543,-0.9307376900687814,0.9356070756912231,1–2
j43HgwYFKfk,UgyWzgDknElvfn9oFJZ4AaABAg,La cooptación de Walter Mazariegos en la USAC,Quorum,UCE4rsXcgDb6e1-a9iTbWzfg,@lesolorzano,UC7dadZG7kkGYnsNu6td0FbA,Nubes negras sobre el CSU. Empieza a oler a democracia.,@quorumgt,topic,j43HgwYFKfk_out_comments.csv | quorum_complete_comments.csv | youtube_guatemala_plus_comments.csv,@lesolorzano,hace 1 año,18,0,False,,18,False,18,Nubes negras sobre el CSU. Empieza a oler a democracia.,0,nube negro csu empezar oler democracia,55,6,True,NEG,0.03107793815433979,0.7635281085968018,0.2053939551115036,-0.732450170442462,0.7635281085968018,11–50
n8iP75gIpmw,UgyX06qZFc3cNK6223J4AaABAg,Qué rico come tu diputado,Quorum,UCE4rsXcgDb6e1-a9iTbWzfg,@josecarrera9623,UCrJn_rbo_ENAdeqneS-RmRw,"q mira el presidente Ramos
seguir .anteniendo esos.mantenidos y mucha jente con ambre q yeben su almuerzo d su casa esos simverguenzas y no asen nada bueno por guatemala solo cobrar el finde.mes y comor",@quorumgt/videos,channel,quorum_complete_comments.csv | youtube_guatemala_plus_comments.csv,@josecarrera9623,hace 2 años, ,0,False,,,True,0,"q mira el presidente Ramos
seguir .anteniendo esos.mantenidos y mucha jente con ambre q yeben su almuerzo d su casa esos simverguenzas y no asen nada bueno por guatemala solo cobrar el finde.mes y comor",0,mirar presidente ramos seguir anteneir mantenido jente ambre yebir almuerzo casa simverguenza guatemala cobrar finde mes comor,202,17,True,NEG,0.0044260104186832905,0.9690243005752563,0.026549682021141052,-0.9645982901565731,0.9690243005752563,0
is3Mk5oC19g,UgyXTA5oFwzI70TKCUd4AaABAg,Capturan a ladrón que había quedado grabado mientras robaba en una parroquia de Retalhuleu,TN23 Guatemala,UCt5Dw7ePnn0AqPqRF8Xpjkw,@denilsonlopez4083,UCFFrEmn6lPYiWyElpfzTy5Q,El humano la misma 💩💩💩,guatemala noticias,topic,youtube_guatemala_comments.csv | youtube_guatemala_plus_comments.csv,@denilsonlopez4083,hace 21 horas, ,0,False,,,True,0,El humano la misma 💩💩💩,3,humano,22,1,True,NEG,0.00943934079259634,0.8698673844337463,0.12069324404001236,-0.86042804364115,0.8698673844337463,0
TT4qJ5FXHYE,UgyYPJkzW5rbOUI_vcd4AaABAg,"I’x K’at: el primer equipo guatemalteco de pelota maya, conformado únicamente por mujeres.",Quorum,UCE4rsXcgDb6e1-a9iTbWzfg,@Santiago.Nolasco,UCNiMNUJvaRJb0_QLClqwVnA,Excelente iniciativa,@quorumgt/videos,channel,quorum_complete_comments.csv | youtube_guatemala_plus_comments.csv,@Santiago.Nolasco,hace 3 años,2,0,False,,2,False,2,Excelente iniciativa,0,excelente iniciativa,20,2,True,POS,0.922093391418457,0.008101856335997581,0.06980480998754501,0.9139915350824594,0.922093391418457,1–2
lj983NWyAQY,UgyYRHeJlfB9VF69LSp4AaABAg,Plan 2032 Ciudad de Guatemala,Municipalidad de Guatemala,UCXa6LVjBzUtmcM3cwbd9e2w,@alexandrevasquez4135,UCs_5qeqdku9tGAq22y3OcuQ,Me da mucha emoción q la ciudad de guatemala va prosperando algún día vamos hacer una de las ciudades mas famosas del mundo con alta tecnologia q china me gusta mucho este proyecto y ojalay q se cumpla..,Municipalidad de Guatemala,topic,lj983NWyAQY_out_comments.csv | youtube_guatemala_plus_comments.csv,@alexandrevasquez4135,hace 7 años,4,0,False,,4,False,4,Me da mucha emoción q la ciudad de guatemala va prosperando algún día vamos hacer una de las ciudades mas famosas del mundo con alta tecnologia q china me gusta mucho este proyecto y ojalay q se cumpla..,0,emoción ciudad guatemala prosperar ciudad famoso mundo alto tecnología chino gustar proyecto ojalay cumplir,203,14,True,POS,0.9734967947006226,0.0027416071388870478,0.02376166358590126,0.9707551875617355,0.9734967947006226,3–10
j43HgwYFKfk,UgyYaWYhDStGYWDGkb94AaABAg,La cooptación de Walter Mazariegos en la USAC,Quorum,UCE4rsXcgDb6e1-a9iTbWzfg,@lidiarodriguez3493,UCCBYcToQ2dwkd6TJh0FSyDg,"Importante información la. Usac de ser oposición se volvió servil, se va recuperar 👍",@quorumgt/videos,channel,quorum_complete_comments.csv | youtube_guatemala_plus_comments.csv,@lidiarodriguez3493,hace 1 año, ,0,False,,,True,0,"Importante información la. Usac de ser oposición se volvió servil, se va recuperar 👍",1,importante información usac oposición volver servil recuperar,84,7,True,NEU,0.02873951755464077,0.40646839141845703,0.5647921562194824,-0.37772887386381626,0.5647921562194824,0
yLZS3JiEBg8,UgyYh5BUgByoCy2qNBR4AaABAg,Arroz con pollo a la MONOPOLIO,Quorum,UCE4rsXcgDb6e1-a9iTbWzfg,@angelmartinez9523,UCxcoDvP-g2_KTZDmVZtvb3w,"En resumen son periodistas patéticos y poco profesionales. Si van a dar información, no la den a medias. 
1. Existe inflación, la cual fue más alta que los datos que están proporcionado, esto afecta a las empresas o el propósito es que ahora las empresas subsidien lo que venden? 
2. Los precios internacionales aplican cuando una empresa o persona oferta o compra en bolsas de valores. Existen diferentes calidades. 
3. Existen aranceles que pagan las importaciones al menos que vayan a ser procesados y exportados (ej. beneficio 2989), el DAI en la mayoría de casos es de 10%  más IVA de 12%, más ISR y otros. Esto va desde carros a cebolla a frijoles y arroz. 
No se quejan de todos los carros importados pero aún así las agencias venden más y está en manos de pocos grupos. 
4. Los margenes netos de las industrias mencionadas a disminuido. Expliquen porque.
5. Estas empresas siguen porque han conseguido la manera de hacerlo rentable, pero cualquiera puede producir, vender, importar o exportar. La diferencia es que no saben cómo hacerlo y no tienen el dinero (la verdadera barrera de entrada). 
6. El ingenio que hablan no está en otro país por las condiciones que mencionan, lo cual desacredita que todo lo que digan sea cierto.",@quorumgt/videos,channel,quorum_complete_comments.csv | youtube_guatemala_plus_comments.csv,@angelmartinez9523,hace 2 años, ,0,False,,,True,0,"En resumen son periodistas patéticos y poco profesionales. Si van a dar información, no la den a medias. 
1. Existe inflación, la cual fue más alta que los datos que están proporcionado, esto afecta a las empresas o el propósito es que ahora las empresas subsidien lo que venden? 
2. Los precios internacionales aplican cuando una empresa o persona oferta o compra en bolsas de valores. Existen diferentes calidades. 
3. Existen aranceles que pagan las importaciones al menos que vayan a ser procesados y exportados (ej. beneficio 2989), el DAI en la mayoría de casos es de 10%  más IVA de 12%, más ISR y otros. Esto va desde carros a cebolla a frijoles y arroz. 
No se quejan de todos los carros importados pero aún así las agencias venden más y está en manos de pocos grupos. 
4. Los margenes netos de las industrias mencionadas a disminuido. Expliquen porque.
5. Estas empresas siguen porque han conseguido la manera de hacerlo rentable, pero cualquiera puede producir, vender, importar o exportar. La diferencia es que no saben cómo hacerlo y no tienen el dinero (la verdadera barrera de entrada). 
6. El ingenio que hablan no está en otro país por las condiciones que mencionan, lo cual desacredita que todo lo que digan sea cierto.",0,resumen periodista patético profesional información medias inflación alto dato proporcionado afectar empresa propósito empresa subsidiar vender precio internacional aplicar empresa persona oferta compra bolsa valor calidad arancel pagar importación procesar exportado beneficio dai mayoría caso ivo isr carro cebolla frijol arroz quejar carro importado agencia vender manos grupo margen neto industria mencionado disminuido explicar empresa seguir rentable cualquiera producir vender importar exportar diferencia dinero barrera entrada ingenio condición mencionar desacreditar,1237,70,True,NEG,0.004147745203226805,0.9343358874320984,0.061516325920820236,-0.9301881422288716,0.9343358874320984,0
j43HgwYFKfk,UgyZ2zEvW_CClk8k15F4AaABAg,La cooptación de Walter Mazariegos en la USAC,Quorum,UCE4rsXcgDb6e1-a9iTbWzfg,@dinoraoroxon5771,UCW-JC6lebVmf2P1dmY_L94g,"Felicitaciones,muy buena información sobre  ese caso ni los medios informan la veracidad de todo esto,en verdad felicitaciones ojala todos los universitarios fieran como usted,sigan peleando sus derechos",@quorumgt,topic,j43HgwYFKfk_out_comments.csv | quorum_complete_comments.csv | youtube_guatemala_plus_comments.csv,@dinoraoroxon5771,hace 4 meses, ,0,False,,,True,0,"Felicitaciones,muy buena información sobre  ese caso ni los medios informan la veracidad de todo esto,en verdad felicitaciones ojala todos los universitarios fieran como usted,sigan peleando sus derechos",0,felicitación información caso informar veracidad felicitación ojalá universitario feír seguir pelear derecho,203,12,True,POS,0.8971847891807556,0.015963317826390266,0.0868518203496933,0.8812214713543653,0.8971847891807556,0
j43HgwYFKfk,Ugy_6i8lJAd2eVIRNjx4AaABAg,La cooptación de Walter Mazariegos en la USAC,Quorum,UCE4rsXcgDb6e1-a9iTbWzfg,@NataliaRodriguez-rx5mr,UCgJNFj5dnxXpcMvmuhZDPxA,Excelente vídeo!,@quorumgt,topic,j43HgwYFKfk_out_comments.csv | quorum_complete_comments.csv | youtube_guatemala_plus_comments.csv,@NataliaRodriguez-rx5mr,hace 1 año,1,0,False,,1,False,1,Excelente vídeo!,0,excelente video,16,2,True,POS,0.9164499044418335,0.011400705203413963,0.072149358689785,0.9050491992384195,0.9164499044418335,1–2
n8iP75gIpmw,Ugy__nsWCBggw9EzOUd4AaABAg,Qué rico come tu diputado,Quorum,UCE4rsXcgDb6e1-a9iTbWzfg,@eddymunoz9789,UCFoIAE8k82D6AV-8gjjKaNg,"Lo que sucede señor diputado es que por trabajar en favor de la población es su trabajo y se le paga por eso, no le podemos quemar cuetes por cada dis que logro, asi que si es justo que los Respetables Periodistas investiguen las anomalías, no quiera darle vuelta a la tortilla😅😅😅😅 pues usted lobdice de forma tan fantaciosa como si a usted se le debiera celebrar el que trabaja!",@quorumgt/videos,channel,quorum_complete_comments.csv | youtube_guatemala_plus_comments.csv,@eddymunoz9789,hace 2 años,1,1,False,,1,False,1,"Lo que sucede señor diputado es que por trabajar en favor de la población es su trabajo y se le paga por eso, no le podemos quemar cuetes por cada dis que logro, asi que si es justo que los Respetables Periodistas investiguen las anomalías, no quiera darle vuelta a la tortilla😅😅😅😅 pues usted lobdice de forma tan fantaciosa como si a usted se le debiera celebrar el que trabaja!",4,suceder señor diputado trabajar favor población trabajo pagar quemar cuet dis lograr justo respetabl periodista investigar anomalía vuelta tortilla lobdizar forma fantaciós deber celebrar trabajar,379,25,True,NEG,0.007878129370510578,0.8966668248176575,0.09545503556728363,-0.8887886954471469,0.8966668248176575,1–2
n8iP75gIpmw,Ugy__nsWCBggw9EzOUd4AaABAg.A7lbRpGUZoHA7nJxaD37u-,Qué rico come tu diputado,Quorum,UCE4rsXcgDb6e1-a9iTbWzfg,@HaroldoCastillo-rh9iw,UCFjudnPLoaSL1BaRuLahyHg,Cierto.,@quorumgt/videos,channel,quorum_complete_comments.csv | youtube_guatemala_plus_comments.csv,@HaroldoCastillo-rh9iw,hace 2 años,1,0,False,,1,False,1,Cierto.,0,,7,0,False,NEU,0.27802029252052307,0.24235108494758606,0.4796285927295685,0.03566920757293701,0.4796285927295685,1–2
j43HgwYFKfk,Ugy_ejYOfCK6ERWL_dt4AaABAg,La cooptación de Walter Mazariegos en la USAC,Quorum,UCE4rsXcgDb6e1-a9iTbWzfg,@FernandoGarcia-jg1fj,UCe8JZoYkX5oKUZyivHYdXhw,"Entiendo lo grave de mi alma mater, ahora decir puchica, simon ya vas no hace más cercano el mensaje aleja la gravedad de este, esta hablando con universitarios no con sus cuates, los del barrio o perdón  la mara, por esa eterna adolescencia es que nadie lo trata con seriedad",@quorumgt,topic,j43HgwYFKfk_out_comments.csv | quorum_complete_comments.csv | youtube_guatemala_plus_comments.csv,@FernandoGarcia-jg1fj,hace 2 meses, ,0,False,,,True,0,"Entiendo lo grave de mi alma mater, ahora decir puchica, simon ya vas no hace más cercano el mensaje aleja la gravedad de este, esta hablando con universitarios no con sus cuates, los del barrio o perdón  la mara, por esa eterna adolescencia es que nadie lo trata con seriedad",0,entender grave alma mater puchica simon cercano mensaje alejar gravedad hablar universitario cuat barrio perdón mara eterno adolescencia seriedad,276,19,True,NEG,0.0021555733401328325,0.9492124319076538,0.048631928861141205,-0.947056858567521,0.9492124319076538,0
ndAZjHqzzT8,Ugy_hCCLd8GwWbnIbsd4AaABAg,Internet: escoger el menos malo,Quorum,UCE4rsXcgDb6e1-a9iTbWzfg,@cmorera21,UCnU8wO1OurAmGstDw6VGjgQ,"Excelente video, gracias por contarnos cómo son este par de empresas cuando están solitas en un pais. Y pensar que aquí en Costa Rica nos quejamos por mucho menos. Le cuento como es aquí:
Yo soy cliente de Claro en el celular y la verdad, aunque la cobertura ha mejorado mucho, aún le falta. Eso si, la velocidad de internet y claridad al llamar son excelentes y las facturas muy claras.
Tengo Tigo residencial y no me puedo quejar, la velocidad es estable y falla muy poco dónde vivo. Y eso que no vivo para nada en la capital ni una cabecera de provincia, como les decimos aquí. A veces ha pasado que hasta hay huracanes y el internet como si nada. Aquí la ley indica que un cliente de servicio celular puede cambiarse hasta 5 veces de operador/plan por año y seguir con su número, el cuál es un derecho del cliente y cuyo dueño legal es la Sutel, la superintendencia de aquí.
El 3er competidor es el estatal ICE que también tiene aún buena cuota de mercado.
Hay muchas cableras regionales aparte de las 4 grandes nacionales (Tigo, Liberty (antes Movistar), Telecable y Kolbi que es del ICE).
Claro como proveedor de tv satelital está por todo el país, pero en fibra óptica apenas en algunos distritos de San José, la capital del país. El problema para los que tenemos Tigo (único proveedor en mi barrio) es que no hay servicio de fibra, solo cobre aún, y eso que hasta el ICE ya está reemplazado sus viejas líneas de par de cobre por fibra en todo el país.
En fin, solo quería contarle cómo funciona en otro país del área.",@quorumgt/videos,channel,quorum_complete_comments.csv | youtube_guatemala_plus_comments.csv,@cmorera21,hace 2 años, ,0,False,,,True,0,"Excelente video, gracias por contarnos cómo son este par de empresas cuando están solitas en un pais. Y pensar que aquí en Costa Rica nos quejamos por mucho menos. Le cuento como es aquí:
Yo soy cliente de Claro en el celular y la verdad, aunque la cobertura ha mejorado mucho, aún le falta. Eso si, la velocidad de internet y claridad al llamar son excelentes y las facturas muy claras.
Tengo Tigo residencial y no me puedo quejar, la velocidad es estable y falla muy poco dónde vivo. Y eso que no vivo para nada en la capital ni una cabecera de provincia, como les decimos aquí. A veces ha pasado que hasta hay huracanes y el internet como si nada. Aquí la ley indica que un cliente de servicio celular puede cambiarse hasta 5 veces de operador/plan por año y seguir con su número, el cuál es un derecho del cliente y cuyo dueño legal es la Sutel, la superintendencia de aquí.
El 3er competidor es el estatal ICE que también tiene aún buena cuota de mercado.
Hay muchas cableras regionales aparte de las 4 grandes nacionales (Tigo, Liberty (antes Movistar), Telecable y Kolbi que es del ICE).
Claro como proveedor de tv satelital está por todo el país, pero en fibra óptica apenas en algunos distritos de San José, la capital del país. El problema para los que tenemos Tigo (único proveedor en mi barrio) es que no hay servicio de fibra, solo cobre aún, y eso que hasta el ICE ya está reemplazado sus viejas líneas de par de cobre por fibra en todo el país.
En fin, solo quería contarle cómo funciona en otro país del área.",0,excelente video gracias contarno par empresa solito pensar costa rico quejar contar cliente celular cobertura mejorar faltar velocidad internet claridad llamar excelente factura tigo residencial quejar velocidad estable fallar vivir vivir capital cabecera provincia huracán internet ley indicar cliente servicio celular cambiar operador plan seguir número derecho cliente cuyo dueño legal sutel superintendencia 3er competidor estatal izar cuota mercado cablera regional aparte nacional tigo liberty movistar telecable kolbi ice proveedor satelital fibra óptico distrito san josé capital problema tigo único proveedor barrio servicio fibra cobre ice reemplazado vieja línea par cobre fibra contar funcionar área,1525,95,True,NEU,0.41915959119796753,0.09519820660352707,0.4856422245502472,0.32396138459444046,0.4856422245502472,0
PjmxCj-a9Hg,Ugyav8Au2cT8yVfYgp54AaABAg,Conferencia de Prensa del Gobierno de Guatemala. #LaRondaGt,Gobierno de la República de Guatemala,UC-ZtFBHzgkYFh7whZkuR_Ag,@CarlosCortez-v5r,UCf5lnNZF7Qrtli9v4N_23WQ,Platiquen de petróleo  y del hospital de rabinal que paso,@GobiernodeGuatemala,topic,PjmxCj-a9Hg_out_comments.csv | youtube_guatemala_plus_comments.csv,@CarlosCortez-v5r,hace 1 año, ,0,False,,,True,0,Platiquen de petróleo  y del hospital de rabinal que paso,0,platicar petróleo hospital rabinal pasar,57,5,True,NEG,0.015162847004830837,0.5536412000656128,0.431196004152298,-0.538478353060782,0.5536412000656128,0
j43HgwYFKfk,Ugyb2uIeZGcNljNqap94AaABAg,La cooptación de Walter Mazariegos en la USAC,Quorum,UCE4rsXcgDb6e1-a9iTbWzfg,@rogeraldana4289,UCW80DaMjQlEUibC98Cot-Dg,"Que pena que estos pusilánimes muertos de hambre de poder estén llevando a la Universidad a denigrar la democracia en Guatemala empezando con sus elecciones fraudulentas. 
Pero si bien es cierto todo lo mal habido se acaba.",@quorumgt/videos,channel,quorum_complete_comments.csv | youtube_guatemala_plus_comments.csv,@rogeraldana4289,hace 1 año, ,0,False,,,True,0,"Que pena que estos pusilánimes muertos de hambre de poder estén llevando a la Universidad a denigrar la democracia en Guatemala empezando con sus elecciones fraudulentas. 
Pero si bien es cierto todo lo mal habido se acaba.",0,penar pusilánim muerto hambre universidad denigrar democracia guatemala empezar elección fraudulento acabar,223,12,True,NEG,0.004635313060134649,0.9818130731582642,0.013551643118262291,-0.9771777600981295,0.9818130731582642,0
n8iP75gIpmw,UgycKHbiLBi0WcSs8sh4AaABAg,Qué rico come tu diputado,Quorum,UCE4rsXcgDb6e1-a9iTbWzfg,@raquelprado3643,UCL13XhnRzbGokEkCkEOb0-g,Nunca trabajan para el pueblo si no para si mismos,@quorumgt/videos,channel,quorum_complete_comments.csv | youtube_guatemala_plus_comments.csv,@raquelprado3643,hace 2 años,7,0,False,,7,False,7,Nunca trabajan para el pueblo si no para si mismos,0,trabajar pueblo,50,2,True,NEG,0.01169508695602417,0.9014135003089905,0.08689149469137192,-0.8897184133529663,0.9014135003089905,3–10
j43HgwYFKfk,UgyciTatiqHr2BpFTqJ4AaABAg,La cooptación de Walter Mazariegos en la USAC,Quorum,UCE4rsXcgDb6e1-a9iTbWzfg,@laboratorio5528,UCDrmf9y9nLgFY5wnA2hTuGA,Excelente vídeo!! Sería bueno extender este video y mencionar los nombres y facultades a los representantes que ya estan ilegalmente en su cargo,@quorumgt,topic,j43HgwYFKfk_out_comments.csv | quorum_complete_comments.csv | youtube_guatemala_plus_comments.csv,@laboratorio5528,hace 1 año (editado),1,0,False,,1,False,1,Excelente vídeo!! Sería bueno extender este video y mencionar los nombres y facultades a los representantes que ya estan ilegalmente en su cargo,0,excelente video extender video mencionar nombre facultad representante ilegalmente cargo,144,10,True,NEU,0.3933144807815552,0.025244126096367836,0.581441342830658,0.36807035468518734,0.581441342830658,1–2
n8iP75gIpmw,UgydkbyzemdvsBJrYxt4AaABAg,Qué rico come tu diputado,Quorum,UCE4rsXcgDb6e1-a9iTbWzfg,@JuanChang-r6k,UCTD6q1nyIe3Y7HhqjaMj72w,"Entonces, no se postulen para diputados si dicen que no alcanza el dinero",@quorumgt/videos,channel,quorum_complete_comments.csv | youtube_guatemala_plus_comments.csv,@JuanChang-r6k,hace 2 años,8,0,False,,8,False,8,"Entonces, no se postulen para diputados si dicen que no alcanza el dinero",0,postular diputado alcanzar dinero,73,4,True,NEG,0.008989623747766018,0.8079643249511719,0.18304601311683655,-0.7989747012034059,0.8079643249511719,3–10
lj983NWyAQY,UgyeTw07aydjDqK4crN4AaABAg,Plan 2032 Ciudad de Guatemala,Municipalidad de Guatemala,UCXa6LVjBzUtmcM3cwbd9e2w,@jhonymanuel9891,UC0aEyakBPqcBkVJiErfSupQ,Wow una ciudad de futuro,Municipalidad de Guatemala,topic,lj983NWyAQY_out_comments.csv | youtube_guatemala_plus_comments.csv,@jhonymanuel9891,hace 7 años,70,0,False,,70,False,70,Wow una ciudad de futuro,0,wow ciudad futuro,24,3,True,POS,0.8737464547157288,0.007245311513543129,0.11900823563337326,0.8665011432021856,0.8737464547157288,>50
n8iP75gIpmw,Ugyeb8_nptWKXnFXH8F4AaABAg,Qué rico come tu diputado,Quorum,UCE4rsXcgDb6e1-a9iTbWzfg,@byronpontaza,UChs3tU2BcKOT0CezykvAsGw,"Porque este programa no habla de la corrupción, de los negocios de Miguelito y Giamatei, o será que ellos les pagan",@quorumgt/videos,channel,quorum_complete_comments.csv | youtube_guatemala_plus_comments.csv,@byronpontaza,hace 2 años,1,0,False,,1,False,1,"Porque este programa no habla de la corrupción, de los negocios de Miguelito y Giamatei, o será que ellos les pagan",0,programa corrupción negocio miguelito giamatei pagar,115,6,True,NEG,0.01156308688223362,0.8387603759765625,0.14967647194862366,-0.8271972890943289,0.8387603759765625,1–2
n8iP75gIpmw,Ugyejets0FNr0Zh-VuZ4AaABAg,Qué rico come tu diputado,Quorum,UCE4rsXcgDb6e1-a9iTbWzfg,@edvinparedesherrera7632,UC650pRT-OYzny3GwOH8Cgfw,Que indignante saber como se artan estos coches y finalmente el pueblo esta ciendo dañado,@quorumgt/videos,channel,quorum_complete_comments.csv | youtube_guatemala_plus_comments.csv,@edvinparedesherrera7632,hace 2 años,1,0,False,,1,False,1,Que indignante saber como se artan estos coches y finalmente el pueblo esta ciendo dañado,0,indignante artar coche finalmente pueblo ceir dañado,89,7,True,NEG,0.0021781325340270996,0.9859070777893066,0.011914769187569618,-0.9837289452552795,0.9859070777893066,1–2
n8iP75gIpmw,UgyfMf4MkQsDKavjbLV4AaABAg,Qué rico come tu diputado,Quorum,UCE4rsXcgDb6e1-a9iTbWzfg,@ErvinLeonardoCarreraLatín,UC9vMq1YF-e7C-VO0SHkbUTA,P..... Como no es su dinero  les vale v....,@quorumgt/videos,channel,quorum_complete_comments.csv | youtube_guatemala_plus_comments.csv,@ErvinLeonardoCarreraLatín,hace 2 años, ,0,False,,,True,0,P..... Como no es su dinero  les vale v....,0,dinero valer,43,2,True,NEG,0.012906525284051895,0.9383216500282288,0.048771701753139496,-0.9254151247441769,0.9383216500282288,0
j43HgwYFKfk,UgyhYgz2ilvm1-T5IW94AaABAg,La cooptación de Walter Mazariegos en la USAC,Quorum,UCE4rsXcgDb6e1-a9iTbWzfg,@OmarMartinez-vv8re,UCWoAVGVqCn4xtINCMOTM4jg,"Esto es lo que los poderosos quieren esconder, sacan noticias a medias que confunden, si no acatan una orden para reinstalar a uno de sus miembros, que podemos esperar??? Entonces?? La ley es para unos y no para todos??...La San  Carlos ya no le pertenece ni representan al pueblo, "" Las ratas hacen fiesta en casa del gato""..😢",@quorumgt/videos,channel,quorum_complete_comments.csv | youtube_guatemala_plus_comments.csv,@OmarMartinez-vv8re,hace 1 año (editado), ,0,False,,,True,0,"Esto es lo que los poderosos quieren esconder, sacan noticias a medias que confunden, si no acatan una orden para reinstalar a uno de sus miembros, que podemos esperar??? Entonces?? La ley es para unos y no para todos??...La San  Carlos ya no le pertenece ni representan al pueblo, "" Las ratas hacen fiesta en casa del gato""..😢",1,poderoso esconder sacar noticia media confundir acatar orden reinstalar miembro esperar ley san carlos pertenecer representar pueblo rata fiesta casa gato,327,21,True,NEG,0.0025136559270322323,0.9817518591880798,0.015734566375613213,-0.9792382032610476,0.9817518591880798,0
n8iP75gIpmw,UgyiGiWPuiTR2hkzmVd4AaABAg,Qué rico come tu diputado,Quorum,UCE4rsXcgDb6e1-a9iTbWzfg,@hectoroliva949,UCDPWkUX3sNNaCx-m1dV4glA,Solo giamagyey penso en grandes proyectos la coaptacion total del estado y el gran proyecto de corrupcion,@quorumgt/videos,channel,quorum_complete_comments.csv | youtube_guatemala_plus_comments.csv,@hectoroliva949,hace 1 año, ,0,False,,,True,0,Solo giamagyey penso en grandes proyectos la coaptacion total del estado y el gran proyecto de corrupcion,0,giamagyey penso proyecto coaptacion proyecto corrupción,105,6,True,NEG,0.01041572168469429,0.9015113115310669,0.08807291835546494,-0.8910955898463726,0.9015113115310669,0
j43HgwYFKfk,UgyiegHTZAVz8J4Ogvt4AaABAg,La cooptación de Walter Mazariegos en la USAC,Quorum,UCE4rsXcgDb6e1-a9iTbWzfg,@sergiohinestroza9709,UCsGoJEvb-cFPZ2rWoJcXzEQ,La felicito señorita; al rin hubo una valiente. Dios con usted  !!!,@quorumgt,topic,j43HgwYFKfk_out_comments.csv | quorum_complete_comments.csv | youtube_guatemala_plus_comments.csv,@sergiohinestroza9709,hace 1 año,10,0,False,,10,False,10,La felicito señorita; al rin hubo una valiente. Dios con usted  !!!,0,felicito señoritar rin valiente dios,67,5,True,POS,0.9621148109436035,0.005995112005621195,0.03189004585146904,0.9561196989379823,0.9621148109436035,3–10
n8iP75gIpmw,UgyihMW-pXKI2cEDqWx4AaABAg,Qué rico come tu diputado,Quorum,UCE4rsXcgDb6e1-a9iTbWzfg,@MrDuenderojo,UCXXh7yg5KUFIWylTiKVEFKQ,Siguen con las mismas mañas....los diputados acostumbrados a estar de gorriones....,@quorumgt/videos,channel,quorum_complete_comments.csv | youtube_guatemala_plus_comments.csv,@MrDuenderojo,hace 2 años,1,0,False,,1,False,1,Siguen con las mismas mañas....los diputados acostumbrados a estar de gorriones....,0,seguir maña diputado acostumbrado gorrión,83,5,True,NEG,0.010577126406133175,0.9338787794113159,0.055544011294841766,-0.9233016530051827,0.9338787794113159,1–2
n8iP75gIpmw,UgyisqlInC7oBNbU95Z4AaABAg,Qué rico come tu diputado,Quorum,UCE4rsXcgDb6e1-a9iTbWzfg,@ManuelEdran,UC5H8ASmMC9WrURmzeB4ySog,Lleve su lonchera...,@quorumgt/videos,channel,quorum_complete_comments.csv | youtube_guatemala_plus_comments.csv,@ManuelEdran,hace 2 años,1,0,False,,1,False,1,Lleve su lonchera...,0,lonchera,20,1,True,NEU,0.2280743271112442,0.056950893253088,0.7149747610092163,0.1711234338581562,0.7149747610092163,1–2
n8iP75gIpmw,Ugyk3PqfIuDEuXyeb494AaABAg,Qué rico come tu diputado,Quorum,UCE4rsXcgDb6e1-a9iTbWzfg,@edgarroldan5539,UCfM3nrxtTQMY5jFx1v1J4Gg,Cabal con pisto robado c asen micos y pericos lo de productivo para el país queda muy lejos,@quorumgt/videos,channel,quorum_complete_comments.csv | youtube_guatemala_plus_comments.csv,@edgarroldan5539,hace 1 año, ,0,False,,,True,0,Cabal con pisto robado c asen micos y pericos lo de productivo para el país queda muy lejos,0,cabal pisto robado mico perico productivo quedar lejos,91,8,True,NEG,0.01614987477660179,0.8753825426101685,0.10846755653619766,-0.8592326678335667,0.8753825426101685,0
n8iP75gIpmw,UgykKTDDGdoiNQIuYJd4AaABAg,Qué rico come tu diputado,Quorum,UCE4rsXcgDb6e1-a9iTbWzfg,@CARLOSSTREMS51,UCp4iw5_5SmV9VGTFSNVGOmQ,"Quien no lo conoce que lo compre, este fue mano derecha y achichincle de Baldizón en LIDER. Andaban en helicoptero pagado por los financistas que iban a cobrar con creces si llegaban al poder. Este es un Dipucaco",@quorumgt/videos,channel,quorum_complete_comments.csv | youtube_guatemala_plus_comments.csv,@CARLOSSTREMS51,hace 2 años, ,0,False,,,True,0,"Quien no lo conoce que lo compre, este fue mano derecha y achichincle de Baldizón en LIDER. Andaban en helicoptero pagado por los financistas que iban a cobrar con creces si llegaban al poder. Este es un Dipucaco",0,comprir mano derecho achichincle baldizón líder andar helicoptero pagado financista cobrar creces llegar dipucaco,212,14,True,NEG,0.02804945595562458,0.8528890609741211,0.11906146258115768,-0.8248396050184965,0.8528890609741211,0
lj983NWyAQY,UgymHCpILRINq5oT_7B4AaABAg,Plan 2032 Ciudad de Guatemala,Municipalidad de Guatemala,UCXa6LVjBzUtmcM3cwbd9e2w,@JoseReyes-rn6sh,UCIp19h9igblA2YKfSLPDAug,"FORTALEZCAMOS A NUESTRA BELLÍSIMA GUATEMALA


GUATEMALTECOS Y GUATEMALTECAS UNIDOS


ESTAN CONMIGO?",Municipalidad de Guatemala,topic,lj983NWyAQY_out_comments.csv | youtube_guatemala_plus_comments.csv,@JoseReyes-rn6sh,hace 6 años,14,1,False,,14,False,14,"FORTALEZCAMOS A NUESTRA BELLÍSIMA GUATEMALA


GUATEMALTECOS Y GUATEMALTECAS UNIDOS


ESTAN CONMIGO?",0,fortalezcamos bellísima guatemala guatemalteco guatemalteco unido,99,6,True,POS,0.6076703071594238,0.0470476895570755,0.34528201818466187,0.5606226176023483,0.6076703071594238,11–50
n8iP75gIpmw,UgymHZwhYtsW9EYkxdl4AaABAg,Qué rico come tu diputado,Quorum,UCE4rsXcgDb6e1-a9iTbWzfg,@nestormendez6216,UCQtICyzWmhC5woCtbNgaSmg,"Nery Rodas entienda. los fondos públicos no son para pagar comida de nadie. En lo privado ok. Es para generar negocios.
En lo público paguen de su sueldo. Punto.",@quorumgt/videos,channel,quorum_complete_comments.csv | youtube_guatemala_plus_comments.csv,@nestormendez6216,hace 2 años,5,0,False,,5,False,5,"Nery Rodas entienda. los fondos públicos no son para pagar comida de nadie. En lo privado ok. Es para generar negocios.
En lo público paguen de su sueldo. Punto.",0,nery roda entender fondo público pagar comida privado generar negocio público pagar sueldo punto,161,14,True,NEU,0.04724440723657608,0.3904002904891968,0.5623552799224854,-0.3431558832526207,0.5623552799224854,3–10
n8iP75gIpmw,Ugynh0Cq17X889qHS0J4AaABAg,Qué rico come tu diputado,Quorum,UCE4rsXcgDb6e1-a9iTbWzfg,@mariasamo8637,UCwha8rxULYMVtNwZWeSkE1A,No sé si todos los del Cabal son corruptos; pero Nery Rodas es un descarado corrupto.,@quorumgt/videos,channel,quorum_complete_comments.csv | youtube_guatemala_plus_comments.csv,@mariasamo8637,hace 1 año, ,0,False,,,True,0,No sé si todos los del Cabal son corruptos; pero Nery Rodas es un descarado corrupto.,0,cabal corrupto nery roda descarado corrupto,85,6,True,NEG,0.01917354203760624,0.8701311349868774,0.11069530993700027,-0.8509575929492712,0.8701311349868774,0
j43HgwYFKfk,UgyoRKhs1yP8oKoD3uh4AaABAg,La cooptación de Walter Mazariegos en la USAC,Quorum,UCE4rsXcgDb6e1-a9iTbWzfg,@Jel.Awesh.M,UCylqlpsh8ENNM1LqgQ1KbxA,Fuera Mazarriegos,@quorumgt,topic,j43HgwYFKfk_out_comments.csv | quorum_complete_comments.csv | youtube_guatemala_plus_comments.csv,@Jel.Awesh.M,hace 4 meses, ,0,False,,,True,0,Fuera Mazarriegos,0,mazarriego,17,1,True,NEG,0.058108795434236526,0.626069188117981,0.3158220052719116,-0.5679603926837444,0.626069188117981,0
j43HgwYFKfk,UgyoglGwyV2PhIAvHdt4AaABAg,La cooptación de Walter Mazariegos en la USAC,Quorum,UCE4rsXcgDb6e1-a9iTbWzfg,@caminoseternos752,UCHbwIx9pmQuf7i-4_xO2EpA,"Excelente información, necesitaba saber y esta bastante claro... Ahora entiendo mejor 😢",@quorumgt,topic,j43HgwYFKfk_out_comments.csv | quorum_complete_comments.csv | youtube_guatemala_plus_comments.csv,@caminoseternos752,hace 6 meses (editado), ,0,False,,,True,0,"Excelente información, necesitaba saber y esta bastante claro... Ahora entiendo mejor 😢",1,excelente información necesitar entender,87,4,True,NEU,0.4325620234012604,0.11425887048244476,0.45317909121513367,0.3183031529188156,0.45317909121513367,0
j43HgwYFKfk,UgyqA5EpXnBPn_uH-KB4AaABAg,La cooptación de Walter Mazariegos en la USAC,Quorum,UCE4rsXcgDb6e1-a9iTbWzfg,@RolandoCastroPérez-d7y,UCu8_3-Wg-YzNyvHYQDEscfw,Y por que no manifiestan contra toda esa mafia ante los tribunales?. Se que hay mucha suciedad en la justicia pero se debe hacer algo.,@quorumgt,topic,j43HgwYFKfk_out_comments.csv | quorum_complete_comments.csv | youtube_guatemala_plus_comments.csv,@RolandoCastroPérez-d7y,hace 1 año,2,0,False,,2,False,2,Y por que no manifiestan contra toda esa mafia ante los tribunales?. Se que hay mucha suciedad en la justicia pero se debe hacer algo.,0,manifestar mafia tribunal suciedad justicia,134,5,True,NEG,0.007641727104783058,0.9263225793838501,0.06603570282459259,-0.918680852279067,0.9263225793838501,1–2
OkXlHx0hx-8,Ugyr_-OfFbHlc9uWhg94AaABAg,EE.UU. envía a mexicanos deportados a Guatemala antes de su regreso a México | Noticias Telemundo,Noticias Telemundo,UCRwA1NUcUnwsly35ikGhp0A,@susievidal4134,UCIgoiXdIKJyUGmUoH2Lxdzg,Bueno los otros países tampoco queremos criminal es de México que los mandé a su país donde nacieron. Costa Rica lleva años aguantando gente de otros países ya no necesitamos más crimen en nuestro país.,guatemala noticias,topic,youtube_guatemala_comments.csv | youtube_guatemala_plus_comments.csv,@susievidal4134,hace 1 día,3,0,False,,3,False,3,Bueno los otros países tampoco queremos criminal es de México que los mandé a su país donde nacieron. Costa Rica lleva años aguantando gente de otros países ya no necesitamos más crimen en nuestro país.,0,criminal méxico mandé nacer costa rico aguantar gente necesitar crimen,202,10,True,NEG,0.0173181239515543,0.8843997120857239,0.09828218817710876,-0.8670815881341696,0.8843997120857239,3–10
06mFNPU0aB8,UgysnIFZt6-_f2iGbid4AaABAg,Capturan a presuntos delincuentes disfrazados de mujer señalados de cometer asalto,Noti7,UCVpSRoZgngfSL03Nlbjtq9A,@edithsan7688,UCXN2s7DwTJm33xO-pNkAdaA,Buen trabajo,guatemala noticias,topic,youtube_guatemala_comments.csv | youtube_guatemala_plus_comments.csv,@edithsan7688,hace 2 semanas, ,0,False,,,True,0,Buen trabajo,0,trabajo,12,1,True,POS,0.4991805851459503,0.08902139961719513,0.4117980897426605,0.4101591855287552,0.4991805851459503,0
lj983NWyAQY,UgysqnYM0p-_jyWisMJ4AaABAg,Plan 2032 Ciudad de Guatemala,Municipalidad de Guatemala,UCXa6LVjBzUtmcM3cwbd9e2w,@zetag,UCgLrWFdYitoP-b7-PxtUr-w,Quiero vivir en esa Guatemala :v,Municipalidad de Guatemala,topic,lj983NWyAQY_out_comments.csv | youtube_guatemala_plus_comments.csv,@zetag,hace 7 años,405,3,False,,405,False,405,Quiero vivir en esa Guatemala :v,0,vivir guatemala,32,2,True,NEU,0.16321170330047607,0.08986468613147736,0.7469236254692078,0.07334701716899872,0.7469236254692078,>50
j43HgwYFKfk,UgysslM7dkNnQ1JT7Mh4AaABAg,La cooptación de Walter Mazariegos en la USAC,Quorum,UCE4rsXcgDb6e1-a9iTbWzfg,@melvinlopez7096,UCAKuKvcbfnBD3kF5njNu-IA,Excelente información!,@quorumgt,topic,j43HgwYFKfk_out_comments.csv | quorum_complete_comments.csv | youtube_guatemala_plus_comments.csv,@melvinlopez7096,hace 1 año, ,0,False,,,True,0,Excelente información!,0,excelente información,22,2,True,POS,0.9078254103660583,0.00927356444299221,0.08290103822946548,0.8985518459230661,0.9078254103660583,0
n8iP75gIpmw,UgyuZ00FMdgmao7sNMx4AaABAg,Qué rico come tu diputado,Quorum,UCE4rsXcgDb6e1-a9iTbWzfg,@JuanDavila-qd7qj,UCFxE8GbokBrBsPEKM1xrOjQ,"Todo muy caro,canasta básica,transporte,y que barbaridad ,no tienen conciencia,cuántos pacientes muriendo por medicinas caras,estos diputados no tendrían que ejercer este cargo,pueblo dormido,este es un gran corrupto,vamos,une,vos, valor , todos corruptos",@quorumgt/videos,channel,quorum_complete_comments.csv | youtube_guatemala_plus_comments.csv,@JuanDavila-qd7qj,hace 2 años (editado),10,0,False,,10,False,10,"Todo muy caro,canasta básica,transporte,y que barbaridad ,no tienen conciencia,cuántos pacientes muriendo por medicinas caras,estos diputados no tendrían que ejercer este cargo,pueblo dormido,este es un gran corrupto,vamos,une,vos, valor , todos corruptos",0,caro canasta básico transporte barbaridad conciencia paciente morir medicina caro diputado ejercer cargo pueblo dormido corrupto unir valor corrupto,255,19,True,NEG,0.00396353006362915,0.9742350578308105,0.021801359951496124,-0.9702715277671814,0.9742350578308105,3–10
n8iP75gIpmw,Ugyuk_4Gq9tbJjGZVRl4AaABAg,Qué rico come tu diputado,Quorum,UCE4rsXcgDb6e1-a9iTbWzfg,@andyB5280,UCh5ESQvtzyHDhCA7XyekCFA,"Y las cosas no cambian, ellos siguen haciendo pobrecitos cómo sufren, mientras jenye de muere por la compra de medicamentos y no tienen para comprarla .",@quorumgt/videos,channel,quorum_complete_comments.csv | youtube_guatemala_plus_comments.csv,@andyB5280,hace 2 años,3,0,False,,3,False,3,"Y las cosas no cambian, ellos siguen haciendo pobrecitos cómo sufren, mientras jenye de muere por la compra de medicamentos y no tienen para comprarla .",0,cambiar seguir pobrecito sufrir jenye muere compra medicamento comprar,152,9,True,NEG,0.0036049196496605873,0.9722921252250671,0.02410297654569149,-0.9686872055754066,0.9722921252250671,3–10
is3Mk5oC19g,UgyvMO5z1LjtvyRIIxd4AaABAg,Capturan a ladrón que había quedado grabado mientras robaba en una parroquia de Retalhuleu,TN23 Guatemala,UCt5Dw7ePnn0AqPqRF8Xpjkw,@lazarobarillas3575,UCk4O-J1BhoqPmig1KLGJePA,Claro....hechor y consentidor pena por igual😮😮😮😮😮😮😮,guatemala noticias,topic,youtube_guatemala_comments.csv | youtube_guatemala_plus_comments.csv,@lazarobarillas3575,hace 1 día, ,0,False,,,True,0,Claro....hechor y consentidor pena por igual😮😮😮😮😮😮😮,7,hechor consentidor pena,51,3,True,NEG,0.0256693996489048,0.5704172253608704,0.403913289308548,-0.5447478257119656,0.5704172253608704,0
j43HgwYFKfk,UgyvSxtnuw9xRiNU5tl4AaABAg,La cooptación de Walter Mazariegos en la USAC,Quorum,UCE4rsXcgDb6e1-a9iTbWzfg,@AnaDiaz-re9sq,UCUoYsrx1oZnCZ0usbBJn4fA,"Ese Luis Cordón, si que es valiente el resto de consejeros son lame botas",@quorumgt/videos,channel,quorum_complete_comments.csv | youtube_guatemala_plus_comments.csv,@AnaDiaz-re9sq,hace 1 año,1,0,False,,1,False,1,"Ese Luis Cordón, si que es valiente el resto de consejeros son lame botas",0,luis cordón valiente resto consejero lamer bota,73,7,True,NEG,0.027394423261284828,0.9324462413787842,0.04015929624438286,-0.9050518181174994,0.9324462413787842,1–2
b_Hkrkl3adA,UgyxvyPVCur3jgc_1mx4AaABAg,Bloqueos en Guatemala este 31 de agosto por alza en combustibles afectan rutas principales,PrensaLibreOficial,UCEepOY2svuxbsJ-zsAPT9Fg,@Hernandez-i1o,UCHu8x4MVkayU6VgwVKd--MQ,Asquerosos dilicuentes empresas del belzebu y Buda asqueroso gobierno chueco del Don Arévalo nada hace por la población Guatemalteca y los asquerosas y asquerosos diputados del congreso de la república,guatemala noticias,topic,debug_comments_fixed2_comments.csv | youtube_guatemala_comments.csv | youtube_guatemala_plus_comments.csv,@Hernandez-i1o,hace 7 horas,1,0,False,,1,False,1,Asquerosos dilicuentes empresas del belzebu y Buda asqueroso gobierno chueco del Don Arévalo nada hace por la población Guatemalteca y los asquerosas y asquerosos diputados del congreso de la república,0,asqueroso dilicuent empresa belzebu budo asqueroso gobierno chueco don arévalo población guatemalteco asquerosa asqueroso diputado congreso república,201,17,True,NEG,0.005943147465586662,0.9741942882537842,0.01986256241798401,-0.9682511407881975,0.9741942882537842,1–2
n8iP75gIpmw,UgyypM6Ts6Ut_EuFcdN4AaABAg,Qué rico come tu diputado,Quorum,UCE4rsXcgDb6e1-a9iTbWzfg,@simoncreyesc7579,UC-jS_kA9w-OmpupXDx156Rg,Y pueblo muriéndose del ambre ve hijos de su mera madre,@quorumgt/videos,channel,quorum_complete_comments.csv | youtube_guatemala_plus_comments.csv,@simoncreyesc7579,hace 2 años,2,0,False,,2,False,2,Y pueblo muriéndose del ambre ve hijos de su mera madre,0,pueblo morir ambre hijo mero madre,55,6,True,NEG,0.007021128199994564,0.9705045223236084,0.02247428521513939,-0.9634833941236138,0.9705045223236084,1–2
n8iP75gIpmw,Ugyyx5lXrgFXsraCIMh4AaABAg,Qué rico come tu diputado,Quorum,UCE4rsXcgDb6e1-a9iTbWzfg,@ErvinLeonardoCarreraLatín,UC9vMq1YF-e7C-VO0SHkbUTA,P..   si tengo hambre que le quitó un pedazo de ferrocarril mi...,@quorumgt/videos,channel,quorum_complete_comments.csv | youtube_guatemala_plus_comments.csv,@ErvinLeonardoCarreraLatín,hace 2 años, ,0,False,,,True,0,P..   si tengo hambre que le quitó un pedazo de ferrocarril mi...,0,hambre quitar pedazo ferrocarril,65,4,True,NEG,0.011768813244998455,0.6754617691040039,0.31276935338974,-0.6636929558590055,0.6754617691040039,0
yLZS3JiEBg8,UgyzKNq94Z4Y2GSth514AaABAg,Arroz con pollo a la MONOPOLIO,Quorum,UCE4rsXcgDb6e1-a9iTbWzfg,@sparkvalkov,UChT7pzGytNd92Nmvi-zuWog,vine del instagram!,@quorumgt/videos,channel,quorum_complete_comments.csv | youtube_guatemala_plus_comments.csv,@sparkvalkov,hace 2 años,1,0,False,,1,False,1,vine del instagram!,0,venir instagram,19,2,True,NEU,0.31566739082336426,0.07674247771501541,0.6075901985168457,0.23892491310834885,0.6075901985168457,1–2
n8iP75gIpmw,Ugyzgy-Lqlq6CTb4GPB4AaABAg,Qué rico come tu diputado,Quorum,UCE4rsXcgDb6e1-a9iTbWzfg,@OdilioRodríguez-c5w,UChZknRmJkeGeQk0-mQuhDOg,Y porqué no lo hacen  en lugares más sencillos pero como todos estos son iguales solo piensan en hartarse bien por eso salen como Rodriguez arzu  a costillas del pueblo,@quorumgt/videos,channel,quorum_complete_comments.csv | youtube_guatemala_plus_comments.csv,@OdilioRodríguez-c5w,hace 2 años,1,0,False,,1,False,1,Y porqué no lo hacen  en lugares más sencillos pero como todos estos son iguales solo piensan en hartarse bien por eso salen como Rodriguez arzu  a costillas del pueblo,0,lugar sencillo pensar hartar salir rodríguez arzú costilla pueblo,168,9,True,NEG,0.007921443320810795,0.9356860518455505,0.056392475962638855,-0.9277646085247397,0.9356860518455505,1–2
WIUZtitfLRw,UgyzzIxBoO0_7kX1EWJ4AaABAg,Caminar en una ciudad hecha para carros,Quorum,UCE4rsXcgDb6e1-a9iTbWzfg,@nicelol5241,UCOARn3hnfkB7-_Rwa8Hoqcw,"Muy cierto, mi mamá en este momento esta incapacitada de una pierna y hemos vivido lo que es caminar en aceras altas, ineptas, absurdamente pequeñas y además dañadas.",@quorumgt/videos,channel,quorum_complete_comments.csv | youtube_guatemala_plus_comments.csv,@nicelol5241,hace 1 año, ,0,False,,,True,0,"Muy cierto, mi mamá en este momento esta incapacitada de una pierna y hemos vivido lo que es caminar en aceras altas, ineptas, absurdamente pequeñas y además dañadas.",0,mamá momento incapacitado pierna vivir caminar acera alto inepta absurdamente pequeño dañado,166,12,True,NEG,0.002845992101356387,0.9826697111129761,0.014484318904578686,-0.9798237190116197,0.9826697111129761,0
b_Hkrkl3adA,Ugz-XNtfLx0lzcoHUXN4AaABAg,Bloqueos en Guatemala este 31 de agosto por alza en combustibles afectan rutas principales,PrensaLibreOficial,UCEepOY2svuxbsJ-zsAPT9Fg,@ManuelSanchez-b8q2z,UC9Wp6vL5oCU37qC3Aj94WZA,"Que comando mierd@ mejor de todas maneras tenemos que seguir trabajando, más gasto cuando ellos tapan.",guatemala noticias,topic,debug_comments_fixed2_comments.csv | youtube_guatemala_comments.csv | youtube_guatemala_plus_comments.csv,@ManuelSanchez-b8q2z,hace 3 horas, ,0,False,,,True,0,"Que comando mierd@ mejor de todas maneras tenemos que seguir trabajando, más gasto cuando ellos tapan.",0,comando mierd seguir trabajar gasto tapar,102,6,True,NEG,0.010795184411108494,0.9600172638893127,0.029187526553869247,-0.9492220794782043,0.9600172638893127,0
06mFNPU0aB8,Ugz158DoUO_zyZlglG14AaABAg,Capturan a presuntos delincuentes disfrazados de mujer señalados de cometer asalto,Noti7,UCVpSRoZgngfSL03Nlbjtq9A,@carlitosramirez4739,UCIXLDYqR_syskKRJy_x9W9Q,Inglés,guatemala noticias,topic,youtube_guatemala_comments.csv | youtube_guatemala_plus_comments.csv,@carlitosramirez4739,hace 2 semanas, ,0,False,,,True,0,Inglés,0,inglés,6,1,True,NEU,0.14950208365917206,0.34353652596473694,0.5069613456726074,-0.19403444230556488,0.5069613456726074,0
n8iP75gIpmw,Ugz1TFgP101cP3SQAW94AaABAg,Qué rico come tu diputado,Quorum,UCE4rsXcgDb6e1-a9iTbWzfg,@belarminavillatoro6474,UCYN4wSQ1Sx4_LurxLlW7MPg,"Esas no son cosas minuciosas como dice el diputado Nery Rodas ya todos los diputados saben que les dieron orden de no gastar el dinero del pueblo para almuerzos de diputados y el w que quiere que  no nos digan nada porque son cosas como que no vale nada contarlo,si gastaron ese dinero que se los cobren a los diputados,están viendo qué hay personas muriendo de hambre y ellos bien Gracias dándose la gran vida que lo paguen con su sueldo que para eso ganan bien sin vergüenzas vividores,pues que lo paguen para ustedes es poco dos mil quetzales pero para nosotros los pobres es mucho dinero no importa que sea menor gasto pero entiendan que ya no,y si ustedes trabajan que sea en horas adecuadas y no en horas de comidas,y si usted dice que es muy poco el dinero entonces renuncien y busquen otro trabajo porque hay sueldos que ganan el mínimo y de ahí tienen que pagar todo imagínese señor por favor?",@quorumgt/videos,channel,quorum_complete_comments.csv | youtube_guatemala_plus_comments.csv,@belarminavillatoro6474,hace 2 años, ,0,False,,,True,0,"Esas no son cosas minuciosas como dice el diputado Nery Rodas ya todos los diputados saben que les dieron orden de no gastar el dinero del pueblo para almuerzos de diputados y el w que quiere que  no nos digan nada porque son cosas como que no vale nada contarlo,si gastaron ese dinero que se los cobren a los diputados,están viendo qué hay personas muriendo de hambre y ellos bien Gracias dándose la gran vida que lo paguen con su sueldo que para eso ganan bien sin vergüenzas vividores,pues que lo paguen para ustedes es poco dos mil quetzales pero para nosotros los pobres es mucho dinero no importa que sea menor gasto pero entiendan que ya no,y si ustedes trabajan que sea en horas adecuadas y no en horas de comidas,y si usted dice que es muy poco el dinero entonces renuncien y busquen otro trabajo porque hay sueldos que ganan el mínimo y de ahí tienen que pagar todo imagínese señor por favor?",0,minucioso diputado nery roda diputado orden gastar dinero pueblo almuerzo diputado valer contar gastar dinero cobrir diputado persona morir hambre gracias vida pagar sueldo ganar vergüenza vividor pagar quetzal pobre dinero importar menor gasto entiendan trabajar hora adecuado hora comida dinero renuncien busquen trabajo sueldo ganar mínimo pagar imagínese señor favor,902,51,True,NEG,0.005348354112356901,0.9564725756645203,0.038179025053977966,-0.9511242215521634,0.9564725756645203,0
yLZS3JiEBg8,Ugz1VUKAy1iuwk_x2jN4AaABAg,Arroz con pollo a la MONOPOLIO,Quorum,UCE4rsXcgDb6e1-a9iTbWzfg,@3762Jorge,UCTTILH6QCIxbTnEWxwRqs1g,La próxima habla de la harina de trigo.,@quorumgt/videos,channel,quorum_complete_comments.csv | youtube_guatemala_plus_comments.csv,@3762Jorge,hace 2 años, ,0,False,,,True,0,La próxima habla de la harina de trigo.,0,harina trigo,39,2,True,NEU,0.05317999795079231,0.07585088908672333,0.8709691762924194,-0.022670891135931015,0.8709691762924194,0
n8iP75gIpmw,Ugz1kbHjtN-jQUk3sWd4AaABAg,Qué rico come tu diputado,Quorum,UCE4rsXcgDb6e1-a9iTbWzfg,@giovannirodas4836,UC5bG9nc_JV3FsNP2KseQiYw,Nombre.... Tenía razon el loco Taracena!!!!! Los diputados siempre iban a decir q no les alcanza el salario de 25 mil. Y uno von salario mínimo tiene q ver cómo le hace para q le alcance!!! Entonces q busquen otro trabajo!!! Es el colmo plata hay lo q pasa q los políticos como el se lo gastan en hartazon!!!!😡😡😡😡,@quorumgt/videos,channel,quorum_complete_comments.csv | youtube_guatemala_plus_comments.csv,@giovannirodas4836,hace 2 años,2,0,False,,2,False,2,Nombre.... Tenía razon el loco Taracena!!!!! Los diputados siempre iban a decir q no les alcanza el salario de 25 mil. Y uno von salario mínimo tiene q ver cómo le hace para q le alcance!!! Entonces q busquen otro trabajo!!! Es el colmo plata hay lo q pasa q los políticos como el se lo gastan en hartazon!!!!😡😡😡😡,4,nombre razón loco taracena diputado alcanzar salario von salario mínimo alcanzar buscar trabajo colmo plata pasar político gastar hartazon,313,19,True,NEG,0.0029832213185727596,0.9665881991386414,0.030428588390350342,-0.9636049778200686,0.9665881991386414,1–2
n8iP75gIpmw,Ugz200h27x5RIAnswQd4AaABAg,Qué rico come tu diputado,Quorum,UCE4rsXcgDb6e1-a9iTbWzfg,@mireyamorales6595,UCKDR0f2fu2UzWL8mBv5-BHw,"PERO ESTOS QUE ESTAN ENTREVISTANDO AL DIPUTADO NERY RODAS PORQUE 
NO LE PREGUNTARON A LA LEGISLATURA ANTERIOR TODOS LOS GASTOS  QUE HHACIAN.
 :face-blue-smiling: ASI ES LA ANTERIOR LEGISLATURA PAGABAN HASTA PORQUE IBAN AL BAÑO.
SR. RODAS..DEJE A ESTOS QUE LO ESTAN ENTREVISTANDO QUE LE PREGUNTEN
A SU MADRE.
LO QUE AFECTO EN GRANDE EL PAIS,ESOS ROBOS DE  jimmy morales / giammattei.
ALEGANDO POR UNA FACTURA DE Q.2,OOO. O,  MENOS.
  👁giammattei  ROBO MILLONES DE MILLONES Y ESTOS CORRUPTOS ENTREVISTADORES hablando de desnutricion ???  pregunten a giammattei,vive en
el pais todavia...vayan a buscarlo.
JAMAS LE HIZIERON NUNCA UNA PREGUNTA ACERCA DE LOS GASTOS QUE HACIA.
👁 toda empresa privada o gubernamental,PAGAN SUS GASTOS PARA LAS REUNIONESS
QUE LES TOCA HACER.
VAYAN A BUSCAR A allan rodriguez por ej...alvaro arzu...esos si son CORRUPTOS.",@quorumgt/videos,channel,quorum_complete_comments.csv | youtube_guatemala_plus_comments.csv,@mireyamorales6595,hace 2 años, ,0,False,,,True,0,"PERO ESTOS QUE ESTAN ENTREVISTANDO AL DIPUTADO NERY RODAS PORQUE 
NO LE PREGUNTARON A LA LEGISLATURA ANTERIOR TODOS LOS GASTOS  QUE HHACIAN.
 :face-blue-smiling: ASI ES LA ANTERIOR LEGISLATURA PAGABAN HASTA PORQUE IBAN AL BAÑO.
SR. RODAS..DEJE A ESTOS QUE LO ESTAN ENTREVISTANDO QUE LE PREGUNTEN
A SU MADRE.
LO QUE AFECTO EN GRANDE EL PAIS,ESOS ROBOS DE  jimmy morales / giammattei.
ALEGANDO POR UNA FACTURA DE Q.2,OOO. O,  MENOS.
  👁giammattei  ROBO MILLONES DE MILLONES Y ESTOS CORRUPTOS ENTREVISTADORES hablando de desnutricion ???  pregunten a giammattei,vive en
el pais todavia...vayan a buscarlo.
JAMAS LE HIZIERON NUNCA UNA PREGUNTA ACERCA DE LOS GASTOS QUE HACIA.
👁 toda empresa privada o gubernamental,PAGAN SUS GASTOS PARA LAS REUNIONESS
QUE LES TOCA HACER.
VAYAN A BUSCAR A allan rodriguez por ej...alvaro arzu...esos si son CORRUPTOS.",2,entrevistar diputado nery roda preguntar legislatura gasto hhaciar face blue smiling legislatura pagar baño roda deje entrevistar preguntir madre afectar robo jimmy moral giammattei alegar factura giammattei robo millón millón corrupto entrevistador hablar desnutrición preguntar giammattei vivir buscar jama hizeír pregunta acerca gasto empresa privado gubernamental pagar gasto reunioness tocar buscar allan rodríguez alvaro arzú corrupto,846,56,True,NEG,0.004961419850587845,0.9390532970428467,0.055985305458307266,-0.9340918771922588,0.9390532970428467,0
PjmxCj-a9Hg,Ugz26waEPWK6VtsenFZ4AaABAg,Conferencia de Prensa del Gobierno de Guatemala. #LaRondaGt,Gobierno de la República de Guatemala,UC-ZtFBHzgkYFh7whZkuR_Ag,@juandeleon9060,UCNIeXbV_mEwpa412h1aqUWw,Dios. Los cria. Y El.....los coruptos. Siempre. Van de la Mano....,@GobiernodeGuatemala,topic,PjmxCj-a9Hg_out_comments.csv | youtube_guatemala_plus_comments.csv,@juandeleon9060,hace 1 año,1,1,False,,1,False,1,Dios. Los cria. Y El.....los coruptos. Siempre. Van de la Mano....,0,crio corupto mano,66,3,True,POS,0.5330445766448975,0.06756104528903961,0.3993943929672241,0.46548353135585785,0.5330445766448975,1–2
PjmxCj-a9Hg,Ugz26waEPWK6VtsenFZ4AaABAg.ALglV0O_2mtALgq1_mUSB_,Conferencia de Prensa del Gobierno de Guatemala. #LaRondaGt,Gobierno de la República de Guatemala,UC-ZtFBHzgkYFh7whZkuR_Ag,@Luis-gn3fj,UCbYoNG5J3Au5BqtbXogfEFw,Ud y quienes mas😂😂😂😂😂😂😂😂😂😂😂😂😂😂😂😂😂😂,@GobiernodeGuatemala,topic,PjmxCj-a9Hg_out_comments.csv | youtube_guatemala_plus_comments.csv,@Luis-gn3fj,hace 1 año,1,0,False,,1,False,1,Ud y quienes mas😂😂😂😂😂😂😂😂😂😂😂😂😂😂😂😂😂😂,18,,34,0,False,NEU,0.037178780883550644,0.21251937747001648,0.7503018379211426,-0.17534059658646584,0.7503018379211426,1–2
n8iP75gIpmw,Ugz2Y0LOPaJfoV8R01d4AaABAg,Qué rico come tu diputado,Quorum,UCE4rsXcgDb6e1-a9iTbWzfg,@monkchapin,UCl0ekS9Tt0jJGtOEM18S63w,paaajaaaasss,@quorumgt/videos,channel,quorum_complete_comments.csv | youtube_guatemala_plus_comments.csv,@monkchapin,hace 2 años, ,0,False,,,True,0,paaajaaaasss,0,paajaass,12,1,True,NEU,0.17186355590820312,0.18465149402618408,0.643484890460968,-0.012787938117980957,0.643484890460968,0
PjmxCj-a9Hg,Ugz5OziU6YjREVjZJUZ4AaABAg,Conferencia de Prensa del Gobierno de Guatemala. #LaRondaGt,Gobierno de la República de Guatemala,UC-ZtFBHzgkYFh7whZkuR_Ag,@DennisseLopetegi,UCVQf0tzL7xRzFJsABVVULpg,El estado de Colombia fue el verdugo de Uribe.. cuando sienten q alguien les enfrenta con la verdad se acobardan.. igual pasa con el ejecutivo de Guatemala.. bueno en fin arevalo es compadre de petro.  0igo a este presidente y solo mentiras salen de du bocata..  HDP,@GobiernodeGuatemala,topic,PjmxCj-a9Hg_out_comments.csv | youtube_guatemala_plus_comments.csv,@DennisseLopetegi,hace 1 año, ,0,False,,,True,0,El estado de Colombia fue el verdugo de Uribe.. cuando sienten q alguien les enfrenta con la verdad se acobardan.. igual pasa con el ejecutivo de Guatemala.. bueno en fin arevalo es compadre de petro.  0igo a este presidente y solo mentiras salen de du bocata..  HDP,0,colombia verdugo uribir sentir alguien enfrentar acobardir pasar ejecutivo guatemala arévalo compadre petro 0igo presidente mentira salir bocata hdp,266,19,True,NEG,0.006879696622490883,0.9652060866355896,0.02791428379714489,-0.9583263900130987,0.9652060866355896,0
b_Hkrkl3adA,Ugz6naDsqtHsbONkRBl4AaABAg,Bloqueos en Guatemala este 31 de agosto por alza en combustibles afectan rutas principales,PrensaLibreOficial,UCEepOY2svuxbsJ-zsAPT9Fg,@moisesvaldez4043,UCsUCN0Yq_UyTvKjOJLmNrnQ,Vamos a paralizar todo el pais talvez asi entiende este gibierno medrioque,guatemala noticias,topic,debug_comments_fixed2_comments.csv,@moisesvaldez4043,hace 49 minutos, ,0,False,,,True,0,Vamos a paralizar todo el pais talvez asi entiende este gibierno medrioque,0,paralizar talvez entender gibierno medrioque,74,5,True,NEG,0.022139282897114754,0.7750391960144043,0.20282147824764252,-0.7528999131172895,0.7750391960144043,0
n8iP75gIpmw,Ugz76M4X7jXyiAqAC_d4AaABAg,Qué rico come tu diputado,Quorum,UCE4rsXcgDb6e1-a9iTbWzfg,@IvánPérez-j4j,UCsSXdJct-nsS8DsABoEsaYA,"Pues deberían establecer viáticos cuando los trabajos sean institucionales, eso seria más legal. Ponga una tabla de viáticos, ejemplo: desayuno 60, almuerzo 100, cena 60; hospedaje 150.",@quorumgt/videos,channel,quorum_complete_comments.csv | youtube_guatemala_plus_comments.csv,@IvánPérez-j4j,hace 2 años,2,1,False,,2,False,2,"Pues deberían establecer viáticos cuando los trabajos sean institucionales, eso seria más legal. Ponga una tabla de viáticos, ejemplo: desayuno 60, almuerzo 100, cena 60; hospedaje 150.",0,deber establecer viático trabajo institucional seriar legal tabla viático ejemplo desayuno almuerzo cena hospedaje,185,14,True,NEU,0.0685514435172081,0.04639561101794243,0.8850529789924622,0.02215583249926567,0.8850529789924622,1–2
n8iP75gIpmw,Ugz76M4X7jXyiAqAC_d4AaABAg.A7j4tx1RMDbA7oQQlZnZR4,Qué rico come tu diputado,Quorum,UCE4rsXcgDb6e1-a9iTbWzfg,@MariaaliciaColonmorales,UC9xr9QvIcDvoZNUX5f-jaZw,"Es que ellos tienen un rubro para comidas hasta por 10,000quetzales pero ellos principalmente los de junta directiva dijeron que  no tocarían ese dinero que ellos comerían de su bolsillo",@quorumgt/videos,channel,quorum_complete_comments.csv | youtube_guatemala_plus_comments.csv,@MariaaliciaColonmorales,hace 2 años, ,0,False,,,True,0,"Es que ellos tienen un rubro para comidas hasta por 10,000quetzales pero ellos principalmente los de junta directiva dijeron que  no tocarían ese dinero que ellos comerían de su bolsillo",0,rubro comida 00quetzales principalmente junta directivo tocarir dinero comerir bolsillo,186,10,True,NEG,0.03561321645975113,0.5918245911598206,0.3725621998310089,-0.5562113747000694,0.5918245911598206,0
n8iP75gIpmw,Ugz7WPxTOQEwmZpnx_V4AaABAg,Qué rico come tu diputado,Quorum,UCE4rsXcgDb6e1-a9iTbWzfg,@davidisraelesquitsaquil,UCi1b_TRQfgO1Z9O2gNGGWNA,"Ahora se destapo la CORRUPCION Q EXISTIA Y AHORA SE CONTAMINO despues de ampliacion ahora DEUDAS a la Comunidad Internacional por PRESTAMOS para carreteras, ademas CONCESIONES A AEROPUERTOS, PUERTOS, LAS MISMAS CARRETERAS, todos millonario, EUROBONOS, vender al pais y CANASTA BASICA A Q10,000 todo lo van hacer PERO ESE DINERO QUE OBTENGAN SERA REGALO DEL 👹👹👹 Xq DIOS dara justicia en su momento la JUSTICIA DE DIOS con sus hijitos sera IMPLACABLE y omnipotente🇬🇹🇬🇹🇬🇹🇬🇹",@quorumgt/videos,channel,quorum_complete_comments.csv | youtube_guatemala_plus_comments.csv,@davidisraelesquitsaquil,hace 2 años, ,0,False,,,True,0,"Ahora se destapo la CORRUPCION Q EXISTIA Y AHORA SE CONTAMINO despues de ampliacion ahora DEUDAS a la Comunidad Internacional por PRESTAMOS para carreteras, ademas CONCESIONES A AEROPUERTOS, PUERTOS, LAS MISMAS CARRETERAS, todos millonario, EUROBONOS, vender al pais y CANASTA BASICA A Q10,000 todo lo van hacer PERO ESE DINERO QUE OBTENGAN SERA REGALO DEL 👹👹👹 Xq DIOS dara justicia en su momento la JUSTICIA DE DIOS con sus hijitos sera IMPLACABLE y omnipotente🇬🇹🇬🇹🇬🇹🇬🇹",11,destapo corrupción existia contaminar ampliacion deuda comunidad internacional prestamo carretera concesión aeropuertos puerto carretera millonario eurobono vender canasta básico q10 dinero obtengar regalo dios justicia momento justicia dios hijito implacable omnipotente,470,31,True,NEG,0.01399317942559719,0.8053440451622009,0.1806628257036209,-0.7913508657366037,0.8053440451622009,0
n8iP75gIpmw,Ugz8BbgcucTeHAjfvqJ4AaABAg,Qué rico come tu diputado,Quorum,UCE4rsXcgDb6e1-a9iTbWzfg,@SergioGarcia-z9c,UCpl8rF8uv_8uui-QRvuJaRA,Señores con el salario de este señor almuerzo asta las ocho dela noche y me como un tortrix que vale la pena,@quorumgt/videos,channel,quorum_complete_comments.csv | youtube_guatemala_plus_comments.csv,@SergioGarcia-z9c,hace 1 año, ,0,False,,,True,0,Señores con el salario de este señor almuerzo asta las ocho dela noche y me como un tortrix que vale la pena,0,señor salario señor almuerzo asta dela noche tortrix valer pena,108,10,True,POS,0.9164108037948608,0.005070045590400696,0.07851921766996384,0.9113407582044601,0.9164108037948608,0
j43HgwYFKfk,Ugz8fJcHTKHoEWJPwWt4AaABAg,La cooptación de Walter Mazariegos en la USAC,Quorum,UCE4rsXcgDb6e1-a9iTbWzfg,@EcPerez-zz9oh,UClhMWQ7XKWywYvbRnuf8QsA,"Como sabes que son pajas, si las tienes dwvuelvelas.",@quorumgt/videos,channel,quorum_complete_comments.csv | youtube_guatemala_plus_comments.csv,@EcPerez-zz9oh,hace 1 año, ,0,False,,,True,0,"Como sabes que son pajas, si las tienes dwvuelvelas.",0,paja tién dwvuelvela,52,3,True,NEU,0.04866036772727966,0.22096474468708038,0.7303749322891235,-0.17230437695980072,0.7303749322891235,0
is3Mk5oC19g,Ugz8hBV9j2KQGtMhPUR4AaABAg,Capturan a ladrón que había quedado grabado mientras robaba en una parroquia de Retalhuleu,TN23 Guatemala,UCt5Dw7ePnn0AqPqRF8Xpjkw,@zoilagarcia9019,UC4kg7zuTfqQKLd2bkZrSYBA,Sinverguenza la ley maya y luego preso.,guatemala noticias,topic,youtube_guatemala_comments.csv | youtube_guatemala_plus_comments.csv,@zoilagarcia9019,hace 20 horas, ,0,False,,,True,0,Sinverguenza la ley maya y luego preso.,0,sinverguenza ley maya preso,39,4,True,NEG,0.04086700826883316,0.8151357173919678,0.14399728178977966,-0.7742687091231346,0.8151357173919678,0
n8iP75gIpmw,Ugz8pKFUmjVv-zF8lvJ4AaABAg,Qué rico come tu diputado,Quorum,UCE4rsXcgDb6e1-a9iTbWzfg,@welfrealdana5559,UCOLGv5Pf6BF2wFcwUzgcvHg,La única que se filtro el mismo lo dijo son unos muertos de amber todos lis diputados tienen que pagar con su dinero para eso tienen un sueldo  no sean sucios,@quorumgt/videos,channel,quorum_complete_comments.csv | youtube_guatemala_plus_comments.csv,@welfrealdana5559,hace 2 años, ,0,False,,,True,0,La única que se filtro el mismo lo dijo son unos muertos de amber todos lis diputados tienen que pagar con su dinero para eso tienen un sueldo  no sean sucios,0,único filtro muerto amber diputado pagar dinero sueldo sucio,158,9,True,NEG,0.0074333930388092995,0.9485926628112793,0.04397395998239517,-0.94115926977247,0.9485926628112793,0
OkXlHx0hx-8,UgzBnKyfiTTp9djPTh54AaABAg,EE.UU. envía a mexicanos deportados a Guatemala antes de su regreso a México | Noticias Telemundo,Noticias Telemundo,UCRwA1NUcUnwsly35ikGhp0A,@RosaMontesdeOca777,UCbNanjFI51cwGqMAb2rOrBw,Fe esperanza oración perseverantes diariamente paz bien verdad amor claridad sabiduría justicia divina ❤😊,guatemala noticias,topic,youtube_guatemala_comments.csv | youtube_guatemala_plus_comments.csv,@RosaMontesdeOca777,hace 1 día, ,0,False,,,True,0,Fe esperanza oración perseverantes diariamente paz bien verdad amor claridad sabiduría justicia divina ❤😊,2,esperanza oración perseverant diariamente paz amor claridad sabiduer justicia divino,105,10,True,POS,0.7710632085800171,0.010287619195878506,0.21864911913871765,0.7607755893841386,0.7710632085800171,0
n8iP75gIpmw,UgzBpiHQkRpqfeyCDwd4AaABAg,Qué rico come tu diputado,Quorum,UCE4rsXcgDb6e1-a9iTbWzfg,@katerynsantiago2907,UC2weSE8rpqkGMOp6StYtVfg,que verguenza de jente..esto esto lo que logran parir las universidades..y estos corruptos nunca han hecho nada bueno x el pais..lo unico que han hecho es artarse caro a costillas del pueblo...que de aposol...,@quorumgt/videos,channel,quorum_complete_comments.csv | youtube_guatemala_plus_comments.csv,@katerynsantiago2907,hace 2 años,1,0,False,,1,False,1,que verguenza de jente..esto esto lo que logran parir las universidades..y estos corruptos nunca han hecho nada bueno x el pais..lo unico que han hecho es artarse caro a costillas del pueblo...que de aposol...,0,verguenzar jente lograr parir universidad corrupto único artar caro costilla pueblo aposol,209,12,True,NEG,0.0041878134943544865,0.9797906279563904,0.01602148823440075,-0.9756028144620359,0.9797906279563904,1–2
lj983NWyAQY,UgzDFSLs4n_6XtQjgjZ4AaABAg,Plan 2032 Ciudad de Guatemala,Municipalidad de Guatemala,UCXa6LVjBzUtmcM3cwbd9e2w,@carlosoliva9249,UCyzf29IYjNw67gGIfsjgtxA,"Impresionante 👏🏻👏🏻 la ciudad de Guatemala siempre ha tenido alcaldes de visión, Arzú siempre quizo ver una ciudad cosmopolita y de gran desarrollo, esperemos eso siga.",Municipalidad de Guatemala,topic,lj983NWyAQY_out_comments.csv | youtube_guatemala_plus_comments.csv,@carlosoliva9249,hace 7 años,45,0,False,,45,False,45,"Impresionante 👏🏻👏🏻 la ciudad de Guatemala siempre ha tenido alcaldes de visión, Arzú siempre quizo ver una ciudad cosmopolita y de gran desarrollo, esperemos eso siga.",4,impresionante ciudad guatemala alcalde visión arzú quizo ciudad cosmopolita desarrollo esperer seguir,167,12,True,POS,0.8150684833526611,0.021901143714785576,0.16303035616874695,0.7931673396378756,0.8150684833526611,11–50
PjmxCj-a9Hg,UgzDK8qo7Il1yafNllJ4AaABAg,Conferencia de Prensa del Gobierno de Guatemala. #LaRondaGt,Gobierno de la República de Guatemala,UC-ZtFBHzgkYFh7whZkuR_Ag,@josegil3813,UCzZ6dDCEsLMXbc5pCFXIprw,Adelante Excelentisimo Senor Presidente  Bernardo Arevalo de Leo'n   2028 - 2030.-,@GobiernodeGuatemala,topic,PjmxCj-a9Hg_out_comments.csv | youtube_guatemala_plus_comments.csv,@josegil3813,hace 1 año, ,0,False,,,True,0,Adelante Excelentisimo Senor Presidente  Bernardo Arevalo de Leo'n   2028 - 2030.-,0,excelentísimo señor presidente bernardo arévalo leo,82,6,True,POS,0.7325995564460754,0.021606067195534706,0.24579431116580963,0.7109934892505407,0.7325995564460754,0
lj983NWyAQY,UgzESrzC3abcN60poBF4AaABAg,Plan 2032 Ciudad de Guatemala,Municipalidad de Guatemala,UCXa6LVjBzUtmcM3cwbd9e2w,@alexarcos8349,UCaT6M2zp7X6r6Whd8Vv3kHQ,Me encanta poner un negocio en Guatemala en un futuro no muy lejano.,Municipalidad de Guatemala,topic,lj983NWyAQY_out_comments.csv | youtube_guatemala_plus_comments.csv,@alexarcos8349,hace 5 años,1,0,False,,1,False,1,Me encanta poner un negocio en Guatemala en un futuro no muy lejano.,0,encantar negocio guatemala futuro lejano,68,5,True,POS,0.8562851548194885,0.00531962001696229,0.13839519023895264,0.8509655348025262,0.8562851548194885,1–2
n8iP75gIpmw,UgzFOdujc0-cy9W1Uv14AaABAg,Qué rico come tu diputado,Quorum,UCE4rsXcgDb6e1-a9iTbWzfg,@marisosa7832,UC3NMzdMYryaw82kPTnsaljg,Mientras los Guatemaltecos  muriendo de hambre,@quorumgt/videos,channel,quorum_complete_comments.csv | youtube_guatemala_plus_comments.csv,@marisosa7832,hace 2 años, ,0,False,,,True,0,Mientras los Guatemaltecos  muriendo de hambre,0,guatemalteco morir hambre,46,3,True,NEG,0.01331889908760786,0.8943498134613037,0.09233129769563675,-0.8810309143736959,0.8943498134613037,0
n8iP75gIpmw,UgzGYzecKVZyDzajKPV4AaABAg,Qué rico come tu diputado,Quorum,UCE4rsXcgDb6e1-a9iTbWzfg,@guillermogonzalez5153,UCLggDc_a5HriXv7I1h02sOA,"Cuando comen  puyaso,,,,,,y un niño  del campo come tortilla con sal  ,,,que es lo relevante  ,,,??",@quorumgt/videos,channel,quorum_complete_comments.csv | youtube_guatemala_plus_comments.csv,@guillermogonzalez5153,hace 2 años,4,0,False,,4,False,4,"Cuando comen  puyaso,,,,,,y un niño  del campo come tortilla con sal  ,,,que es lo relevante  ,,,??",0,comar puyaso niño campo comar tortilla sal relevante,99,8,True,NEG,0.013743098825216293,0.785548210144043,0.20070868730545044,-0.7718051113188267,0.785548210144043,3–10
n8iP75gIpmw,UgzH_SOr2gGO_dDna5J4AaABAg,Qué rico come tu diputado,Quorum,UCE4rsXcgDb6e1-a9iTbWzfg,@FranciscoRivera-sf7ne,UCSou6a2OuYGSvPjm5psquyA,Qué descaro de ese vividor,@quorumgt/videos,channel,quorum_complete_comments.csv | youtube_guatemala_plus_comments.csv,@FranciscoRivera-sf7ne,hace 2 años, ,0,False,,,True,0,Qué descaro de ese vividor,0,descaro vividor,26,2,True,NEG,0.019896214827895164,0.9397652745246887,0.040338560938835144,-0.9198690596967936,0.9397652745246887,0
PjmxCj-a9Hg,UgzJ85lM1ogkB4KOk2d4AaABAg,Conferencia de Prensa del Gobierno de Guatemala. #LaRondaGt,Gobierno de la República de Guatemala,UC-ZtFBHzgkYFh7whZkuR_Ag,@aureliomaldonado4793,UCtNyHmRZtvGF2hSvI2dUBWw,Este presidente pendejo no va aser nada si no van a tapar baches menos van a avanzar en otras cosas ya están igual a México con la mañanera y no asen nada solo son abla mierda,@GobiernodeGuatemala,topic,PjmxCj-a9Hg_out_comments.csv | youtube_guatemala_plus_comments.csv,@aureliomaldonado4793,hace 1 año, ,0,False,,,True,0,Este presidente pendejo no va aser nada si no van a tapar baches menos van a avanzar en otras cosas ya están igual a México con la mañanera y no asen nada solo son abla mierda,0,presidente pendejo aser tapar bache avanzar méxico mañanera abla mierdo,175,10,True,NEG,0.00464961351826787,0.9791271090507507,0.01622331328690052,-0.9744774955324829,0.9791271090507507,0
lj983NWyAQY,UgzKcy6Zr6Ele2EAo6J4AaABAg,Plan 2032 Ciudad de Guatemala,Municipalidad de Guatemala,UCXa6LVjBzUtmcM3cwbd9e2w,@samuelaguilar529,UCGqKxQS-z3NZzZF-2w338AA,"Me encantaría vivir por un tiempo en Guatemala.
Saludos desde México. :)",Municipalidad de Guatemala,topic,lj983NWyAQY_out_comments.csv | youtube_guatemala_plus_comments.csv,@samuelaguilar529,hace 7 años,211,3,False,,211,False,211,"Me encantaría vivir por un tiempo en Guatemala.
Saludos desde México. :)",0,encantar vivir tiempo guatemala saludo méxico,72,6,True,POS,0.9064170718193054,0.005586089566349983,0.08799687027931213,0.9008309822529554,0.9064170718193054,>50
yLZS3JiEBg8,UgzL_lyzP1gwPdnVQ3Z4AaABAg,Arroz con pollo a la MONOPOLIO,Quorum,UCE4rsXcgDb6e1-a9iTbWzfg,@JBFlute92,UCXO1BBohNWXkK9SBDAG2ySg,Excelente trabajo !!,@quorumgt/videos,channel,quorum_complete_comments.csv | youtube_guatemala_plus_comments.csv,@JBFlute92,hace 2 años, ,0,False,,,True,0,Excelente trabajo !!,0,excelente trabajo,20,2,True,POS,0.9503393173217773,0.0061418525874614716,0.0435187928378582,0.9441974647343159,0.9503393173217773,0
6W4u8sGEnGM,UgzMXsCXt9Lh-tk3fZd4AaABAg,Inician los trabajos de recuperación del Puente Belice II.,Gobierno de la República de Guatemala,UC-ZtFBHzgkYFh7whZkuR_Ag,@maydamorales4395,UChyps3dqY-VY1_wLeq-2lhw,"Despues de tanta corrpcion y desfalco por los anteriores gobiernos ladrones que esperaba Rolando? ahora si se puede ver que los fondos de nuestros impuestos se estan usando en lo que deberian de haberse usado hace 40 anios, es muy bueno ver que al fin hay un presidente que esta trabajando no sentado atras de un escritorio llenandose las bolsas!",Gobierno de la República de Guatemala,topic,youtube_guatemala_plus_comments.csv | youtube_lab_targets_small_comments.csv,@maydamorales4395,hace 6 días,14,1,False,,14,False,14,"Despues de tanta corrpcion y desfalco por los anteriores gobiernos ladrones que esperaba Rolando? ahora si se puede ver que los fondos de nuestros impuestos se estan usando en lo que deberian de haberse usado hace 40 anios, es muy bueno ver que al fin hay un presidente que esta trabajando no sentado atras de un escritorio llenandose las bolsas!",0,corrpcion desfalco gobierno ladrón esperar rolar fondo impuesto deberiar anio presidente trabajar sentar escritorio llenar bolsa,346,16,True,POS,0.4730713367462158,0.2558475732803345,0.2710810601711273,0.21722376346588135,0.4730713367462158,11–50
6W4u8sGEnGM,UgzMXsCXt9Lh-tk3fZd4AaABAg.A_zGMKwFBhPA_zWhjiGKb7,Inician los trabajos de recuperación del Puente Belice II.,Gobierno de la República de Guatemala,UC-ZtFBHzgkYFh7whZkuR_Ag,@Murmullodelbarrio,UCyJhqmMbsvjpoarBBStA2kg,"Esoooooo 
Así mero es",Gobierno de la República de Guatemala,topic,youtube_guatemala_plus_comments.csv | youtube_lab_targets_small_comments.csv,@Murmullodelbarrio,hace 6 días,1,0,False,,1,False,1,"Esoooooo 
Así mero es",0,esoo mero,21,2,True,POS,0.8220118880271912,0.01868552714586258,0.15930265188217163,0.8033263608813286,0.8220118880271912,1–2
n8iP75gIpmw,UgzM_dw7xZDkJJ8eYQ94AaABAg,Qué rico come tu diputado,Quorum,UCE4rsXcgDb6e1-a9iTbWzfg,@Rogergh-nw4oj,UCXgr7vXlRrsaskPdo097kGA,asi o mas envelequero...,@quorumgt/videos,channel,quorum_complete_comments.csv | youtube_guatemala_plus_comments.csv,@Rogergh-nw4oj,hace 2 años, ,0,False,,,True,0,asi o mas envelequero...,0,envelequero,24,1,True,NEG,0.03204089775681496,0.6588795781135559,0.30907949805259705,-0.626838680356741,0.6588795781135559,0
n8iP75gIpmw,UgzMppllQcjsXkBLgiZ4AaABAg,Qué rico come tu diputado,Quorum,UCE4rsXcgDb6e1-a9iTbWzfg,@Jel.Awesh.M,UCylqlpsh8ENNM1LqgQ1KbxA,Y eso es a lo que sale a luz ¿qué más  nos esconderán?,@quorumgt/videos,channel,quorum_complete_comments.csv | youtube_guatemala_plus_comments.csv,@Jel.Awesh.M,hace 1 año, ,0,False,,,True,0,Y eso es a lo que sale a luz ¿qué más  nos esconderán?,0,salir luz esconder,54,3,True,NEG,0.01070763822644949,0.8680899739265442,0.12120231240987778,-0.8573823357000947,0.8680899739265442,0
n8iP75gIpmw,UgzOB-KAGGElQGAPxEZ4AaABAg,Qué rico come tu diputado,Quorum,UCE4rsXcgDb6e1-a9iTbWzfg,@aluxdel4792,UC4cXueR2bKGFJV0Fk76gwmA,"Por qué hay 160 diPUTAdos ? Máximo deberían ser 80 diPUTAdos , hambrientos porque saben que el pueblo paga y hasta da propina. Y mientras tanto en el corredor seco la gente se está muriendo de hambre",@quorumgt/videos,channel,quorum_complete_comments.csv | youtube_guatemala_plus_comments.csv,@aluxdel4792,hace 1 año, ,0,False,,,True,0,"Por qué hay 160 diPUTAdos ? Máximo deberían ser 80 diPUTAdos , hambrientos porque saben que el pueblo paga y hasta da propina. Y mientras tanto en el corredor seco la gente se está muriendo de hambre",0,diputado máximo deber diputado hambriento pueblo pagar propina corredor seco gente morir hambre,199,13,True,NEG,0.0034566682297736406,0.9705830812454224,0.025960316881537437,-0.9671264130156487,0.9705830812454224,0
n8iP75gIpmw,UgzOGr7KGQ9pa-CJdgN4AaABAg,Qué rico come tu diputado,Quorum,UCE4rsXcgDb6e1-a9iTbWzfg,@LE_A22,UCNBnKqWf4d-rS4HwJRQljmQ,"Ósea que por ser diputados TIENEN QUE TENER PRIVILEGIOS A HUEVOS?  25 mil al mes más dietas,mocos etc. pero hablemos de 25 mil,ese ese el salario de 5 ó 6 meses de un ciudadano de a pie… y no tiene carro comida,tel etc gratis como estas ratas,y entre esos diputados los de la junta,los jefes de bloque son los más chuchos,pero quiere justificar todo como que fuese un derecho  y ellos fuesen reyes del país",@quorumgt/videos,channel,quorum_complete_comments.csv | youtube_guatemala_plus_comments.csv,@LE_A22,hace 2 años, ,0,False,,,True,0,"Ósea que por ser diputados TIENEN QUE TENER PRIVILEGIOS A HUEVOS?  25 mil al mes más dietas,mocos etc. pero hablemos de 25 mil,ese ese el salario de 5 ó 6 meses de un ciudadano de a pie… y no tiene carro comida,tel etc gratis como estas ratas,y entre esos diputados los de la junta,los jefes de bloque son los más chuchos,pero quiere justificar todo como que fuese un derecho  y ellos fuesen reyes del país",0,ósear diputado privilegio huevo mes dieta moco etc hablar salario mes ciudadano pie carro comida tel etc gratis rata diputado junta jefe bloque chucho justificar derecho rey,406,27,True,NEG,0.006124567240476608,0.9248941540718079,0.06898118555545807,-0.9187695868313313,0.9248941540718079,0
n8iP75gIpmw,UgzOYjc2Ii04ZArW7vF4AaABAg,Qué rico come tu diputado,Quorum,UCE4rsXcgDb6e1-a9iTbWzfg,@mariorodas593,UCmvOgzmmXbjUthHy-WJ52hQ,Eso del ferrogaril nunca se va a realisar.,@quorumgt/videos,channel,quorum_complete_comments.csv | youtube_guatemala_plus_comments.csv,@mariorodas593,hace 2 años,1,0,False,,1,False,1,Eso del ferrogaril nunca se va a realisar.,0,ferrogaril realisar,42,2,True,NEG,0.01485327910631895,0.7932339906692505,0.19191275537014008,-0.7783807115629315,0.7932339906692505,1–2
s0eco-BofOs,UgzOeIbOqa0dhaWyj_B4AaABAg,¿Quiénes pagan más en Centroamérica?,Quorum,UCE4rsXcgDb6e1-a9iTbWzfg,@jahirdiaz5862,UC6xI_MOaxajIWpoP8BH6E_Q,wooow,@quorumgt/videos,channel,quorum_complete_comments.csv | youtube_guatemala_plus_comments.csv,@jahirdiaz5862,hace 1 año, ,0,False,,,True,0,wooow,0,woow,5,1,True,POS,0.7521452903747559,0.03428972512483597,0.2135649472475052,0.7178555652499199,0.7521452903747559,0
lj983NWyAQY,UgzPExq20lnf7-8d7_p4AaABAg,Plan 2032 Ciudad de Guatemala,Municipalidad de Guatemala,UCXa6LVjBzUtmcM3cwbd9e2w,@mynorgudiel8646,UCtMBF_1O2jY2INlb_luuB_A,Que Bonita ciudad mi Guatemala como te extraño algún día regresaremos saludos a todos los paisanos que estamos en el extranjero,Municipalidad de Guatemala,topic,lj983NWyAQY_out_comments.csv | youtube_guatemala_plus_comments.csv,@mynorgudiel8646,hace 7 años,15,0,False,,15,False,15,Que Bonita ciudad mi Guatemala como te extraño algún día regresaremos saludos a todos los paisanos que estamos en el extranjero,0,bonitir ciudad guatemala extraño regresarer saludo paisano extranjero,127,8,True,POS,0.7045323848724365,0.0872984379529953,0.2081691324710846,0.6172339469194412,0.7045323848724365,11–50
OkXlHx0hx-8,UgzQTWwjC_XVPUNxuXp4AaABAg,EE.UU. envía a mexicanos deportados a Guatemala antes de su regreso a México | Noticias Telemundo,Noticias Telemundo,UCRwA1NUcUnwsly35ikGhp0A,@flornolberto2425,UCrqXyRsg-_hTosURZ-uvoKg,Que desgraciados sin Corazón y porque mandarlos a un pais del que no pertenesen ???? Si los  deportan por lo menos deverian de hacerlo al pais que pertenesen haci la familia puede verlos y ver sus nesecidad.,guatemala noticias,topic,youtube_guatemala_comments.csv | youtube_guatemala_plus_comments.csv,@flornolberto2425,hace 1 día, ,0,False,,,True,0,Que desgraciados sin Corazón y porque mandarlos a un pais del que no pertenesen ???? Si los  deportan por lo menos deverian de hacerlo al pais que pertenesen haci la familia puede verlos y ver sus nesecidad.,0,desgraciado corazón mandarlo pertenesen deportar deveriar pertenesar haci familia nesecidad,207,10,True,NEG,0.006433666683733463,0.9549195170402527,0.038646847009658813,-0.9484858503565192,0.9549195170402527,0
OkXlHx0hx-8,UgzRlz8OqalaHh8EnUl4AaABAg,EE.UU. envía a mexicanos deportados a Guatemala antes de su regreso a México | Noticias Telemundo,Noticias Telemundo,UCRwA1NUcUnwsly35ikGhp0A,@pasionpornada,UCGZMgmM92E3njyXNe9-kjAQ,""" Ayudanos a luchar contra el racismo y los malos tratos; vete de regreso a tu pais""
                                              Someone.",guatemala noticias,topic,youtube_guatemala_comments.csv | youtube_guatemala_plus_comments.csv,@pasionpornada,hace 1 día (editado),2,1,False,,2,False,2,""" Ayudanos a luchar contra el racismo y los malos tratos; vete de regreso a tu pais""
                                              Someone.",0,ayuda luchar racismo malo trato vetir regreso someonir,139,8,True,NEU,0.23737984895706177,0.26823580265045166,0.4943843483924866,-0.030855953693389893,0.4943843483924866,1–2
OkXlHx0hx-8,UgzRlz8OqalaHh8EnUl4AaABAg.Aa9hqaKl_ywAaB_OUjpKKh,EE.UU. envía a mexicanos deportados a Guatemala antes de su regreso a México | Noticias Telemundo,Noticias Telemundo,UCRwA1NUcUnwsly35ikGhp0A,@eugeneramirez4405,UCi2KiZq63sRq8Mfbcp-MelQ,"It ghe LAW 
You don't make your own rules!",guatemala noticias,topic,youtube_guatemala_comments.csv | youtube_guatemala_plus_comments.csv,@eugeneramirez4405,hace 20 horas, ,0,False,,,True,0,"It ghe LAW 
You don't make your own rules!",0,ghe law you don make your own rul,42,8,True,NEG,0.07639550417661667,0.6987627744674683,0.22484174370765686,-0.6223672702908516,0.6987627744674683,0
yLZS3JiEBg8,UgzRyWsi9Ed1wsXKgwd4AaABAg,Arroz con pollo a la MONOPOLIO,Quorum,UCE4rsXcgDb6e1-a9iTbWzfg,@franciscorodas9686,UCOY3XpD9qMCRSA8AA8c4CAw,Muy buena explicación para entender los carteles y la necesidad de una Ley de Competencia. Felicitaciones.,@quorumgt/videos,channel,quorum_complete_comments.csv | youtube_guatemala_plus_comments.csv,@franciscorodas9686,hace 2 años,1,0,False,,1,False,1,Muy buena explicación para entender los carteles y la necesidad de una Ley de Competencia. Felicitaciones.,0,explicación entender cartel necesidad ley competencia felicitación,106,7,True,POS,0.945181131362915,0.007759059313684702,0.047059837728738785,0.9374220720492303,0.945181131362915,1–2
is3Mk5oC19g,UgzSjpcAY2zvJ6i-poh4AaABAg,Capturan a ladrón que había quedado grabado mientras robaba en una parroquia de Retalhuleu,TN23 Guatemala,UCt5Dw7ePnn0AqPqRF8Xpjkw,@Williams-Garcia67E,UCfRqgt2O-vjzUDMZY_tnxQw,Robando en una iglesia eso es un gran pecado,guatemala noticias,topic,youtube_guatemala_comments.csv | youtube_guatemala_plus_comments.csv,@Williams-Garcia67E,hace 23 horas, ,0,False,,,True,0,Robando en una iglesia eso es un gran pecado,0,robar iglesia pecado,44,3,True,NEG,0.030698295682668686,0.7439436912536621,0.2253580242395401,-0.7132453955709934,0.7439436912536621,0
n8iP75gIpmw,UgzSu6dFpC7PrEYl7AF4AaABAg,Qué rico come tu diputado,Quorum,UCE4rsXcgDb6e1-a9iTbWzfg,@ErvinLeonardoCarreraLatín,UC9vMq1YF-e7C-VO0SHkbUTA,Este señor le vale cuánto es el valor del almuerzo de un pobre y cuánto gana la población  más pobre,@quorumgt/videos,channel,quorum_complete_comments.csv | youtube_guatemala_plus_comments.csv,@ErvinLeonardoCarreraLatín,hace 2 años, ,0,False,,,True,0,Este señor le vale cuánto es el valor del almuerzo de un pobre y cuánto gana la población  más pobre,0,señor valer valor almuerzo pobre ganar población pobre,100,8,True,NEG,0.006323401350528002,0.9328250288963318,0.06085163354873657,-0.9265016275458038,0.9328250288963318,0
6W4u8sGEnGM,UgzT_1dx4pvgJTFMsnZ4AaABAg,Inician los trabajos de recuperación del Puente Belice II.,Gobierno de la República de Guatemala,UC-ZtFBHzgkYFh7whZkuR_Ag,@robertoescobar5507,UCp29O_C7cchZV8IxV7Crdag,"Parafraseando a Bukele, cuando no hay hueveo el pisto alcanza.",Gobierno de la República de Guatemala,topic,youtube_guatemala_plus_comments.csv | youtube_lab_targets_small_comments.csv,@robertoescobar5507,hace 5 días (editado), ,0,False,,,True,0,"Parafraseando a Bukele, cuando no hay hueveo el pisto alcanza.",0,parafrasear bukele hueveo pisto alcanzar,62,5,True,NEU,0.15107227861881256,0.23061230778694153,0.6183153986930847,-0.07954002916812897,0.6183153986930847,0
n8iP75gIpmw,UgzTqBd3og9IPuVu3o94AaABAg,Qué rico come tu diputado,Quorum,UCE4rsXcgDb6e1-a9iTbWzfg,@josecarrera9623,UCrJn_rbo_ENAdeqneS-RmRw,se be q ese neri rodas kiere seguir comiendo acostillas de los pobres de guatemala verguenza no conose,@quorumgt/videos,channel,quorum_complete_comments.csv | youtube_guatemala_plus_comments.csv,@josecarrera9623,hace 2 años,1,0,False,,1,False,1,se be q ese neri rodas kiere seguir comiendo acostillas de los pobres de guatemala verguenza no conose,0,bir neri roda kierir seguir comer acostilla pobre guatemala verguenzar cono,102,11,True,NEG,0.007871078327298164,0.941918134689331,0.05021072179079056,-0.9340470563620329,0.941918134689331,1–2
ndAZjHqzzT8,UgzU2eLo006-Cz6rYLZ4AaABAg,Internet: escoger el menos malo,Quorum,UCE4rsXcgDb6e1-a9iTbWzfg,@2jose82,UCjJf-AJKRFFWtiN-CSwkDmA,En Tigo tienen una práctica que se llama falla programada y como lo dice el nombre lo hacen para obligar a los a clientes a migrar a nuevos servicios que seguramente podrían llegar a ser más caros o para que paguen x adelantado en el caso del internet residencial sin contrato,@quorumgt/videos,channel,quorum_complete_comments.csv | youtube_guatemala_plus_comments.csv,@2jose82,hace 1 año, ,0,False,,,True,0,En Tigo tienen una práctica que se llama falla programada y como lo dice el nombre lo hacen para obligar a los a clientes a migrar a nuevos servicios que seguramente podrían llegar a ser más caros o para que paguen x adelantado en el caso del internet residencial sin contrato,0,tigo práctica llamar falla programado nombre obligar cliente migrar servicio seguramente llegar caro pagar adelantado caso internet residencial contrato,276,19,True,NEG,0.0036288273986428976,0.8759534955024719,0.12041768431663513,-0.872324668103829,0.8759534955024719,0
is3Mk5oC19g,UgzVRaRar_M-cPPi92x4AaABAg,Capturan a ladrón que había quedado grabado mientras robaba en una parroquia de Retalhuleu,TN23 Guatemala,UCt5Dw7ePnn0AqPqRF8Xpjkw,@alexmonzon4257,UCBtB5dIyx-C16UN8ClUD2UA,Parece hijo del policia que esta a su lado...,guatemala noticias,topic,youtube_guatemala_comments.csv | youtube_guatemala_plus_comments.csv,@alexmonzon4257,hace 17 horas, ,0,False,,,True,0,Parece hijo del policia que esta a su lado...,0,hijo policía,45,2,True,NEG,0.04442209750413895,0.596264660358429,0.3593132793903351,-0.55184256285429,0.596264660358429,0
n8iP75gIpmw,UgzVSZ19e2Cc28bFi-94AaABAg,Qué rico come tu diputado,Quorum,UCE4rsXcgDb6e1-a9iTbWzfg,@luisletona2842,UCDUffaruH6dyUnUGwsTKpgg,Pobrecito dipucaco,@quorumgt/videos,channel,quorum_complete_comments.csv | youtube_guatemala_plus_comments.csv,@luisletona2842,hace 2 años,2,0,False,,2,False,2,Pobrecito dipucaco,0,pobrecito dipucaco,18,2,True,NEG,0.055083390325307846,0.8573843240737915,0.08753233402967453,-0.8023009337484837,0.8573843240737915,1–2
6W4u8sGEnGM,UgzVsPOuFAogocL8wKB4AaABAg,Inician los trabajos de recuperación del Puente Belice II.,Gobierno de la República de Guatemala,UC-ZtFBHzgkYFh7whZkuR_Ag,@pattyfigueroa5609,UCgGqw4aqMdMVSGkKiMgrJRQ,Interesante 😊 de haya cosas buenas en el país de guatemala.con el puente Belice dos.,Gobierno de la República de Guatemala,topic,youtube_guatemala_plus_comments.csv | youtube_lab_targets_small_comments.csv,@pattyfigueroa5609,hace 4 días, ,0,False,,,True,0,Interesante 😊 de haya cosas buenas en el país de guatemala.con el puente Belice dos.,1,interesante guatemala puente belice,84,4,True,POS,0.8767440319061279,0.005623911507427692,0.11763200908899307,0.8711201203987002,0.8767440319061279,0
j43HgwYFKfk,UgzWNBqTQMz8ba4pbUd4AaABAg,La cooptación de Walter Mazariegos en la USAC,Quorum,UCE4rsXcgDb6e1-a9iTbWzfg,@RauldejesusOlivagonzalez,UC32oozucwCF3q8d4m8fyOUg,La pregunta  es.quetanto poder tiene ese delicuente de. Masariego  porque es impone ese indibidodespierte amigo unibersitarios que pasa,@quorumgt/videos,channel,quorum_complete_comments.csv | youtube_guatemala_plus_comments.csv,@RauldejesusOlivagonzalez,hace 6 meses, ,0,False,,,True,0,La pregunta  es.quetanto poder tiene ese delicuente de. Masariego  porque es impone ese indibidodespierte amigo unibersitarios que pasa,0,pregunta quetanto delicuente masariego imponer indibidodespierte amigo unibersitario pasar,135,9,True,NEG,0.0063228909857571125,0.8749880194664001,0.11868908256292343,-0.868665128480643,0.8749880194664001,0
n8iP75gIpmw,UgzWNJK42U_F1IKlwwh4AaABAg,Qué rico come tu diputado,Quorum,UCE4rsXcgDb6e1-a9iTbWzfg,@davidgaher9550,UCvApqeCbLod-wejtT4CcVuA,"Prepotente todavía, ni vergüenza tienen, gastar como no les cuesta nada deberían pagarlo con sus propio sueldo",@quorumgt/videos,channel,quorum_complete_comments.csv | youtube_guatemala_plus_comments.csv,@davidgaher9550,hace 2 años,15,0,False,,15,False,15,"Prepotente todavía, ni vergüenza tienen, gastar como no les cuesta nada deberían pagarlo con sus propio sueldo",0,prepotente vergüenza gastar costar deber pagar sueldo,110,7,True,NEG,0.008602139540016651,0.9662943482398987,0.025103513151407242,-0.957692208699882,0.9662943482398987,11–50
JkpVO1hx2f8,UgzWs20muY6Ghm9Z7094AaABAg,10 Preguntas a un año del Paro Nacional,Quorum,UCE4rsXcgDb6e1-a9iTbWzfg,@noemiherrera3152,UCHGd14aYuZZShLD73dkk6mg,Fue emocionante! ❤🥹,@quorumgt/videos,channel,quorum_complete_comments.csv | youtube_guatemala_plus_comments.csv,@noemiherrera3152,hace 1 año, ,0,False,,,True,0,Fue emocionante! ❤🥹,2,emocionante,19,1,True,POS,0.7617189288139343,0.04664481058716774,0.19163629412651062,0.7150741182267666,0.7617189288139343,0
n8iP75gIpmw,UgzXDN6uNEworKy3uqZ4AaABAg,Qué rico come tu diputado,Quorum,UCE4rsXcgDb6e1-a9iTbWzfg,@JavierBecerra-h6x,UCiMythXHsw7eQEMykCdmMUA,"Con la venta de fertilizantes se repone todo lo gastado y queda ganancia todavía, dice que tiene 40 agroservicios.",@quorumgt/videos,channel,quorum_complete_comments.csv | youtube_guatemala_plus_comments.csv,@JavierBecerra-h6x,hace 2 años,2,0,False,,2,False,2,"Con la venta de fertilizantes se repone todo lo gastado y queda ganancia todavía, dice que tiene 40 agroservicios.",0,venta fertilizant reponer gastado quedar ganancia agroservicio,114,7,True,NEU,0.3329506516456604,0.023087555542588234,0.6439618468284607,0.30986309610307217,0.6439618468284607,1–2
j43HgwYFKfk,UgzYz6n8mPI0dBWsP2h4AaABAg,La cooptación de Walter Mazariegos en la USAC,Quorum,UCE4rsXcgDb6e1-a9iTbWzfg,@Tommii.10,UC-fiZBS5Gp1eCJd9ucgWnCg,Hay que sacar a como de lugar a estos 37 miembros del consejo que cumplieron su tiempo y colocar una denuncia penal contra estos que están usurpado los cargos en el CSU,@quorumgt,topic,j43HgwYFKfk_out_comments.csv | quorum_complete_comments.csv | youtube_guatemala_plus_comments.csv,@Tommii.10,hace 1 año,6,0,False,,6,False,6,Hay que sacar a como de lugar a estos 37 miembros del consejo que cumplieron su tiempo y colocar una denuncia penal contra estos que están usurpado los cargos en el CSU,0,sacar lugar miembro consejo cumplir tiempo colocar denuncia penal usurpar cargo csu,168,12,True,NEG,0.04498998075723648,0.5209763050079346,0.43403375148773193,-0.4759863242506981,0.5209763050079346,3–10
b_Hkrkl3adA,UgzZMPOIKJlwEpgh7zd4AaABAg,Bloqueos en Guatemala este 31 de agosto por alza en combustibles afectan rutas principales,PrensaLibreOficial,UCEepOY2svuxbsJ-zsAPT9Fg,@lazarochavez8269,UC5PrBbmUlQolwqmiru7yZhw,Porque estan aciendo protestas si la gasolina aun subira mas de precio yo claro les edicho que si Nosotros perdemos la guerra Con Irán 🇮🇷 ustedes países como Mexico Guatemala todos los países del mundo 🌎no podrán comprar gasolina porque el galón subira $10. por galón cuánto es esto en tu país es mucho dinero saludos desde mi hermoso país 🇺🇸🇺🇸💵🦅🇺🇸🇺🇸♥️,guatemala noticias,topic,debug_comments_fixed2_comments.csv | youtube_guatemala_comments.csv | youtube_guatemala_plus_comments.csv,@lazarochavez8269,hace 5 horas, ,1,False,,,True,0,Porque estan aciendo protestas si la gasolina aun subira mas de precio yo claro les edicho que si Nosotros perdemos la guerra Con Irán 🇮🇷 ustedes países como Mexico Guatemala todos los países del mundo 🌎no podrán comprar gasolina porque el galón subira $10. por galón cuánto es esto en tu país es mucho dinero saludos desde mi hermoso país 🇺🇸🇺🇸💵🦅🇺🇸🇺🇸♥️,15,aceir protesta gasolina subirar precio edecir perder guerra irán méxico guatemala mundo comprar gasolina galón subira galón dinero saludo hermoso,352,20,True,NEG,0.010146794840693474,0.782791018486023,0.20706209540367126,-0.7726442236453295,0.782791018486023,0
b_Hkrkl3adA,UgzZMPOIKJlwEpgh7zd4AaABAg.AaB6SZj2UadAaBRkGrUAJI,Bloqueos en Guatemala este 31 de agosto por alza en combustibles afectan rutas principales,PrensaLibreOficial,UCEepOY2svuxbsJ-zsAPT9Fg,@CelestinoQuej-j7k,UC094EFEmMSdwVa8NQjjYBXg,Pero ay que entender esta a 10 o un poco MAs de impuesto x galon en en Guatemala,guatemala noticias,topic,debug_comments_fixed2_comments.csv | youtube_guatemala_comments.csv | youtube_guatemala_plus_comments.csv,@CelestinoQuej-j7k,hace 2 horas, ,0,False,,,True,0,Pero ay que entender esta a 10 o un poco MAs de impuesto x galon en en Guatemala,0,entender impuesto galón guatemala,80,4,True,NEU,0.030618367716670036,0.18777582049369812,0.7816057801246643,-0.15715745277702808,0.7816057801246643,0
b_Hkrkl3adA,UgzZMPOIKJlwEpgh7zd4AaABAg.AaB6SZj2UadAaCH5adXxCo,Bloqueos en Guatemala este 31 de agosto por alza en combustibles afectan rutas principales,PrensaLibreOficial,UCEepOY2svuxbsJ-zsAPT9Fg,@JoséLopez-g6k,UCGm3gRBEHGRJYmtCryZLtDw,Pues  dile a tu presidente que deje de andar haciendo guerra a lo baboseo .,guatemala noticias,topic,youtube_guatemala_comments.csv | youtube_guatemala_plus_comments.csv,@JoséLopez-g6k,hace 13 horas, ,0,False,,,True,0,Pues  dile a tu presidente que deje de andar haciendo guerra a lo baboseo .,0,dile presidente dejar andar guerra baboseo,75,6,True,NEG,0.037565991282463074,0.8569008111953735,0.10553328692913055,-0.8193348199129105,0.8569008111953735,0
lj983NWyAQY,UgzZc-W-gVj1t4SXc-54AaABAg,Plan 2032 Ciudad de Guatemala,Municipalidad de Guatemala,UCXa6LVjBzUtmcM3cwbd9e2w,@kingr4706,UCwUAv3_LpWVtTIi7lkmTL7A,"Sería muy bueno que hicieran eso, y que también mejoren muchas cosas no solo en la capital. Ojalá antes lo hagan.
Vamos Guate, saldremos adelante con pasos pequeño pero firmes 🇬🇹❤️🇬🇹",Municipalidad de Guatemala,topic,lj983NWyAQY_out_comments.csv | youtube_guatemala_plus_comments.csv,@kingr4706,hace 6 años,16,0,False,,16,False,16,"Sería muy bueno que hicieran eso, y que también mejoren muchas cosas no solo en la capital. Ojalá antes lo hagan.
Vamos Guate, saldremos adelante con pasos pequeño pero firmes 🇬🇹❤️🇬🇹",6,mejorar capital ojalá guate salir paso pequeño firme,182,8,True,POS,0.6555138230323792,0.02760770358145237,0.31687843799591064,0.6279061194509268,0.6555138230323792,11–50
n8iP75gIpmw,UgzaTUgOy4ekC0xQoFt4AaABAg,Qué rico come tu diputado,Quorum,UCE4rsXcgDb6e1-a9iTbWzfg,@ManuelEdran,UC5H8ASmMC9WrURmzeB4ySog,Es su obligacion trabajar...no se aproveche,@quorumgt/videos,channel,quorum_complete_comments.csv | youtube_guatemala_plus_comments.csv,@ManuelEdran,hace 2 años,1,0,False,,1,False,1,Es su obligacion trabajar...no se aproveche,0,obligacion trabajar aprovechar,43,3,True,NEU,0.07315916568040848,0.32614392042160034,0.6006969809532166,-0.25298475474119186,0.6006969809532166,1–2
ndAZjHqzzT8,UgzaWev1Ju6338Y7Ehl4AaABAg,Internet: escoger el menos malo,Quorum,UCE4rsXcgDb6e1-a9iTbWzfg,@allanreneramirezgonzalez534,UC5wuDq3U3vRAhOQI3D7gNdw,"Excelente informacion, me suscribí al canal por una publicacion en FB",@quorumgt/videos,channel,quorum_complete_comments.csv | youtube_guatemala_plus_comments.csv,@allanreneramirezgonzalez534,hace 2 años,2,1,False,,2,False,2,"Excelente informacion, me suscribí al canal por una publicacion en FB",0,excelente información suscribir canal publicacion,69,5,True,POS,0.82278972864151,0.006266340147703886,0.170943945646286,0.8165233884938061,0.82278972864151,1–2
ndAZjHqzzT8,UgzaWev1Ju6338Y7Ehl4AaABAg.A3Wof66r37mA3WrEtkJyep,Internet: escoger el menos malo,Quorum,UCE4rsXcgDb6e1-a9iTbWzfg,@hashojea7348,UCvcu1kR8xMYy_I1Ty-2mV2Q,Me pasó,@quorumgt/videos,channel,quorum_complete_comments.csv | youtube_guatemala_plus_comments.csv,@hashojea7348,hace 2 años, ,0,False,,,True,0,Me pasó,0,pasar,7,1,True,NEU,0.1187821626663208,0.3522540032863617,0.5289639234542847,-0.2334718406200409,0.5289639234542847,0
n8iP75gIpmw,Ugzb66mq9Rv0T7aalfJ4AaABAg,Qué rico come tu diputado,Quorum,UCE4rsXcgDb6e1-a9iTbWzfg,@MrDuenderojo,UCXXh7yg5KUFIWylTiKVEFKQ,El poeta de el diablo el portillo... y no que muy honesto el pastorcito  pues......,@quorumgt/videos,channel,quorum_complete_comments.csv | youtube_guatemala_plus_comments.csv,@MrDuenderojo,hace 2 años,1,0,False,,1,False,1,El poeta de el diablo el portillo... y no que muy honesto el pastorcito  pues......,0,poeta diablo portillo honesto pastorcito,83,5,True,NEG,0.07491367310285568,0.6570689678192139,0.26801735162734985,-0.5821552947163582,0.6570689678192139,1–2
n8iP75gIpmw,UgzcJTEHjaN8bEV8Hfd4AaABAg,Qué rico come tu diputado,Quorum,UCE4rsXcgDb6e1-a9iTbWzfg,@marioajset4283,UC3XTwHxygNCgjndsg-UiCQA,"Julio Héctor Estrada, que triste que inconsciencia.",@quorumgt/videos,channel,quorum_complete_comments.csv | youtube_guatemala_plus_comments.csv,@marioajset4283,hace 2 años,1,0,False,,1,False,1,"Julio Héctor Estrada, que triste que inconsciencia.",0,julio héctor estrado tristir inconscienciar,51,5,True,NEG,0.004259472247213125,0.9800772070884705,0.015663351863622665,-0.9758177348412573,0.9800772070884705,1–2
n8iP75gIpmw,UgzcVyiuFGJ0Yv0C4Zt4AaABAg,Qué rico come tu diputado,Quorum,UCE4rsXcgDb6e1-a9iTbWzfg,@nestorlorenzana1168,UCsJJAvrVGupdmhOqgtDp8dg,Mentiras los diputados no ganan Q25mil......Ellos ganan Q45mil....no sea mentiroso,@quorumgt/videos,channel,quorum_complete_comments.csv | youtube_guatemala_plus_comments.csv,@nestorlorenzana1168,hace 2 años,1,0,False,,1,False,1,Mentiras los diputados no ganan Q25mil......Ellos ganan Q45mil....no sea mentiroso,0,mentira diputado ganar q25mil ganar q45mil mentiroso,82,7,True,NEG,0.043484531342983246,0.6038225889205933,0.35269296169281006,-0.56033805757761,0.6038225889205933,1–2
n8iP75gIpmw,Ugzd2CVlJWOmHWBPSkN4AaABAg,Qué rico come tu diputado,Quorum,UCE4rsXcgDb6e1-a9iTbWzfg,@MegaKristenstewart,UCQ_-LPP8JAbfkc-b1Q6NvWw,Diputados ladrones sin verguenza por eso guate nunca va salir adelante que pena.,@quorumgt/videos,channel,quorum_complete_comments.csv | youtube_guatemala_plus_comments.csv,@MegaKristenstewart,hace 2 años, ,0,False,,,True,0,Diputados ladrones sin verguenza por eso guate nunca va salir adelante que pena.,0,diputado ladrón vergüenza guatar salir penar,80,6,True,NEG,0.007126279175281525,0.9763292074203491,0.016544463112950325,-0.9692029282450676,0.9763292074203491,0
n8iP75gIpmw,UgzeCbhVJhOJATewi5J4AaABAg,Qué rico come tu diputado,Quorum,UCE4rsXcgDb6e1-a9iTbWzfg,@JosueRamirez-ey3ih,UCtNfIBnc5S5DbbQj_yxgJTw,Mantenidos,@quorumgt/videos,channel,quorum_complete_comments.csv | youtube_guatemala_plus_comments.csv,@JosueRamirez-ey3ih,hace 2 años,1,0,False,,1,False,1,Mantenidos,0,mantenido,10,1,True,NEU,0.09917150437831879,0.4305973947048187,0.47023117542266846,-0.33142589032649994,0.47023117542266846,1–2
6W4u8sGEnGM,UgzfLTatI6lJD6Z_u_94AaABAg,Inician los trabajos de recuperación del Puente Belice II.,Gobierno de la República de Guatemala,UC-ZtFBHzgkYFh7whZkuR_Ag,@AlbertoMancilla-p9h,UC-Iul5tDYH_oiAMXQH-KaaQ,Wooooooooooooooooooooooooow calidad va llegará el tren asta izabal puerto Barrios el Atlántico y pacifico va ser súper lindo proyecto va ver mucho trabajo en el país saludos desde USA 🇺🇸 🎉,Gobierno de la República de Guatemala,topic,youtube_guatemala_plus_comments.csv | youtube_lab_targets_small_comments.csv,@AlbertoMancilla-p9h,hace 6 días,1,0,False,,1,False,1,Wooooooooooooooooooooooooow calidad va llegará el tren asta izabal puerto Barrios el Atlántico y pacifico va ser súper lindo proyecto va ver mucho trabajo en el país saludos desde USA 🇺🇸 🎉,3,woow calidad llegar tren asta izabal puerto barrio atlántico pacífico super lindo proyecto trabajo saludo,188,15,True,POS,0.924665629863739,0.005019481759518385,0.07031488418579102,0.9196461481042206,0.924665629863739,1–2
WIUZtitfLRw,UgzfXuFsM8L3Qt6qWJV4AaABAg,Caminar en una ciudad hecha para carros,Quorum,UCE4rsXcgDb6e1-a9iTbWzfg,@ZabalaXabier,UCyW68EGZey4ao_Vf2cR5Ztg,"Y los popos por las calles, humanos y de perros principalmente, nadie los limpia, un problema de seguridad vial y de salud pública. Hay que hacer algo más por los peatones.",@quorumgt/videos,channel,quorum_complete_comments.csv | youtube_guatemala_plus_comments.csv,@ZabalaXabier,hace 1 año, ,0,False,,,True,0,"Y los popos por las calles, humanos y de perros principalmente, nadie los limpia, un problema de seguridad vial y de salud pública. Hay que hacer algo más por los peatones.",0,popo calle humano perro principalmente limpia problema seguridad vial salud público peatón,172,12,True,NEG,0.006591015495359898,0.956184446811676,0.03722449392080307,-0.9495934313163161,0.956184446811676,0
OkXlHx0hx-8,Ugzfc9D5wlSKYgY5Jrh4AaABAg,EE.UU. envía a mexicanos deportados a Guatemala antes de su regreso a México | Noticias Telemundo,Noticias Telemundo,UCRwA1NUcUnwsly35ikGhp0A,@MariaNavarroYT,UCZjm6U576nX8WOiLhmMR3bw,Cuantas maldad😢😢😢,guatemala noticias,topic,youtube_guatemala_comments.csv | youtube_guatemala_plus_comments.csv,@MariaNavarroYT,hace 1 día,3,1,False,,3,False,3,Cuantas maldad😢😢😢,3,maldad,17,1,True,NEG,0.017343079671263695,0.7651812434196472,0.21747557818889618,-0.7478381637483835,0.7651812434196472,3–10
OkXlHx0hx-8,Ugzfc9D5wlSKYgY5Jrh4AaABAg.Aa9bbFyRF_AAaB_C3DtL_L,EE.UU. envía a mexicanos deportados a Guatemala antes de su regreso a México | Noticias Telemundo,Noticias Telemundo,UCRwA1NUcUnwsly35ikGhp0A,@eugeneramirez4405,UCi2KiZq63sRq8Mfbcp-MelQ,Mexico deports people all the time! So. Why is this different??,guatemala noticias,topic,youtube_guatemala_comments.csv | youtube_guatemala_plus_comments.csv,@eugeneramirez4405,hace 20 horas,1,0,False,,1,False,1,Mexico deports people all the time! So. Why is this different??,0,méxico deports peoplir all time why this different,63,8,True,NEG,0.019530219957232475,0.8806573152542114,0.09981248527765274,-0.861127095296979,0.8806573152542114,1–2
j43HgwYFKfk,Ugzhc5zg6rDOR3ltTAZ4AaABAg,La cooptación de Walter Mazariegos en la USAC,Quorum,UCE4rsXcgDb6e1-a9iTbWzfg,@javiercifuentesarchila6041,UC_LYoGs5C3mbZKZuKuqYCvw,Gracias por explicarlo!,@quorumgt,topic,j43HgwYFKfk_out_comments.csv | quorum_complete_comments.csv | youtube_guatemala_plus_comments.csv,@javiercifuentesarchila6041,hace 1 año,7,0,False,,7,False,7,Gracias por explicarlo!,0,gracias explicar,23,2,True,POS,0.7234100699424744,0.030125821009278297,0.24646417796611786,0.6932842489331961,0.7234100699424744,3–10
6W4u8sGEnGM,UgzhjFXjeUslGQMZ7KB4AaABAg,Inician los trabajos de recuperación del Puente Belice II.,Gobierno de la República de Guatemala,UC-ZtFBHzgkYFh7whZkuR_Ag,@BernerSoza-mg3vx,UCRfkkatKrNtAARnXMMYBGlA,Que se termine la corrupcion para construier obras como estas  correjir el pais mano dura,Gobierno de la República de Guatemala,topic,youtube_guatemala_plus_comments.csv | youtube_lab_targets_small_comments.csv,@BernerSoza-mg3vx,hace 5 días, ,0,False,,,True,0,Que se termine la corrupcion para construier obras como estas  correjir el pais mano dura,0,terminar corrupción construier obra correjir mano duro,89,7,True,NEG,0.03218323737382889,0.7939884066581726,0.1738283485174179,-0.7618051692843437,0.7939884066581726,0
n8iP75gIpmw,UgzhtSisQXcyX7bqkzB4AaABAg,Qué rico come tu diputado,Quorum,UCE4rsXcgDb6e1-a9iTbWzfg,@oswaldosolis8728,UCA93ym2TXs_Ibyxb4Vcn-6Q,"Tiene razón el diputado, le dan importancia a babosaditas",@quorumgt/videos,channel,quorum_complete_comments.csv | youtube_guatemala_plus_comments.csv,@oswaldosolis8728,hace 2 años, ,0,False,,,True,0,"Tiene razón el diputado, le dan importancia a babosaditas",0,razón diputado importancia babosadita,57,4,True,NEG,0.012086664326488972,0.9514304399490356,0.03648288920521736,-0.9393437756225467,0.9514304399490356,0
n8iP75gIpmw,Ugzi82q6lRyjtKUL5lV4AaABAg,Qué rico come tu diputado,Quorum,UCE4rsXcgDb6e1-a9iTbWzfg,@Aura-vf6dm,UCAmtbUiIrUIhikru0ZoTFig,SON CÍNICOS,@quorumgt/videos,channel,quorum_complete_comments.csv | youtube_guatemala_plus_comments.csv,@Aura-vf6dm,hace 2 años,7,0,False,,7,False,7,SON CÍNICOS,0,cínico,11,1,True,NEG,0.023838471621274948,0.8982049226760864,0.07795661687850952,-0.8743664510548115,0.8982049226760864,3–10
n8iP75gIpmw,Ugzin8yr1Zz1k47GsSp4AaABAg,Qué rico come tu diputado,Quorum,UCE4rsXcgDb6e1-a9iTbWzfg,@domingopeneleu6457,UCr1emrogPKkKTs_WTtx71xg,Ay ricos shucos en la calle jajaja,@quorumgt/videos,channel,quorum_complete_comments.csv | youtube_guatemala_plus_comments.csv,@domingopeneleu6457,hace 2 años, ,0,False,,,True,0,Ay ricos shucos en la calle jajaja,0,rico shuco calle,34,3,True,NEG,0.14453744888305664,0.4353410601615906,0.4201214015483856,-0.29080361127853394,0.4353410601615906,0
lj983NWyAQY,UgzjFGboqNxQ7BcH0bZ4AaABAg,Plan 2032 Ciudad de Guatemala,Municipalidad de Guatemala,UCXa6LVjBzUtmcM3cwbd9e2w,@jimmygomez724,UCRznz9-N3Qc1w-qNdLSIY2Q,Hermosa cuidad de guatemala saludos desde el salvador,Municipalidad de Guatemala,topic,lj983NWyAQY_out_comments.csv | youtube_guatemala_plus_comments.csv,@jimmygomez724,hace 6 años,14,0,False,,14,False,14,Hermosa cuidad de guatemala saludos desde el salvador,0,hermoso cuidad guatemala saludo salvador,53,5,True,POS,0.9222912788391113,0.00686381570994854,0.07084491848945618,0.9154274631291628,0.9222912788391113,11–50
lj983NWyAQY,UgzjqVqTKYeOrM1kW0F4AaABAg,Plan 2032 Ciudad de Guatemala,Municipalidad de Guatemala,UCXa6LVjBzUtmcM3cwbd9e2w,@maynorcalel1442,UCY7Hq7F9Lnucf-Yr6JkHZNw,Primero Dios,Municipalidad de Guatemala,topic,lj983NWyAQY_out_comments.csv | youtube_guatemala_plus_comments.csv,@maynorcalel1442,hace 7 años,79,0,False,,79,False,79,Primero Dios,0,,12,0,False,NEU,0.22863319516181946,0.2007526457309723,0.5706140995025635,0.027880549430847168,0.5706140995025635,>50
OkXlHx0hx-8,Ugzk5XnOVKoVj8FiOCB4AaABAg,EE.UU. envía a mexicanos deportados a Guatemala antes de su regreso a México | Noticias Telemundo,Noticias Telemundo,UCRwA1NUcUnwsly35ikGhp0A,@mariaalexander427,UC-QOpE7GOxlXcHZ8b7HbQKA,Y??? Entraron ilegalmente a un pais AJENO!! No tenemos obligacion de dejarlos en las puertas de sus ranchos! Problema de otro gobierno!🇺🇸💪🗽⚖️✈️✈️✈️,guatemala noticias,topic,youtube_guatemala_comments.csv | youtube_guatemala_plus_comments.csv,@mariaalexander427,hace 1 día, ,0,False,,,True,0,Y??? Entraron ilegalmente a un pais AJENO!! No tenemos obligacion de dejarlos en las puertas de sus ranchos! Problema de otro gobierno!🇺🇸💪🗽⚖️✈️✈️✈️,12,entrar ilegalmente ajeno obligacion dejar puerta rancho problema gobierno,147,9,True,NEG,0.019182905554771423,0.6866455078125,0.2941715717315674,-0.6674626022577286,0.6866455078125,0
n8iP75gIpmw,UgzlqevYeQWpdUl_KON4AaABAg,Qué rico come tu diputado,Quorum,UCE4rsXcgDb6e1-a9iTbWzfg,@josehidalgo4875,UCjSKM9j0Q7HLDr1hD6D-TUw,Solo lo que sale a luz se da cuenta el pueblo de lo que hasen estos malvados y lo que hasen a escondidas quien les dise algo estos bien bien comidos y el pueblo que en eso yo mismo se los e dicho que el que sale beneficiado en todo es el político ustedes creen que se preocupan x el pueblo yo siempre les e dicho que solo las sobras le dejan al pueblo x que esta clase de gente solo tiene que ver primero sus intereses y lo demás les vale madre,@quorumgt/videos,channel,quorum_complete_comments.csv | youtube_guatemala_plus_comments.csv,@josehidalgo4875,hace 2 años,2,0,False,,2,False,2,Solo lo que sale a luz se da cuenta el pueblo de lo que hasen estos malvados y lo que hasen a escondidas quien les dise algo estos bien bien comidos y el pueblo que en eso yo mismo se los e dicho que el que sale beneficiado en todo es el político ustedes creen que se preocupan x el pueblo yo siempre les e dicho que solo las sobras le dejan al pueblo x que esta clase de gente solo tiene que ver primero sus intereses y lo demás les vale madre,0,salir luz pueblo har malvado har escondidas disar comido pueblo salir beneficiado político creer preocupar pueblo sobra dejar pueblo clase gente interés valer madre,444,24,True,NEG,0.00621021306142211,0.9535322189331055,0.040257565677165985,-0.9473220058716834,0.9535322189331055,1–2
06mFNPU0aB8,Ugzm7wFhhdctNQt_ubl4AaABAg,Capturan a presuntos delincuentes disfrazados de mujer señalados de cometer asalto,Noti7,UCVpSRoZgngfSL03Nlbjtq9A,@JessicaHuaz-96,UCwCfs-2zbD5k0lG-UVg_JBw,Al fin hicieron algo bueno los polis👏👏👏👏👏,guatemala noticias,topic,youtube_guatemala_comments.csv | youtube_guatemala_plus_comments.csv,@JessicaHuaz-96,hace 2 semanas, ,0,False,,,True,0,Al fin hicieron algo bueno los polis👏👏👏👏👏,5,poli,41,1,True,POS,0.5517480373382568,0.06848816573619843,0.37976381182670593,0.4832598716020584,0.5517480373382568,0
n8iP75gIpmw,UgzmBKXDgncBFsDjRwd4AaABAg,Qué rico come tu diputado,Quorum,UCE4rsXcgDb6e1-a9iTbWzfg,@osmanmorales3012,UC72gBAtyb_VXQlYDcFrh6oQ,Siempre tienen excusa,@quorumgt/videos,channel,quorum_complete_comments.csv | youtube_guatemala_plus_comments.csv,@osmanmorales3012,hace 2 años,1,0,False,,1,False,1,Siempre tienen excusa,0,excusa,21,1,True,NEG,0.03877688944339752,0.6671795845031738,0.294043630361557,-0.6284026950597763,0.6671795845031738,1–2
PjmxCj-a9Hg,UgzmBVMoFVO53-_ZZ-54AaABAg,Conferencia de Prensa del Gobierno de Guatemala. #LaRondaGt,Gobierno de la República de Guatemala,UC-ZtFBHzgkYFh7whZkuR_Ag,@NormaLópez-v7e,UC8xlJWNHz1V_W6q3fbuQH8g,Excelente señor ministro.,@GobiernodeGuatemala,topic,PjmxCj-a9Hg_out_comments.csv | youtube_guatemala_plus_comments.csv,@NormaLópez-v7e,hace 1 año,1,0,False,,1,False,1,Excelente señor ministro.,0,excelente señor ministro,25,3,True,POS,0.8876420855522156,0.02398264966905117,0.0883752778172493,0.8636594358831644,0.8876420855522156,1–2
6W4u8sGEnGM,UgzpHaLJJjoD9FnKO6p4AaABAg,Inician los trabajos de recuperación del Puente Belice II.,Gobierno de la República de Guatemala,UC-ZtFBHzgkYFh7whZkuR_Ag,@Murmullodelbarrio,UCyJhqmMbsvjpoarBBStA2kg,Viva nuestra Guatemala bendita y viva nuestro presidente Bernardo Arévalo,Gobierno de la República de Guatemala,topic,youtube_guatemala_plus_comments.csv | youtube_lab_targets_small_comments.csv,@Murmullodelbarrio,hace 6 días,5,0,False,,5,False,5,Viva nuestra Guatemala bendita y viva nuestro presidente Bernardo Arévalo,0,vivir guatemala bendito vivir presidente bernardo arévalo,73,7,True,POS,0.8913829326629639,0.01274965237826109,0.09586735814809799,0.8786332802847028,0.8913829326629639,3–10
PjmxCj-a9Hg,UgzpdnDQDBV6UZ96GZh4AaABAg,Conferencia de Prensa del Gobierno de Guatemala. #LaRondaGt,Gobierno de la República de Guatemala,UC-ZtFBHzgkYFh7whZkuR_Ag,@srms70,UCgQJgI9vu1FI2dnC9mrFthw,NO QUEREMOS EL TREN MAYA EN GUATEMALA,@GobiernodeGuatemala,topic,PjmxCj-a9Hg_out_comments.csv | youtube_guatemala_plus_comments.csv,@srms70,hace 1 año,2,0,False,,2,False,2,NO QUEREMOS EL TREN MAYA EN GUATEMALA,0,tren maya guatemala,37,3,True,NEG,0.021464545279741287,0.9006651639938354,0.07787034660577774,-0.8792006187140942,0.9006651639938354,1–2
n8iP75gIpmw,UgzpzyaFY6F6IdFxzk14AaABAg,Qué rico come tu diputado,Quorum,UCE4rsXcgDb6e1-a9iTbWzfg,@kanterra4584,UCLFdHr9BEbXHkoJopbEPLZw,Por lo general es así cuando los sujetos provienen de bajos estratos de la sociedad y son tirados con honda.,@quorumgt/videos,channel,quorum_complete_comments.csv | youtube_guatemala_plus_comments.csv,@kanterra4584,hace 2 años,11,0,False,,11,False,11,Por lo general es así cuando los sujetos provienen de bajos estratos de la sociedad y son tirados con honda.,0,general sujeto provenir estrato sociedad tirar honda,108,7,True,NEG,0.013453295454382896,0.6496437788009644,0.3369028866291046,-0.6361904833465815,0.6496437788009644,11–50
n8iP75gIpmw,UgzrrbkpudLqNqr7s6R4AaABAg,Qué rico come tu diputado,Quorum,UCE4rsXcgDb6e1-a9iTbWzfg,@Joseroland21,UCRETAiYdh2dL5ZxB0_N1zDA,"A todos no a unos si 😂
Mejor no hubiera se hubiera entrevistado. 😂

Un calcetín el
Señor. Abre la boca y meta la pata",@quorumgt/videos,channel,quorum_complete_comments.csv | youtube_guatemala_plus_comments.csv,@Joseroland21,hace 2 años, ,0,False,,,True,0,"A todos no a unos si 😂
Mejor no hubiera se hubiera entrevistado. 😂

Un calcetín el
Señor. Abre la boca y meta la pata",2,entrevistar calcetín señor abrir boca meta pata,117,7,True,NEG,0.012100493535399437,0.7819762229919434,0.20592328906059265,-0.7698757294565439,0.7819762229919434,0
lj983NWyAQY,Ugzs8eXa8mdQ8wlS4FZ4AaABAg,Plan 2032 Ciudad de Guatemala,Municipalidad de Guatemala,UCXa6LVjBzUtmcM3cwbd9e2w,@bryansicasales4280,UCi-vPdnpQreC7BkFs40mJGA,"Es un proyecto extraordinario , vamos adelante mi guate hermosa!",Municipalidad de Guatemala,topic,lj983NWyAQY_out_comments.csv | youtube_guatemala_plus_comments.csv,@bryansicasales4280,hace 7 años,35,0,False,,35,False,35,"Es un proyecto extraordinario , vamos adelante mi guate hermosa!",0,proyecto extraordinario guate hermoso,64,4,True,POS,0.9780178666114807,0.0024124211631715298,0.01956968940794468,0.9756054454483092,0.9780178666114807,11–50
PjmxCj-a9Hg,UgztKpwRx20oET8wGLJ4AaABAg,Conferencia de Prensa del Gobierno de Guatemala. #LaRondaGt,Gobierno de la República de Guatemala,UC-ZtFBHzgkYFh7whZkuR_Ag,@virgiliogarcia3039,UCHTGCgY2l-DQJIvlA_cpa_Q,Con mucho Respeto  sen̈or presidente lo saludo y que Dios los vendiga lo unico que le pido que mencione y hagan algo por la seguridad del pais ya que siguen matando personas trabajadores y honrradas hagan algo con esos delincuentes .,@GobiernodeGuatemala,topic,PjmxCj-a9Hg_out_comments.csv | youtube_guatemala_plus_comments.csv,@virgiliogarcia3039,hace 1 año,1,0,False,,1,False,1,Con mucho Respeto  sen̈or presidente lo saludo y que Dios los vendiga lo unico que le pido que mencione y hagan algo por la seguridad del pais ya que siguen matando personas trabajadores y honrradas hagan algo con esos delincuentes .,0,respeto sen presidente saludo dios vendigar único pedir mencionir seguridad seguir matar persona trabajador honrrada delincuente,233,16,True,NEG,0.05087846890091896,0.7728756666183472,0.176245778799057,-0.7219971977174282,0.7728756666183472,1–2
PjmxCj-a9Hg,UgzuugQO6qMSbkVsdGp4AaABAg,Conferencia de Prensa del Gobierno de Guatemala. #LaRondaGt,Gobierno de la República de Guatemala,UC-ZtFBHzgkYFh7whZkuR_Ag,@aureliomaldonado4793,UCtNyHmRZtvGF2hSvI2dUBWw,Pregúntenle si se acuerda de la marca del vino que se toma todos los días,@GobiernodeGuatemala,topic,PjmxCj-a9Hg_out_comments.csv | youtube_guatemala_plus_comments.csv,@aureliomaldonado4793,hace 1 año,1,0,False,,1,False,1,Pregúntenle si se acuerda de la marca del vino que se toma todos los días,0,pregúntenle acordar marca vino tomar,73,5,True,NEU,0.059330377727746964,0.05542625114321709,0.88524329662323,0.0039041265845298767,0.88524329662323,1–2
n8iP75gIpmw,UgzvKLXKEkVzjn_XRHp4AaABAg,Qué rico come tu diputado,Quorum,UCE4rsXcgDb6e1-a9iTbWzfg,@alvaroesquivel563,UCsjs5Hp_r86x1xbK6FAeqaA,Eso es exactamente lo que significa la verdadera politica: dividirse la riqueza del país entre unos cuantos. Sólo se puede guardar por todos estos delincuentes políticos un sentimiento de vivisima repugnancia.-,@quorumgt/videos,channel,quorum_complete_comments.csv | youtube_guatemala_plus_comments.csv,@alvaroesquivel563,hace 2 años,2,0,False,,2,False,2,Eso es exactamente lo que significa la verdadera politica: dividirse la riqueza del país entre unos cuantos. Sólo se puede guardar por todos estos delincuentes políticos un sentimiento de vivisima repugnancia.-,0,exactamente significar político dividir riqueza guardar delincuente político sentimiento vivisimo repugnancia,210,11,True,NEG,0.004538923967629671,0.9698033332824707,0.025657692924141884,-0.965264409314841,0.9698033332824707,1–2
lj983NWyAQY,UgzwvEpQc3M_AWvNDad4AaABAg,Plan 2032 Ciudad de Guatemala,Municipalidad de Guatemala,UCXa6LVjBzUtmcM3cwbd9e2w,@WalksandSuch,UCRcSR3Lvn9DZAmJpVPANfZQ,muy padre. saludos desde mexico.,Municipalidad de Guatemala,topic,lj983NWyAQY_out_comments.csv | youtube_guatemala_plus_comments.csv,@WalksandSuch,hace 7 años,68,0,False,,68,False,68,muy padre. saludos desde mexico.,0,padre saludo méxico,32,3,True,POS,0.969292163848877,0.005133624188601971,0.02557418681681156,0.964158539660275,0.969292163848877,>50
n8iP75gIpmw,Ugzx7TTfRu5S-pT0LuZ4AaABAg,Qué rico come tu diputado,Quorum,UCE4rsXcgDb6e1-a9iTbWzfg,@eusebiovasquez4385,UCz3gu01bmjNv0DpRq-K3XYg,Pero que estará aportando éste delincuente,@quorumgt/videos,channel,quorum_complete_comments.csv | youtube_guatemala_plus_comments.csv,@eusebiovasquez4385,hace 2 años,1,0,False,,1,False,1,Pero que estará aportando éste delincuente,0,aportar delincuente,42,2,True,NEG,0.029267948120832443,0.6484336853027344,0.32229843735694885,-0.6191657371819019,0.6484336853027344,1–2
PjmxCj-a9Hg,UgzxhrnRAMNePfy6u7J4AaABAg,Conferencia de Prensa del Gobierno de Guatemala. #LaRondaGt,Gobierno de la República de Guatemala,UC-ZtFBHzgkYFh7whZkuR_Ag,@ronaldgarcia8522,UCGX_UbAQOXGZknv5iqklwTA,Este hombre esta loco,@GobiernodeGuatemala,topic,PjmxCj-a9Hg_out_comments.csv | youtube_guatemala_plus_comments.csv,@ronaldgarcia8522,hace 1 año,1,0,False,,1,False,1,Este hombre esta loco,0,hombre loco,21,2,True,NEU,0.31619498133659363,0.32899612188339233,0.35480889678001404,-0.012801140546798706,0.35480889678001404,1–2
n8iP75gIpmw,UgzzpE27HS1dmWfyATJ4AaABAg,Qué rico come tu diputado,Quorum,UCE4rsXcgDb6e1-a9iTbWzfg,@normaleticiaorozcojuarez2418,UC-hfX8J5JPJ-dfuakzegMLA,"Si son asesores los que participan en las mesas de trabajo, ellos también tienen buenos sueldos y pueden costear sus gastos personales, jamás con el sueldo de  los Diputados y menos con recursos del pueblo, hay que ser  verdaderamente CABAL. Con respecto a el trabajo que realizan , cualquier proyecto que sea  y en sus diferentes etapas, considero que lo hace porque le gusta  y se siente realizado, se le recuerda que no es gratis, reciben un sueldo y que los compromisos laborales no se resuelven en un restaurante,  para eso están oficinas, las reuniones  en estos lugares es más convivencia que trabajo.  Que Dios les ilumine.",@quorumgt/videos,channel,quorum_complete_comments.csv | youtube_guatemala_plus_comments.csv,@normaleticiaorozcojuarez2418,hace 2 años (editado),6,0,False,,6,False,6,"Si son asesores los que participan en las mesas de trabajo, ellos también tienen buenos sueldos y pueden costear sus gastos personales, jamás con el sueldo de  los Diputados y menos con recursos del pueblo, hay que ser  verdaderamente CABAL. Con respecto a el trabajo que realizan , cualquier proyecto que sea  y en sus diferentes etapas, considero que lo hace porque le gusta  y se siente realizado, se le recuerda que no es gratis, reciben un sueldo y que los compromisos laborales no se resuelven en un restaurante,  para eso están oficinas, las reuniones  en estos lugares es más convivencia que trabajo.  Que Dios les ilumine.",0,asesor participar mesa trabajo sueldo costear gasto personal jamás sueldo diputado recurso pueblo verdaderamente cabal trabajo proyecto etapa gustar sentir recordar gratis recibir sueldo compromiso laboral resolver restaurante oficina reunión lugar convivencia trabajar iluminir,631,34,True,POS,0.6234177947044373,0.04954569786787033,0.32703641057014465,0.5738720968365669,0.6234177947044373,3–10
